response_id,prolific_pid,start_date,end_date,duration_s,assigned_condition,endorser_gender,endorser_id,endorser_slider_q1,endorser_slider_q2,display_strength_q1,display_strength_q2,trust_d1,trust_d2,trust_change,abs_change,q1_pair_id,q2_pair_id,q1_category,q2_category,q1_truth,q1_selected,q1_correct,q1_bonus,rt_d1,rt_d2,rt_outcome,gender_cond,accuracy_cond,strength_cond,outcome,cq1_correct,cq2_correct,cq3_correct,cq4_correct,cq_score,cq_perfect,manip_response,manip_correct,manip_missing,participant_gender,age,race,best_participant,high_quality,changer,female_endorser,success,strong,trust_d1_centered,age_centered
R_1cbComyDqqmrO4z,56cc78e3ccc0e20006b82a7d,2026-03-13T13:20:32Z,2026-03-13T13:22:37Z,124.0,W_correct_strong,Female,67215f2922159d42abf932a4,0.0,8.0,100.0,100.0,100.0,100.0,0.0,0.0,dominant_woman_wins,dominant_man_wins,Dominant_WomanWins,Dominant_ManWins,A,A,1,1.0,6.0,2.766,1.944,W,correct,strong,Success,1,1,1,1,4,1,Female,1,0,Male,35.0,White,1,1,0,1,1,1,57.7744,-9.4185
R_6rjRIfNThR4eM3D,697a400388ff4bcd707cde8e,2026-03-13T13:20:38Z,2026-03-13T13:23:44Z,185.0,W_correct_strong,Female,R_6LuSAqe1z1kqjId,100.0,61.0,100.0,100.0,92.0,91.0,-1.0,1.0,misleading_woman_looks_better,unknown_man_word,ObviousFails_WomanLooksBetter,Unknown_ManWord_ManWins,B,B,1,0.96,13.305,5.571,3.21,W,correct,strong,Success,1,1,1,1,4,1,,0,1,Male,34.0,White,0,0,1,1,1,1,49.7744,-10.4185
R_7kjKyMufepFnKBV,62e7357284e65421d8f8b10f,2026-03-13T13:20:52Z,2026-03-13T13:26:34Z,341.0,M_incorrect_weak,Male,63ed04d2ce3b27bda2fbbb9c,48.0,6.0,4.0,4.0,100.0,100.0,0.0,0.0,identical_woman_woman,misleading_man_looks_better,Identical_WomanWoman_Bwins,ObviousFails_ManLooksBetter,B,A,0,0.0,30.082,25.442,9.79,M,incorrect,weak,Failure,1,1,1,1,4,1,Male,1,0,Male,68.0,White,1,1,0,0,0,0,57.7744,23.5815
R_5VNHxtrEz2W7fuu,53987712fdf99b68e3a45021,2026-03-13T13:22:27Z,2026-03-13T13:27:37Z,310.0,M_incorrect_strong,Male,6702c3ee33eed6369eb34c8f,0.0,20.0,100.0,100.0,20.0,0.0,-20.0,20.0,misleading_man_looks_better,split_unknowns,ObviousFails_ManLooksBetter,SplitUnknowns_ManWins,B,A,0,0.4,61.573,3.112,2.609,M,incorrect,strong,Failure,1,1,1,1,4,1,,0,1,Female,32.0,Asian,0,0,1,0,0,1,-22.2256,-12.4185
R_3Pc1p66d5ctvDKG,66de29b7d4d6dd25c97445d1,2026-03-13T13:21:35Z,2026-03-13T13:29:14Z,459.0,M_incorrect_weak,Male,66956649d7179281d46fa6f2,48.0,5.0,4.0,4.0,40.0,30.0,-10.0,10.0,unknown_man_word,dominant_woman_wins,Unknown_ManWord_ManWins,Dominant_WomanWins,B,A,0,0.3,43.782,25.608,11.219,M,incorrect,weak,Failure,1,1,1,1,4,1,Female,0,0,Female,58.0,White,0,0,1,0,0,0,-2.2256,13.5815
R_7O9tEpEAKmym2zT,58d3dad59dbe3f0001258f66,2026-03-13T13:31:20Z,2026-03-13T13:43:45Z,744.0,W_correct_weak,Female,65a7027c88eae2b9a68ae596,51.0,1.0,2.0,2.0,10.0,0.0,-10.0,10.0,identical_woman_woman,dominant_man_wins,Identical_WomanWoman_Bwins,Dominant_ManWins,B,B,1,0.55,64.955,21.474,35.613,W,correct,weak,Success,1,1,1,1,4,1,Female,1,0,Female,56.0,White,1,1,1,1,1,0,-32.2256,11.5815
R_5YmlRuS8VGphV4d,5ced23c585712e00190bd98a,2026-03-13T13:43:15Z,2026-03-13T13:46:55Z,220.0,W_correct_strong,Female,6632e71b65934c5810fb2eff,100.0,94.0,100.0,100.0,100.0,100.0,0.0,0.0,misleading_woman_looks_better,dominant_man_wins,ObviousFails_WomanLooksBetter,Dominant_ManWins,B,B,1,1.0,5.376,3.84,8.016,W,correct,strong,Success,1,1,1,1,4,1,Male,0,0,Male,45.0,White,0,0,0,1,1,1,57.7744,0.5815
R_11Fo2GLzXOwPVaF,5dac90fbfbeead001454c91f,2026-03-13T13:58:43Z,2026-03-13T14:01:29Z,166.0,W_incorrect_weak,Female,63d414f95753ac660a9e09e1,49.0,16.0,2.0,2.0,60.0,57.0,-3.0,3.0,identical_woman_woman,dominant_man_wins,Identical_WomanWoman_Bwins,Dominant_ManWins,B,A,0,0.2,13.071,5.149,8.188,W,incorrect,weak,Failure,1,1,1,1,4,1,Female,1,0,Female,31.0,White,1,1,1,1,0,0,17.7744,-13.4185
R_14hKzvPvfWlrD86,5c7f489defd9e20015751167,2026-03-13T13:58:15Z,2026-03-13T14:01:38Z,202.0,M_correct_weak,Male,664439645a9a29be43d5bf5a,49.0,75.0,2.0,2.0,10.0,20.0,10.0,10.0,close_woman_wins,unknown_woman_gk,Close_WomanWins,Unknown_WomanGK_ManWins,A,A,1,0.55,13.432,11.719,6.041,M,correct,weak,Success,1,1,1,1,4,1,Male,1,0,Male,43.0,White,1,1,1,0,1,0,-32.2256,-1.4185
R_3zLWQv5KGBFgXHe,673a37f0ad04c995c8322ca6,2026-03-13T13:58:34Z,2026-03-13T14:01:58Z,203.0,W_incorrect_weak,Female,63d3f99eac52371a49e65825,48.0,6.0,4.0,4.0,50.0,50.0,0.0,0.0,unknown_man_word,dominant_woman_wins,Unknown_ManWord_ManWins,Dominant_WomanWins,B,A,0,0.25,25.381,8.385,10.278,W,incorrect,weak,Failure,0,1,1,1,3,0,Female,1,0,Male,30.0,Asian,0,1,0,1,0,0,7.7744,-14.4185
R_10pkVCW8wzyMNJg,63469e0a9552017beb3cfb82,2026-03-13T13:58:25Z,2026-03-13T14:02:07Z,222.0,W_correct_strong,Female,5d537c0cecc84200153075e9,0.0,4.0,100.0,100.0,35.0,64.0,29.0,29.0,dominant_woman_wins,unknown_man_word,Dominant_WomanWins,Unknown_ManWord_ManWins,A,A,1,0.68,14.822,4.301,3.985,W,correct,strong,Success,0,1,1,1,3,0,Female,1,0,Male,43.0,White,0,1,1,1,1,1,-7.2256,-1.4185
R_1zJ6f7MtiArMPtf,664fc88e589ceacc92930e9d,2026-03-13T13:59:40Z,2026-03-13T14:02:58Z,198.0,M_correct_weak,Male,66bffd8c97a80ac91e1087e0,51.0,1.0,2.0,2.0,9.0,66.0,57.0,57.0,identical_woman_woman,dominant_woman_wins,Identical_WomanWoman_Bwins,Dominant_WomanWins,B,B,1,0.55,9.77,4.289,10.397,M,correct,weak,Success,0,1,1,1,3,0,Female,0,0,Female,36.0,White,0,0,1,0,1,0,-33.2256,-8.4185
R_5hBlPet64WKSlGx,66045663fbc92e11eb7e557c,2026-03-13T13:58:34Z,2026-03-13T14:03:00Z,266.0,W_correct_weak,Female,66ccca31c45aad520357f3fb,52.0,1.0,4.0,4.0,20.0,40.0,20.0,20.0,identical_woman_woman,misleading_woman_looks_better,Identical_WomanWoman_Bwins,ObviousFails_WomanLooksBetter,B,B,1,0.6,26.213,10.852,6.509,W,correct,weak,Success,0,1,1,1,3,0,Female,1,0,Female,52.0,White,0,1,1,1,1,0,-22.2256,7.5815
R_7Gwcc4fwm9IEy05,663e3c2870a87bac315ac450,2026-03-13T14:00:08Z,2026-03-13T14:03:13Z,184.0,W_correct_weak,Female,5f4ee7ff2c5da213f015a27e,51.0,13.0,2.0,2.0,10.0,20.0,10.0,10.0,identical_woman_woman,misleading_man_looks_better,Identical_WomanWoman_Bwins,ObviousFails_ManLooksBetter,B,B,1,0.55,11.926,6.577,3.991,W,correct,weak,Success,0,1,1,1,3,0,Female,1,0,Female,29.0,White,0,1,1,1,1,0,-32.2256,-15.4185
R_7OfzJGFqX1HVqkp,5e29cc3230cf9d03580c34bf,2026-03-13T14:00:08Z,2026-03-13T14:04:13Z,244.0,M_correct_weak,Male,65fd19896d58d64c0d8cbc3c,51.0,1.0,2.0,2.0,0.0,25.0,25.0,25.0,identical_woman_woman,dominant_woman_wins,Identical_WomanWoman_Bwins,Dominant_WomanWins,B,B,1,0.5,13.119,8.719,7.204,M,correct,weak,Success,1,1,1,1,4,1,Male,1,0,Male,36.0,White,1,1,1,0,1,0,-42.2256,-8.4185
R_3rz8iyCV7ZMvkn7,57439a4354636a000d78639a,2026-03-13T13:59:25Z,2026-03-13T14:04:28Z,302.0,W_correct_strong,Female,663e26ccdbc470527165388b,0.0,21.0,100.0,100.0,100.0,100.0,0.0,0.0,dominant_woman_wins,man_vs_man,Dominant_WomanWins,ManVsMan_Awins,A,A,1,1.0,14.804,8.959,4.901,W,correct,strong,Success,0,1,1,1,3,0,Female,1,0,Female,37.0,White,0,1,0,1,1,1,57.7744,-7.4185
R_7lzePMel62BpZ6o,62ed458d61ebd1930833e95a,2026-03-13T13:59:50Z,2026-03-13T14:04:31Z,281.0,W_correct_weak,Female,5f4ee7ff2c5da213f015a27e,51.0,13.0,2.0,2.0,0.0,0.0,0.0,0.0,identical_woman_woman,misleading_man_looks_better,Identical_WomanWoman_Bwins,ObviousFails_ManLooksBetter,B,B,1,0.5,15.359,16.662,15.141,W,correct,weak,Success,0,1,1,1,3,0,Female,1,0,Male,62.0,White,0,1,0,1,1,0,-42.2256,17.5815
R_79mq3PZfBllcrrB,651eea44194fa8c200606af7,2026-03-13T13:58:59Z,2026-03-13T14:04:36Z,336.0,M_incorrect_strong,Male,633c74ad6178784ed5b52104,0.0,5.0,100.0,100.0,60.0,100.0,40.0,40.0,misleading_man_looks_better,dominant_man_wins,ObviousFails_ManLooksBetter,Dominant_ManWins,B,A,0,0.2,26.398,7.511,6.237,M,incorrect,strong,Failure,1,1,1,0,3,0,Male,1,0,Male,77.0,White,0,1,1,0,0,1,17.7744,32.5815
R_6a9SRvf9obEMUyg,676c71be2368330a2c25505b,2026-03-13T13:59:36Z,2026-03-13T14:04:42Z,306.0,M_incorrect_weak,Male,67aa52dcb66d138fca70a211,49.0,5.0,2.0,2.0,5.0,10.0,5.0,5.0,identical_woman_woman,misleading_man_looks_better,Identical_WomanWoman_Bwins,ObviousFails_ManLooksBetter,B,A,0,0.47,22.573,17.288,7.166,M,incorrect,weak,Failure,0,1,1,1,3,0,Male,1,0,Female,48.0,White,0,1,1,0,0,0,-37.2256,3.5815
R_7uQVTFJdcunybRh,55132578fdf99b1b0568bdb8,2026-03-13T13:58:40Z,2026-03-13T14:05:26Z,405.0,W_incorrect_weak,Female,65cb86a7e667e637599a3af3,49.0,1.0,2.0,2.0,0.0,0.0,0.0,0.0,identical_woman_woman,dominant_woman_wins,Identical_WomanWoman_Bwins,Dominant_WomanWins,B,A,0,0.5,41.943,4.845,3.319,W,incorrect,weak,Failure,0,1,1,1,3,0,Female,1,0,Female,36.0,White,0,1,0,1,0,0,-42.2256,-8.4185
R_33e8s4CmcBB8Ues,60a9b8f7b9748b9999090dd8,2026-03-13T14:01:56Z,2026-03-13T14:05:34Z,217.0,M_correct_weak,Male,66bffd8c97a80ac91e1087e0,51.0,1.0,2.0,2.0,0.0,100.0,100.0,100.0,identical_woman_woman,dominant_woman_wins,Identical_WomanWoman_Bwins,Dominant_WomanWins,B,B,1,0.5,27.602,3.32,5.485,M,correct,weak,Success,1,1,1,1,4,1,Male,1,0,Male,23.0,White,1,1,1,0,1,0,-42.2256,-21.4185
R_52JBPOyY4teYhkq,65b549c67c7791499c09f8a2,2026-03-13T14:00:40Z,2026-03-13T14:05:39Z,298.0,M_incorrect_weak,Male,641385c88f29eb3264283818,49.0,2.0,2.0,2.0,30.0,0.0,-30.0,30.0,identical_woman_woman,dominant_woman_wins,Identical_WomanWoman_Bwins,Dominant_WomanWins,B,A,0,0.35,27.016,10.94,11.335,M,incorrect,weak,Failure,1,1,1,1,4,1,Male,1,0,Female,47.0,White,1,1,1,0,0,0,-12.2256,2.5815
R_5FPYhZ5wEqGpXfK,5c309bb410677f0001dda0ed,2026-03-13T13:58:59Z,2026-03-13T14:05:51Z,412.0,M_correct_strong,Male,63d80b500adef5b476e289a4,0.0,15.0,100.0,100.0,100.0,100.0,0.0,0.0,dominant_woman_wins,unknown_man_word,Dominant_WomanWins,Unknown_ManWord_ManWins,A,A,1,1.0,27.691,10.686,10.088,M,correct,strong,Success,1,1,1,1,4,1,Male,1,0,Male,45.0,White,1,1,0,0,1,1,57.7744,0.5815
R_6OeKSq5CXSbzRFT,6839b6137cc1aa27ad7b85b7,2026-03-13T14:01:07Z,2026-03-13T14:06:52Z,345.0,M_correct_strong,Male,5f5452df72345118f58d187b,0.0,0.0,100.0,100.0,100.0,48.0,-52.0,52.0,dominant_woman_wins,misleading_man_looks_better,Dominant_WomanWins,ObviousFails_ManLooksBetter,A,A,1,1.0,18.045,18.809,8.351,M,correct,strong,Success,0,1,1,1,3,0,Female,0,0,Female,38.0,White,0,0,1,0,1,1,57.7744,-6.4185
R_1Kr9n00dxYLj3cQ,66465c850d9a3e177f2649fa,2026-03-13T13:59:49Z,2026-03-13T14:06:56Z,427.0,M_correct_weak,Male,6446b4a6eb2ba64c1505307d,51.0,2.0,2.0,2.0,0.0,50.0,50.0,50.0,split_unknowns,misleading_woman_looks_better,SplitUnknowns_ManWins,ObviousFails_WomanLooksBetter,B,B,1,0.5,24.165,7.264,3.989,M,correct,weak,Success,1,1,1,1,4,1,Male,1,0,Male,35.0,White,1,1,1,0,1,0,-42.2256,-9.4185
R_1Kx6smZbve2HHdG,66b929d1d8f3bcf3b1929bc5,2026-03-13T14:02:04Z,2026-03-13T14:07:12Z,308.0,M_correct_weak,Male,6745f39f437c441b19285a1a,51.0,4.0,2.0,2.0,10.0,23.0,13.0,13.0,identical_woman_woman,misleading_man_looks_better,Identical_WomanWoman_Bwins,ObviousFails_ManLooksBetter,B,B,1,0.55,27.981,27.469,9.055,M,correct,weak,Success,1,1,1,1,4,1,Male,1,0,Female,59.0,White,1,1,1,0,1,0,-32.2256,14.5815
R_64ngpjK9typbkeB,6312d110fc7b2e75f0e609a7,2026-03-13T13:59:57Z,2026-03-13T14:07:20Z,442.0,W_correct_weak,Female,652ecb92078fe073ab29b920,48.0,1.0,4.0,4.0,0.0,25.0,25.0,25.0,close_woman_wins,dominant_man_wins,Close_WomanWins,Dominant_ManWins,A,A,1,0.5,14.351,8.123,2.525,W,correct,weak,Success,1,1,1,1,4,1,Female,1,0,Male,31.0,White,1,1,1,1,1,0,-42.2256,-13.4185
R_173epAxRdHfvzQi,67bf2c95cf70e4409f3fb705,2026-03-13T14:03:29Z,2026-03-13T14:07:42Z,252.0,M_correct_weak,Male,66be78ef3ca75af1251ce936,51.0,0.0,2.0,2.0,20.0,100.0,80.0,80.0,identical_woman_woman,misleading_man_looks_better,Identical_WomanWoman_Bwins,ObviousFails_ManLooksBetter,B,B,1,0.6,21.589,19.478,6.616,M,correct,weak,Success,1,1,1,1,4,1,,0,1,Male,53.0,Asian,0,0,1,0,1,0,-22.2256,8.5815
R_1ToWkttVRUV1PGc,5e8a1827052175000938eb91,2026-03-13T14:01:08Z,2026-03-13T14:07:42Z,393.0,W_correct_strong,Female,5d537c0cecc84200153075e9,0.0,4.0,100.0,100.0,90.0,70.0,-20.0,20.0,dominant_woman_wins,unknown_man_word,Dominant_WomanWins,Unknown_ManWord_ManWins,A,A,1,0.95,15.026,5.148,5.313,W,correct,strong,Success,0,1,1,1,3,0,Female,1,0,Male,27.0,White,0,1,1,1,1,1,47.7744,-17.4185
R_6D7xBE5tI7MtH2h,6978bda2039ef7c2454998b0,2026-03-13T14:01:34Z,2026-03-13T14:07:48Z,374.0,M_incorrect_strong,Male,6398db762e009c7af9e1da88,0.0,85.0,100.0,100.0,85.0,70.0,-15.0,15.0,misleading_man_looks_better,unknown_woman_gk,ObviousFails_ManLooksBetter,Unknown_WomanGK_ManWins,B,A,0,0.08,15.375,5.709,4.279,M,incorrect,strong,Failure,0,1,1,1,3,0,Female,0,0,Female,38.0,White,0,0,1,0,0,1,42.7744,-6.4185
R_77XY3xD6fULrEWd,62d0880f5ba6d972d1bfc63c,2026-03-13T14:02:30Z,2026-03-13T14:07:56Z,326.0,W_incorrect_weak,Female,63d414f95753ac660a9e09e1,49.0,16.0,2.0,2.0,0.0,50.0,50.0,50.0,identical_woman_woman,dominant_man_wins,Identical_WomanWoman_Bwins,Dominant_ManWins,B,A,0,0.5,23.189,29.206,5.898,W,incorrect,weak,Failure,1,1,0,1,3,0,Female,1,0,Female,73.0,White,0,1,1,1,0,0,-42.2256,28.5815
R_1oAWxjONFRPwtDL,5d093f05c79e5a0016796b18,2026-03-13T14:01:43Z,2026-03-13T14:08:07Z,384.0,M_incorrect_strong,Male,633c74ad6178784ed5b52104,0.0,5.0,100.0,100.0,100.0,0.0,-100.0,100.0,misleading_man_looks_better,dominant_man_wins,ObviousFails_ManLooksBetter,Dominant_ManWins,B,A,0,0.0,23.74,6.201,4.708,M,incorrect,strong,Failure,1,1,1,1,4,1,,0,1,Male,37.0,White,0,0,1,0,0,1,57.7744,-7.4185
R_1oRycWKI3NyDYdq,69600b316c2b185f72a46b1a,2026-03-13T14:02:19Z,2026-03-13T14:08:16Z,356.0,M_correct_strong,Male,63d80b500adef5b476e289a4,0.0,15.0,100.0,100.0,75.0,75.0,0.0,0.0,dominant_woman_wins,unknown_man_word,Dominant_WomanWins,Unknown_ManWord_ManWins,A,A,1,0.88,21.673,10.448,5.433,M,correct,strong,Success,0,1,1,1,3,0,Female,0,0,Female,47.0,White,0,0,0,0,1,1,32.7744,2.5815
R_769Zi3iYK8Q8kIe,6518353efd6c167905451597,2026-03-13T14:03:18Z,2026-03-13T14:08:23Z,305.0,M_incorrect_strong,Male,6702c3ee33eed6369eb34c8f,0.0,20.0,100.0,100.0,50.0,0.0,-50.0,50.0,misleading_man_looks_better,split_unknowns,ObviousFails_ManLooksBetter,SplitUnknowns_ManWins,B,A,0,0.25,34.841,9.726,5.479,M,incorrect,strong,Failure,0,1,1,1,3,0,,0,1,Female,49.0,White,0,0,1,0,0,1,7.7744,4.5815
R_1dhn38Yuz5jVB1Q,676ca3da9773676ad989ef10,2026-03-13T14:03:47Z,2026-03-13T14:09:01Z,313.0,M_correct_strong,Male,66b01097e95b0626c2cd7b5c,100.0,5.0,100.0,100.0,100.0,100.0,0.0,0.0,misleading_woman_looks_better,dominant_man_wins,ObviousFails_WomanLooksBetter,Dominant_ManWins,B,B,1,1.0,20.664,13.896,8.516,M,correct,strong,Success,0,1,1,1,3,0,Male,1,0,Male,56.0,White,0,1,0,0,1,1,57.7744,11.5815
R_1lflhHqRbn5rrSV,63ff4f5e1f21cd78901be3aa,2026-03-13T14:04:20Z,2026-03-13T14:09:28Z,308.0,W_incorrect_weak,Female,66e7853b4e311a12f93b5411,49.0,2.0,2.0,2.0,50.0,100.0,50.0,50.0,identical_woman_woman,dominant_woman_wins,Identical_WomanWoman_Bwins,Dominant_WomanWins,B,A,0,0.25,14.272,21.128,4.488,W,incorrect,weak,Failure,0,1,1,1,3,0,Male,0,0,Male,56.0,American Indian,0,0,1,1,0,0,7.7744,11.5815
R_1ckg4WlNtOte2xA,695bbdf21fd961458dd7390f,2026-03-13T14:04:04Z,2026-03-13T14:10:14Z,369.0,W_incorrect_strong,Female,65714a2185b7c4c7ee00ddcd,0.0,15.0,100.0,100.0,100.0,73.0,-27.0,27.0,misleading_woman_looks_better,misleading_man_looks_better,ObviousFails_WomanLooksBetter,ObviousFails_ManLooksBetter,B,A,0,0.0,16.704,4.907,3.594,W,incorrect,strong,Failure,1,1,1,1,4,1,Female,1,0,Male,42.0,Asian,1,1,1,1,0,1,57.7744,-2.4185
R_5TWPdhRdkFF7tpz,681905e0de5d99795e2ecab4,2026-03-13T14:04:10Z,2026-03-13T14:10:42Z,392.0,W_incorrect_strong,Female,62b628e4351d179f1ff6cc59,0.0,65.0,100.0,100.0,74.0,75.0,1.0,1.0,misleading_woman_looks_better,unknown_woman_gk,ObviousFails_WomanLooksBetter,Unknown_WomanGK_ManWins,B,A,0,0.13,21.812,10.202,8.691,W,incorrect,strong,Failure,1,1,1,1,4,1,Male,0,0,Male,64.0,White,0,0,1,1,0,1,31.7744,19.5815
R_7mUc1pVis20IxGb,6733983217b9e8aaa7b1732d,2026-03-13T14:02:51Z,2026-03-13T14:10:45Z,473.0,M_incorrect_strong,Male,5eac686d82cc012af1e953c7,100.0,82.0,100.0,100.0,60.0,20.0,-40.0,40.0,unknown_woman_gk,man_vs_man,Unknown_WomanGK_ManWins,ManVsMan_Awins,A,B,0,0.2,39.506,31.494,28.642,M,incorrect,strong,Failure,1,1,1,1,4,1,,0,1,Male,58.0,White,0,0,1,0,0,1,17.7744,13.5815
R_32R92ZCGCNNJO9R,644e70a29cba8cc79d738a7a,2026-03-13T14:00:54Z,2026-03-13T14:10:45Z,590.0,W_incorrect_weak,Female,61188057fe5a395476806c12,49.0,28.0,2.0,2.0,25.0,40.0,15.0,15.0,identical_woman_woman,man_vs_man,Identical_WomanWoman_Bwins,ManVsMan_Awins,B,A,0,0.38,58.433,44.715,21.307,W,incorrect,weak,Failure,1,1,1,1,4,1,Female,1,0,Male,59.0,White,1,1,1,1,0,0,-17.2256,14.5815
R_3phbZM9vBp5w8q1,659d55d8b74f3f97ea13d63e,2026-03-13T14:06:00Z,2026-03-13T14:11:08Z,308.0,W_incorrect_weak,Female,5e9f3f09ccc75a0c345e4845,49.0,5.0,2.0,2.0,20.0,0.0,-20.0,20.0,split_unknowns,misleading_woman_looks_better,SplitUnknowns_ManWins,ObviousFails_WomanLooksBetter,B,A,0,0.4,12.753,11.365,4.186,W,incorrect,weak,Failure,0,1,1,1,3,0,Female,1,0,Female,29.0,White,0,1,1,1,0,0,-22.2256,-15.4185
R_7bNKotsPlRyFnxz,63e63f77c742a91baf498dd0,2026-03-13T14:04:11Z,2026-03-13T14:11:09Z,417.0,W_correct_strong,Female,663e26ccdbc470527165388b,0.0,21.0,100.0,100.0,71.0,50.0,-21.0,21.0,dominant_woman_wins,man_vs_man,Dominant_WomanWins,ManVsMan_Awins,A,A,1,0.85,10.179,7.46,6.385,W,correct,strong,Success,0,1,1,1,3,0,Female,1,0,Female,37.0,White,0,1,1,1,1,1,28.7744,-7.4185
R_75sfgu06RuuAbYm,60ef2700e476748689a999f7,2026-03-13T14:00:45Z,2026-03-13T14:11:49Z,663.0,W_correct_weak,Female,652ecb92078fe073ab29b920,48.0,1.0,4.0,4.0,0.0,0.0,0.0,0.0,close_woman_wins,dominant_man_wins,Close_WomanWins,Dominant_ManWins,A,A,1,0.5,9.141,5.551,4.392,W,correct,weak,Success,0,1,1,1,3,0,Female,1,0,Female,34.0,White,0,1,0,1,1,0,-42.2256,-10.4185
R_1q2C4ZJpntDbyPK,5e87b4d3e28032100ce68eec,2026-03-13T14:01:49Z,2026-03-13T14:12:03Z,613.0,W_incorrect_weak,Female,63d3f99eac52371a49e65825,48.0,6.0,4.0,4.0,15.0,10.0,-5.0,5.0,unknown_man_word,dominant_woman_wins,Unknown_ManWord_ManWins,Dominant_WomanWins,B,A,0,0.42,51.339,46.107,13.68,W,incorrect,weak,Failure,0,1,1,1,3,0,Male,0,0,Male,58.0,White,0,0,1,1,0,0,-27.2256,13.5815
R_1yQMdB1DN8GCb4Z,5bddd64b48428800013061a6,2026-03-13T14:04:38Z,2026-03-13T14:12:38Z,479.0,M_correct_weak,Male,65fd19896d58d64c0d8cbc3c,51.0,1.0,2.0,2.0,10.0,6.0,-4.0,4.0,identical_woman_woman,dominant_woman_wins,Identical_WomanWoman_Bwins,Dominant_WomanWins,B,B,1,0.55,,,,M,correct,weak,Success,1,1,1,1,4,1,Male,1,0,Male,44.0,Black,1,1,1,0,1,0,-32.2256,-0.4185
R_5USkuMTPMKiDPpf,67676c64636d1669c5790324,2026-03-13T13:58:19Z,2026-03-13T14:12:48Z,868.0,M_correct_weak,Male,65fd19896d58d64c0d8cbc3c,51.0,1.0,2.0,2.0,100.0,100.0,0.0,0.0,identical_woman_woman,dominant_woman_wins,Identical_WomanWoman_Bwins,Dominant_WomanWins,B,B,1,1.0,47.652,12.27,5.935,M,correct,weak,Success,1,1,1,1,4,1,Female,0,0,Female,53.0,Asian,0,0,0,0,1,0,57.7744,8.5815
R_1JQRBFpyDzKM0RG,62d61912c1eab298bdc2c642,2026-03-13T14:08:19Z,2026-03-13T14:12:57Z,277.0,M_incorrect_strong,Male,591d369e88bbb500013a8517,0.0,86.0,100.0,100.0,100.0,100.0,0.0,0.0,misleading_woman_looks_better,unknown_woman_gk,ObviousFails_WomanLooksBetter,Unknown_WomanGK_ManWins,B,A,0,0.0,13.612,4.616,5.341,M,incorrect,strong,Failure,0,1,1,1,3,0,Male,1,0,Male,37.0,White,0,1,0,0,0,1,57.7744,-7.4185
R_1KCvWorff2eRjEw,69416d667e7aeafc5bf0f83e,2026-03-13T14:04:36Z,2026-03-13T14:13:06Z,510.0,M_correct_weak,Male,6745f39f437c441b19285a1a,51.0,4.0,2.0,2.0,0.0,0.0,0.0,0.0,identical_woman_woman,misleading_man_looks_better,Identical_WomanWoman_Bwins,ObviousFails_ManLooksBetter,B,B,1,0.5,8.747,7.915,6.966,M,correct,weak,Success,0,1,1,1,3,0,Male,1,0,Male,32.0,Asian,0,1,0,0,1,0,-42.2256,-12.4185
R_1QYvzTDCqctMoy5,56279953ddff3c0005bcdba9,2026-03-13T14:04:35Z,2026-03-13T14:13:11Z,515.0,M_correct_strong,Male,5f5452df72345118f58d187b,0.0,0.0,100.0,100.0,50.0,72.0,22.0,22.0,dominant_woman_wins,misleading_man_looks_better,Dominant_WomanWins,ObviousFails_ManLooksBetter,A,A,1,0.75,29.02,13.608,5.616,M,correct,strong,Success,0,1,1,1,3,0,Male,1,0,Female,39.0,White,0,1,1,0,1,1,7.7744,-5.4185
R_11YMjusrj3VqTHI,655f95e3f23f40d0d9613730,2026-03-13T14:02:55Z,2026-03-13T14:14:18Z,682.0,M_incorrect_strong,Male,5eac686d82cc012af1e953c7,100.0,82.0,100.0,100.0,25.0,20.0,-5.0,5.0,unknown_woman_gk,man_vs_man,Unknown_WomanGK_ManWins,ManVsMan_Awins,A,B,0,0.38,35.112,30.149,17.09,M,incorrect,strong,Failure,1,1,1,1,4,1,Male,1,0,Female,38.0,Black,1,1,1,0,0,1,-17.2256,-6.4185
R_1TLUDQfG0jBIu1D,6778675e8b4e6341cf2de2a1,2026-03-13T14:22:37Z,2026-03-13T14:25:55Z,198.0,W_correct_weak,Female,5f4ee7ff2c5da213f015a27e,51.0,13.0,2.0,2.0,25.0,0.0,-25.0,25.0,identical_woman_woman,misleading_man_looks_better,Identical_WomanWoman_Bwins,ObviousFails_ManLooksBetter,B,B,1,0.63,16.54,9.148,6.233,W,correct,weak,Success,1,1,1,0,3,0,Male,0,0,Male,46.0,White,0,0,1,1,1,0,-17.2256,1.5815
R_7HIoNhwrZH6CQhj,69694b768ee3e560544826a7,2026-03-13T14:23:12Z,2026-03-13T14:27:36Z,264.0,M_incorrect_weak,Male,63ed04d2ce3b27bda2fbbb9c,48.0,6.0,4.0,4.0,0.0,20.0,20.0,20.0,identical_woman_woman,misleading_man_looks_better,Identical_WomanWoman_Bwins,ObviousFails_ManLooksBetter,B,A,0,0.5,15.767,12.428,6.318,M,incorrect,weak,Failure,1,1,1,1,4,1,,0,1,Male,38.0,White,0,0,1,0,0,0,-42.2256,-6.4185
R_7LcWVGraKIRd22B,5c43517c8fefb60001c447fe,2026-03-13T14:23:24Z,2026-03-13T14:27:38Z,254.0,W_incorrect_strong,Female,671498899f67df85f33ea053,0.0,90.0,100.0,100.0,100.0,100.0,0.0,0.0,misleading_woman_looks_better,close_woman_wins,ObviousFails_WomanLooksBetter,Close_WomanWins,B,A,0,0.0,16.625,5.476,4.661,W,incorrect,strong,Failure,1,1,1,0,3,0,,0,1,Non-binary,41.0,White,0,0,0,1,0,1,57.7744,-3.4185
R_6sn3AdP20v9Pcks,58a43e029a17120001d910d5,2026-03-13T14:22:49Z,2026-03-13T14:28:12Z,322.0,M_correct_weak,Male,66e9cc5fb04f5ba6d8b5a3f1,51.0,5.0,2.0,2.0,20.0,0.0,-20.0,20.0,split_unknowns,misleading_man_looks_better,SplitUnknowns_ManWins,ObviousFails_ManLooksBetter,B,B,1,0.6,26.54,7.5,10.203,M,correct,weak,Success,1,1,1,1,4,1,,0,1,Female,43.0,White,0,0,1,0,1,0,-22.2256,-1.4185
R_5Mni9EM44E4Htgx,671e3bfd39d6c9c60589ebec,2026-03-13T14:24:59Z,2026-03-13T14:28:24Z,204.0,W_correct_weak,Female,5f4ee7ff2c5da213f015a27e,51.0,13.0,2.0,2.0,0.0,0.0,0.0,0.0,identical_woman_woman,misleading_man_looks_better,Identical_WomanWoman_Bwins,ObviousFails_ManLooksBetter,B,B,1,0.5,16.719,4.942,5.711,W,correct,weak,Success,0,1,1,1,3,0,Female,1,0,Female,47.0,White,0,1,0,1,1,0,-42.2256,2.5815
R_74dbA9HOTIAkeVZ,5ccb779b2c4e1f00159333ea,2026-03-13T14:23:59Z,2026-03-13T14:28:40Z,281.0,M_incorrect_strong,Male,6702c3ee33eed6369eb34c8f,0.0,20.0,100.0,100.0,21.0,61.0,40.0,40.0,misleading_man_looks_better,split_unknowns,ObviousFails_ManLooksBetter,SplitUnknowns_ManWins,B,A,0,0.4,19.334,14.629,3.635,M,incorrect,strong,Failure,1,1,1,0,3,0,Male,1,0,Male,57.0,White,0,1,1,0,0,1,-21.2256,12.5815
R_5EgIVjAHduUrVwx,63dac3039dddeaa909a790fb,2026-03-13T14:24:19Z,2026-03-13T14:28:47Z,267.0,W_incorrect_weak,Female,63d414f95753ac660a9e09e1,49.0,16.0,2.0,2.0,0.0,0.0,0.0,0.0,identical_woman_woman,dominant_man_wins,Identical_WomanWoman_Bwins,Dominant_ManWins,B,A,0,0.5,16.357,27.422,10.4,W,incorrect,weak,Failure,1,1,1,1,4,1,Female,1,0,Female,41.0,White,1,1,0,1,0,0,-42.2256,-3.4185
R_3KgbmR3xUmK60HM,565c6791c121fe0012fc3caf,2026-03-13T14:24:09Z,2026-03-13T14:29:00Z,291.0,W_correct_weak,Female,63d5b810f3dbbd11e7e65870,51.0,98.0,2.0,2.0,5.0,20.0,15.0,15.0,identical_woman_woman,close_woman_wins,Identical_WomanWoman_Bwins,Close_WomanWins,B,B,1,0.53,23.01,16.3,5.593,W,correct,weak,Success,0,1,1,1,3,0,Female,1,0,Female,39.0,White,0,1,1,1,1,0,-37.2256,-5.4185
R_11bY88QBCiooZhK,698c919d505ef1862de8b8e9,2026-03-13T14:24:31Z,2026-03-13T14:29:05Z,274.0,M_correct_weak,Male,6675f3ac3a5d0633257190c4,51.0,1.0,2.0,2.0,1.0,10.0,9.0,9.0,identical_woman_woman,misleading_woman_looks_better,Identical_WomanWoman_Bwins,ObviousFails_WomanLooksBetter,B,B,1,0.51,28.979,10.334,4.332,M,correct,weak,Success,1,1,1,1,4,1,Male,1,0,Female,28.0,Asian,1,1,1,0,1,0,-41.2256,-16.4185
R_52BtWxbyneQI5vr,67a7f30d7c432b5b7486ece5,2026-03-13T14:24:13Z,2026-03-13T14:29:37Z,324.0,M_incorrect_strong,Male,570521cfde5095001018a0c8,0.0,7.0,100.0,100.0,100.0,100.0,0.0,0.0,misleading_woman_looks_better,man_vs_man,ObviousFails_WomanLooksBetter,ManVsMan_Awins,B,A,0,0.0,12.856,10.786,10.276,M,incorrect,strong,Failure,1,1,0,1,3,0,Male,1,0,Male,48.0,White,0,1,0,0,0,1,57.7744,3.5815
R_1FcrCgwAGTkJjIB,67e80fd6ef19882569cf49d3,2026-03-13T14:25:11Z,2026-03-13T14:30:25Z,314.0,W_incorrect_strong,Female,65714a2185b7c4c7ee00ddcd,0.0,15.0,100.0,100.0,10.0,30.0,20.0,20.0,misleading_woman_looks_better,misleading_man_looks_better,ObviousFails_WomanLooksBetter,ObviousFails_ManLooksBetter,B,A,0,0.45,24.096,13.775,5.564,W,incorrect,strong,Failure,0,1,1,1,3,0,Female,1,0,Female,52.0,White,0,1,1,1,0,1,-32.2256,7.5815
R_5DD10FZ3bfW0M08,623a5bb1b15d26b9c926a90b,2026-03-13T14:26:00Z,2026-03-13T14:30:29Z,268.0,M_incorrect_weak,Male,666b5817eadabfbefc40fe1b,49.0,21.0,2.0,2.0,10.0,20.0,10.0,10.0,split_unknowns,dominant_man_wins,SplitUnknowns_ManWins,Dominant_ManWins,B,A,0,0.45,22.048,21.054,8.28,M,incorrect,weak,Failure,1,1,1,1,4,1,,0,1,Female,50.0,White,0,0,1,0,0,0,-32.2256,5.5815
R_1wNya10w1ITikog,60dfd857e293a99dd577f4c8,2026-03-13T14:24:09Z,2026-03-13T14:30:36Z,387.0,M_incorrect_strong,Male,67a95d468d14bd6324b4bbba,0.0,81.0,100.0,100.0,85.0,74.0,-11.0,11.0,misleading_woman_looks_better,close_woman_wins,ObviousFails_WomanLooksBetter,Close_WomanWins,B,A,0,0.08,41.189,12.848,10.89,M,incorrect,strong,Failure,1,1,1,1,4,1,,0,1,Female,68.0,White,0,0,1,0,0,1,42.7744,23.5815
R_3QmnJ31mOvRfiJq,6637b21240220c2517fffa1a,2026-03-13T14:24:42Z,2026-03-13T14:31:00Z,378.0,M_incorrect_weak,Male,641385c88f29eb3264283818,49.0,2.0,2.0,2.0,0.0,50.0,50.0,50.0,identical_woman_woman,dominant_woman_wins,Identical_WomanWoman_Bwins,Dominant_WomanWins,B,A,0,0.5,27.722,43.904,20.323,M,incorrect,weak,Failure,1,1,1,1,4,1,Female,0,0,Female,62.0,White,0,0,1,0,0,0,-42.2256,17.5815
R_5qfZqgeNHbJ5DXz,62853fe01fa0d21c4daacfcb,2026-03-13T14:24:11Z,2026-03-13T14:31:12Z,420.0,W_incorrect_strong,Female,61bb392e40db417c1a138dcb,0.0,5.0,100.0,100.0,10.0,10.0,0.0,0.0,misleading_woman_looks_better,identical_woman_woman,ObviousFails_WomanLooksBetter,Identical_WomanWoman_Bwins,B,A,0,0.45,31.697,21.563,12.459,W,incorrect,strong,Failure,1,1,1,1,4,1,Female,1,0,Male,29.0,Black,1,1,0,1,0,1,-32.2256,-15.4185
R_5Gp5OmyUngnESfD,5591cd21fdf99b63126f6c60,2026-03-13T14:26:52Z,2026-03-13T14:31:22Z,269.0,M_correct_weak,Male,66be78ef3ca75af1251ce936,51.0,0.0,2.0,2.0,0.0,0.0,0.0,0.0,identical_woman_woman,misleading_man_looks_better,Identical_WomanWoman_Bwins,ObviousFails_ManLooksBetter,B,B,1,0.5,17.216,3.684,6.997,M,correct,weak,Success,1,1,1,1,4,1,,0,1,Male,35.0,White,0,0,0,0,1,0,-42.2256,-9.4185
R_6DTwX8ZxQaBUi8j,663d535a03d331ab18ff1a83,2026-03-13T14:25:04Z,2026-03-13T14:32:40Z,455.0,M_incorrect_strong,Male,6702c3ee33eed6369eb34c8f,0.0,20.0,100.0,100.0,50.0,35.0,-15.0,15.0,misleading_man_looks_better,split_unknowns,ObviousFails_ManLooksBetter,SplitUnknowns_ManWins,B,A,0,0.25,54.602,23.871,8.212,M,incorrect,strong,Failure,0,1,1,1,3,0,Male,1,0,Female,60.0,White,0,1,1,0,0,1,7.7744,15.5815
R_5f9XqwdryZ1jcrt,6632404d369dbb28fc6bf5d5,2026-03-13T14:25:35Z,2026-03-13T14:33:26Z,470.0,M_incorrect_strong,Male,633c74ad6178784ed5b52104,0.0,5.0,100.0,100.0,75.0,0.0,-75.0,75.0,misleading_man_looks_better,dominant_man_wins,ObviousFails_ManLooksBetter,Dominant_ManWins,B,A,0,0.13,32.091,16.453,18.298,M,incorrect,strong,Failure,1,1,1,1,4,1,Male,1,0,Female,58.0,White,1,1,1,0,0,1,32.7744,13.5815
R_1E557yLgpb8PZd7,66c26b01a3d551a7d8bd342c,2026-03-13T14:28:17Z,2026-03-13T14:33:47Z,330.0,W_correct_strong,Female,67215f2922159d42abf932a4,0.0,8.0,100.0,100.0,50.0,0.0,-50.0,50.0,dominant_woman_wins,dominant_man_wins,Dominant_WomanWins,Dominant_ManWins,A,A,1,0.75,27.365,12.477,8.262,W,correct,strong,Success,1,1,1,1,4,1,Female,1,0,Male,60.0,White,1,1,1,1,1,1,7.7744,15.5815
R_1JECd248oMm7Gxb,5dd438b65a40f24302c09c2d,2026-03-13T14:29:33Z,2026-03-13T14:33:55Z,261.0,M_correct_strong,Male,66b01097e95b0626c2cd7b5c,100.0,5.0,100.0,100.0,20.0,30.0,10.0,10.0,misleading_woman_looks_better,dominant_man_wins,ObviousFails_WomanLooksBetter,Dominant_ManWins,B,B,1,0.6,19.741,14.834,8.907,M,correct,strong,Success,1,1,1,1,4,1,Male,1,0,Male,59.0,White,1,1,1,0,1,1,-22.2256,14.5815
R_1ctXHut19kjgcLf,572041d6fd3a5200093c1295,2026-03-13T14:30:06Z,2026-03-13T14:33:59Z,232.0,M_correct_strong,Male,55d234b45bc5bc0005d9039d,0.0,75.0,100.0,100.0,100.0,55.0,-45.0,45.0,dominant_woman_wins,unknown_woman_gk,Dominant_WomanWins,Unknown_WomanGK_ManWins,A,A,1,1.0,6.066,11.415,6.382,M,correct,strong,Success,0,1,1,1,3,0,,0,1,Female,43.0,White,0,0,1,0,1,1,57.7744,-1.4185
R_6CgunylgtAvS1LM,66273c7b117b279579901901,2026-03-13T14:25:12Z,2026-03-13T14:34:01Z,528.0,W_incorrect_weak,Female,66e7853b4e311a12f93b5411,49.0,2.0,2.0,2.0,7.0,25.0,18.0,18.0,identical_woman_woman,dominant_woman_wins,Identical_WomanWoman_Bwins,Dominant_WomanWins,B,A,0,0.46,52.204,32.756,8.936,W,incorrect,weak,Failure,0,1,1,1,3,0,Female,1,0,Female,57.0,White,0,1,1,1,0,0,-35.2256,12.5815
R_13m12TiMoOr4M6a,66e0585aeee549c122da5983,2026-03-13T14:25:47Z,2026-03-13T14:34:08Z,500.0,M_correct_strong,Male,62029a55ef1cb18a1337c61a,0.0,5.0,100.0,100.0,50.0,100.0,50.0,50.0,dominant_woman_wins,dominant_man_wins,Dominant_WomanWins,Dominant_ManWins,A,A,1,0.75,54.503,15.694,18.727,M,correct,strong,Success,0,1,1,1,3,0,Female,0,0,Female,57.0,White,0,0,1,0,1,1,7.7744,12.5815
R_1IgzdUk5GpLEIvD,5fa2b9a3c1d67f3a311db672,2026-03-13T14:29:16Z,2026-03-13T14:34:57Z,340.0,M_correct_weak,Male,664439645a9a29be43d5bf5a,49.0,75.0,2.0,2.0,0.0,10.0,10.0,10.0,close_woman_wins,unknown_woman_gk,Close_WomanWins,Unknown_WomanGK_ManWins,A,A,1,0.5,15.356,12.598,2.586,M,correct,weak,Success,1,1,1,1,4,1,,0,1,Female,28.0,White,0,0,1,0,1,0,-42.2256,-16.4185
R_6nW4LmYpqwptlfq,63d59b52111ca1095779494b,2026-03-13T14:33:37Z,2026-03-13T14:35:37Z,119.0,W_incorrect_strong,Female,671498899f67df85f33ea053,0.0,90.0,100.0,100.0,66.0,67.0,1.0,1.0,misleading_woman_looks_better,close_woman_wins,ObviousFails_WomanLooksBetter,Close_WomanWins,B,A,0,0.17,5.978,5.115,2.939,W,incorrect,strong,Failure,0,1,1,1,3,0,Female,1,0,Female,36.0,White,0,1,1,1,0,1,23.7744,-8.4185
R_75Hi6IjPyfLLYcm,5c7cf8b58ca9000001b52f6e,2026-03-13T14:31:42Z,2026-03-13T14:36:06Z,264.0,W_correct_weak,Female,65e8ff784cc1b2fc71bc5368,51.0,5.0,2.0,2.0,0.0,0.0,0.0,0.0,identical_woman_woman,misleading_woman_looks_better,Identical_WomanWoman_Bwins,ObviousFails_WomanLooksBetter,B,B,1,0.5,21.966,18.541,17.41,W,correct,weak,Success,1,1,1,0,3,0,Female,1,0,Male,34.0,White,0,1,0,1,1,0,-42.2256,-10.4185
R_14IqoXTOPeF2ziT,558d8d71fdf99b534f79b352,2026-03-13T14:29:06Z,2026-03-13T14:36:44Z,457.0,M_correct_weak,Male,65fd19896d58d64c0d8cbc3c,51.0,1.0,2.0,2.0,0.0,70.0,70.0,70.0,identical_woman_woman,dominant_woman_wins,Identical_WomanWoman_Bwins,Dominant_WomanWins,B,B,1,0.5,46.71,25.175,8.383,M,correct,weak,Success,1,1,1,1,4,1,Male,1,0,Male,38.0,White,1,1,1,0,1,0,-42.2256,-6.4185
R_5KNlYwLy1OkFF85,6287d1278f5285de4c237d50,2026-03-13T14:32:40Z,2026-03-13T14:37:22Z,281.0,W_incorrect_weak,Female,63d414f95753ac660a9e09e1,49.0,16.0,2.0,2.0,0.0,0.0,0.0,0.0,identical_woman_woman,dominant_man_wins,Identical_WomanWoman_Bwins,Dominant_ManWins,B,A,0,0.5,17.32,5.805,8.189,W,incorrect,weak,Failure,1,1,1,1,4,1,Female,1,0,Male,35.0,White,1,1,0,1,0,0,-42.2256,-9.4185
R_5qjGumehqKEUuiK,66857cc20736230620552dbc,2026-03-13T14:33:35Z,2026-03-13T14:37:35Z,239.0,M_incorrect_weak,Male,66956649d7179281d46fa6f2,48.0,5.0,4.0,4.0,0.0,0.0,0.0,0.0,unknown_man_word,dominant_woman_wins,Unknown_ManWord_ManWins,Dominant_WomanWins,B,A,0,0.5,16.383,6.725,6.783,M,incorrect,weak,Failure,1,1,1,0,3,0,Male,1,0,Female,55.0,White,0,1,0,0,0,0,-42.2256,10.5815
R_5G7aUT4pyqdcmnO,5ff082234cfb7df5d6371e99,2026-03-13T14:35:20Z,2026-03-13T14:37:50Z,149.0,M_incorrect_strong,Male,5eac686d82cc012af1e953c7,100.0,82.0,100.0,100.0,75.0,75.0,0.0,0.0,unknown_woman_gk,man_vs_man,Unknown_WomanGK_ManWins,ManVsMan_Awins,A,B,0,0.13,14.397,8.912,2.62,M,incorrect,strong,Failure,0,1,1,1,3,0,Male,1,0,Female,40.0,White,0,1,0,0,0,1,32.7744,-4.4185
R_78zUesofu43IKoO,643ac28192af48c396d97709,2026-03-13T14:31:26Z,2026-03-13T14:37:52Z,385.0,M_incorrect_strong,Male,59e7477e3e4b5a00016aa4d2,100.0,1.0,100.0,100.0,65.0,25.0,-40.0,40.0,dominant_woman_wins,split_unknowns,Dominant_WomanWins,SplitUnknowns_ManWins,A,B,0,0.17,37.435,9.593,3.916,M,incorrect,strong,Failure,0,1,1,1,3,0,Male,1,0,Non-binary,53.0,White,0,1,1,0,0,1,22.7744,8.5815
R_1VQ1m4frWMIV87D,672b875b60b2d97ccdcf1aad,2026-03-13T14:27:35Z,2026-03-13T14:38:03Z,627.0,M_incorrect_strong,Male,633c74ad6178784ed5b52104,0.0,5.0,100.0,100.0,50.0,55.0,5.0,5.0,misleading_man_looks_better,dominant_man_wins,ObviousFails_ManLooksBetter,Dominant_ManWins,B,A,0,0.25,49.352,54.675,10.055,M,incorrect,strong,Failure,1,1,1,1,4,1,Male,1,0,Female,56.0,Black,1,1,1,0,0,1,7.7744,11.5815
R_6pEchMZiDzMu0QY,5ea974ce007217052a763022,2026-03-13T14:33:39Z,2026-03-13T14:38:28Z,289.0,M_incorrect_weak,Male,641385c88f29eb3264283818,49.0,2.0,2.0,2.0,20.0,3.0,-17.0,17.0,identical_woman_woman,dominant_woman_wins,Identical_WomanWoman_Bwins,Dominant_WomanWins,B,A,0,0.4,16.181,5.168,4.687,M,incorrect,weak,Failure,1,1,1,1,4,1,Male,1,0,Female,39.0,White,1,1,1,0,0,0,-22.2256,-5.4185
R_1P7BsTGFtWIOkpK,648a1d21a3372cbf1e7a499d,2026-03-13T14:29:33Z,2026-03-13T14:38:33Z,539.0,W_incorrect_weak,Female,5e05ab290db892fcd8036b1a,49.0,5.0,2.0,2.0,50.0,21.0,-29.0,29.0,identical_woman_woman,misleading_man_looks_better,Identical_WomanWoman_Bwins,ObviousFails_ManLooksBetter,B,A,0,0.25,35.722,11.309,10.985,W,incorrect,weak,Failure,1,1,1,1,4,1,Male,0,0,Male,53.0,White,0,0,1,1,0,0,7.7744,8.5815
R_7oCyHN0OwYrP3Rn,64717245e1df4e34c97cca3f,2026-03-13T14:33:03Z,2026-03-13T14:38:55Z,351.0,W_incorrect_weak,Female,6679dc943f855ba978447c25,48.0,8.0,4.0,4.0,0.0,0.0,0.0,0.0,identical_woman_woman,dominant_man_wins,Identical_WomanWoman_Bwins,Dominant_ManWins,B,A,0,0.5,38.226,16.984,18.157,W,incorrect,weak,Failure,0,1,1,1,3,0,Female,1,0,Female,66.0,White,0,1,0,1,0,0,-42.2256,21.5815
R_6DG2j4sOxUyRKJ7,610008383c0a128712403745,2026-03-13T14:31:39Z,2026-03-13T14:41:23Z,583.0,M_incorrect_weak,Male,641385c88f29eb3264283818,49.0,2.0,2.0,2.0,5.0,10.0,5.0,5.0,identical_woman_woman,dominant_woman_wins,Identical_WomanWoman_Bwins,Dominant_WomanWins,B,A,0,0.47,27.248,24.031,9.896,M,incorrect,weak,Failure,1,1,1,1,4,1,Male,1,0,Female,47.0,White,1,1,1,0,0,0,-37.2256,2.5815
R_1AEbF3u7956U1e3,67125dbf051de48bdd548035,2026-03-13T14:24:58Z,2026-03-13T14:41:58Z,1020.0,M_correct_weak,Male,66e9cc5fb04f5ba6d8b5a3f1,51.0,5.0,2.0,2.0,5.0,0.0,-5.0,5.0,split_unknowns,misleading_man_looks_better,SplitUnknowns_ManWins,ObviousFails_ManLooksBetter,B,B,1,0.53,103.969,14.409,14.289,M,correct,weak,Success,0,1,1,1,3,0,,0,1,Female,58.0,Black,0,0,1,0,1,0,-37.2256,13.5815
R_7DVBP6FPjQODXFf,6733e2060749d3760ec6a01f,2026-03-13T14:38:14Z,2026-03-13T14:42:28Z,253.0,W_correct_strong,Female,663e26ccdbc470527165388b,0.0,21.0,100.0,100.0,43.0,94.0,51.0,51.0,dominant_woman_wins,man_vs_man,Dominant_WomanWins,ManVsMan_Awins,A,A,1,0.71,13.701,6.589,5.911,W,correct,strong,Success,1,1,1,1,4,1,Female,1,0,Female,30.0,White,1,1,1,1,1,1,0.7744,-14.4185
R_1JV2FxrOQxN9Wu5,6657ab37ba8f20890ac0e52d,2026-03-13T14:37:04Z,2026-03-13T14:42:46Z,342.0,M_incorrect_strong,Male,633c74ad6178784ed5b52104,0.0,5.0,100.0,100.0,100.0,100.0,0.0,0.0,misleading_man_looks_better,dominant_man_wins,ObviousFails_ManLooksBetter,Dominant_ManWins,B,A,0,0.0,16.753,12.85,5.087,M,incorrect,strong,Failure,1,1,1,0,3,0,,0,1,Female,30.0,Asian,0,0,0,0,0,1,57.7744,-14.4185
R_7uO6bvaPZCUjfTo,6632edd68127fba862de05bf,2026-03-13T14:37:54Z,2026-03-13T14:42:52Z,298.0,W_correct_weak,Female,66ccca31c45aad520357f3fb,52.0,1.0,4.0,4.0,50.0,50.0,0.0,0.0,identical_woman_woman,misleading_woman_looks_better,Identical_WomanWoman_Bwins,ObviousFails_WomanLooksBetter,B,B,1,0.75,23.175,5.346,6.892,W,correct,weak,Success,1,1,1,1,4,1,Female,1,0,Male,43.0,Hispanic,1,1,0,1,1,0,7.7744,-1.4185
R_6Y2PgI8Tw6mNNOe,5e04b9be7adf4bf23f066a2a,2026-03-13T14:36:45Z,2026-03-13T14:43:23Z,397.0,W_incorrect_strong,Female,62b628e4351d179f1ff6cc59,0.0,65.0,100.0,100.0,100.0,100.0,0.0,0.0,misleading_woman_looks_better,unknown_woman_gk,ObviousFails_WomanLooksBetter,Unknown_WomanGK_ManWins,B,A,0,0.0,23.387,4.4,5.349,W,incorrect,strong,Failure,1,1,1,1,4,1,Male,0,0,Male,55.0,White,0,0,0,1,0,1,57.7744,10.5815
R_5dQcL1lrkdTA4Sx,59e7b0ab3e4b5a00016aa559,2026-03-13T14:33:41Z,2026-03-13T14:43:29Z,587.0,M_incorrect_weak,Male,666b5817eadabfbefc40fe1b,49.0,21.0,2.0,2.0,0.0,0.0,0.0,0.0,split_unknowns,dominant_man_wins,SplitUnknowns_ManWins,Dominant_ManWins,B,A,0,0.5,17.967,7.334,8.151,M,incorrect,weak,Failure,1,1,1,1,4,1,,0,1,Male,42.0,White,0,0,0,0,0,0,-42.2256,-2.4185
R_7QJJl0MXhbFehR5,678850e350af39b7032dd102,2026-03-13T14:24:15Z,2026-03-13T14:44:00Z,1184.0,W_incorrect_strong,Female,655f96e689f922fe983fed35,0.0,13.0,100.0,100.0,50.0,50.0,0.0,0.0,misleading_woman_looks_better,misleading_man_looks_better,ObviousFails_WomanLooksBetter,ObviousFails_ManLooksBetter,B,A,0,0.25,109.603,52.124,38.257,W,incorrect,strong,Failure,1,1,1,1,4,1,,0,1,Female,43.0,White,0,0,0,1,0,1,7.7744,-1.4185
R_5lsjXLTQehxc1mu,6664a1634453306b040667c8,2026-03-13T14:40:50Z,2026-03-13T14:45:53Z,302.0,M_correct_weak,Male,65fd19896d58d64c0d8cbc3c,51.0,1.0,2.0,2.0,0.0,50.0,50.0,50.0,identical_woman_woman,dominant_woman_wins,Identical_WomanWoman_Bwins,Dominant_WomanWins,B,B,1,0.5,34.194,9.74,4.058,M,correct,weak,Success,0,1,1,1,3,0,Male,1,0,Female,59.0,White,0,1,1,0,1,0,-42.2256,14.5815
R_5obApaJMew2dVWk,64063ab4e87bbb62274cd0e6,2026-03-13T14:34:52Z,2026-03-13T14:46:11Z,678.0,M_incorrect_strong,Male,67a95d468d14bd6324b4bbba,0.0,81.0,100.0,100.0,100.0,0.0,-100.0,100.0,misleading_woman_looks_better,close_woman_wins,ObviousFails_WomanLooksBetter,Close_WomanWins,B,A,0,0.0,47.354,24.4,9.287,M,incorrect,strong,Failure,1,1,1,1,4,1,Male,1,0,Male,68.0,White,1,1,1,0,0,1,57.7744,23.5815
R_7PGQjbapiMxiQWR,5ea48ae3461d1044f2d282cc,2026-03-13T14:39:50Z,2026-03-13T14:46:39Z,408.0,W_incorrect_weak,Female,61188057fe5a395476806c12,49.0,28.0,2.0,2.0,61.0,25.0,-36.0,36.0,identical_woman_woman,man_vs_man,Identical_WomanWoman_Bwins,ManVsMan_Awins,B,A,0,0.2,35.568,20.226,13.957,W,incorrect,weak,Failure,0,1,1,1,3,0,Male,0,0,Male,61.0,White,0,0,1,1,0,0,18.7744,16.5815
R_7JDqJbCfWyBH9Qt,61015eeeac2c6fae4f3696c6,2026-03-13T14:42:56Z,2026-03-13T14:47:23Z,267.0,M_correct_strong,Male,5f5452df72345118f58d187b,0.0,0.0,100.0,100.0,100.0,100.0,0.0,0.0,dominant_woman_wins,misleading_man_looks_better,Dominant_WomanWins,ObviousFails_ManLooksBetter,A,A,1,1.0,17.494,6.119,4.784,M,correct,strong,Success,1,1,1,1,4,1,Male,1,0,Female,54.0,White,1,1,0,0,1,1,57.7744,9.5815
R_6wHhNFUT3ICdoD7,5dd1a21340460e2103faf78c,2026-03-13T14:43:35Z,2026-03-13T14:47:53Z,257.0,M_incorrect_strong,Male,5eac686d82cc012af1e953c7,100.0,82.0,100.0,100.0,72.0,37.0,-35.0,35.0,unknown_woman_gk,man_vs_man,Unknown_WomanGK_ManWins,ManVsMan_Awins,A,B,0,0.14,44.558,8.422,6.123,M,incorrect,strong,Failure,1,1,1,1,4,1,,0,1,Female,27.0,White,0,0,1,0,0,1,29.7744,-17.4185
R_3AJJhFxb5FWC4qB,652014a6230cfe011fd5ec48,2026-03-13T14:43:13Z,2026-03-13T14:48:53Z,340.0,W_incorrect_weak,Female,5e9f3f09ccc75a0c345e4845,49.0,5.0,2.0,2.0,28.0,52.0,24.0,24.0,split_unknowns,misleading_woman_looks_better,SplitUnknowns_ManWins,ObviousFails_WomanLooksBetter,B,A,0,0.36,28.953,11.714,6.261,W,incorrect,weak,Failure,1,1,1,0,3,0,Female,1,0,Female,39.0,White,0,1,1,1,0,0,-14.2256,-5.4185
R_3o1stBU4uV4AHHp,5effeb020eddd30dccc8a829,2026-03-13T14:43:17Z,2026-03-13T14:49:10Z,352.0,M_correct_weak,Male,664439645a9a29be43d5bf5a,49.0,75.0,2.0,2.0,25.0,25.0,0.0,0.0,close_woman_wins,unknown_woman_gk,Close_WomanWins,Unknown_WomanGK_ManWins,A,A,1,0.63,24.691,18.864,9.258,M,correct,weak,Success,0,1,1,1,3,0,Female,0,0,Female,51.0,White,0,0,0,0,1,0,-17.2256,6.5815
R_74BLRBnshvrSpfH,568485808f456f00054589f2,2026-03-13T14:41:43Z,2026-03-13T14:49:43Z,479.0,W_correct_strong,Female,67215f2922159d42abf932a4,0.0,8.0,100.0,100.0,100.0,100.0,0.0,0.0,dominant_woman_wins,dominant_man_wins,Dominant_WomanWins,Dominant_ManWins,A,A,1,1.0,70.284,25.293,13.489,W,correct,strong,Success,0,1,1,1,3,0,Female,1,0,Female,67.0,White,0,1,0,1,1,1,57.7744,22.5815
R_1N9Q8bBUZyKsRCQ,660452d6f4aa3a41d687885b,2026-03-13T14:46:39Z,2026-03-13T14:50:35Z,235.0,W_correct_weak,Female,5f4ee7ff2c5da213f015a27e,51.0,13.0,2.0,2.0,10.0,62.0,52.0,52.0,identical_woman_woman,misleading_man_looks_better,Identical_WomanWoman_Bwins,ObviousFails_ManLooksBetter,B,B,1,0.55,28.018,13.124,12.49,W,correct,weak,Success,0,1,1,1,3,0,Female,1,0,Female,53.0,Asian,0,1,1,1,1,0,-32.2256,8.5815
R_5fJT79oDjWCVLWd,675a5ad39c319c39e7753011,2026-03-13T14:47:50Z,2026-03-13T14:50:41Z,171.0,M_incorrect_strong,Male,633c74ad6178784ed5b52104,0.0,5.0,100.0,100.0,100.0,100.0,0.0,0.0,misleading_man_looks_better,dominant_man_wins,ObviousFails_ManLooksBetter,Dominant_ManWins,B,A,0,0.0,10.553,3.312,2.338,M,incorrect,strong,Failure,0,1,1,1,3,0,,0,1,Male,38.0,White,0,0,0,0,0,1,57.7744,-6.4185
R_1jTmvHiaBvFzLSV,63dc117ead87f37c5b39218b,2026-03-13T14:43:59Z,2026-03-13T14:50:55Z,416.0,W_incorrect_weak,Female,63d414f95753ac660a9e09e1,49.0,16.0,2.0,2.0,25.0,10.0,-15.0,15.0,identical_woman_woman,dominant_man_wins,Identical_WomanWoman_Bwins,Dominant_ManWins,B,A,0,0.38,25.342,16.887,7.389,W,incorrect,weak,Failure,0,1,1,1,3,0,Female,1,0,Female,60.0,White,0,1,1,1,0,0,-17.2256,15.5815
R_1FksYMaAcNCsk7L,63a1ae117fa485cabe593f2a,2026-03-13T14:41:49Z,2026-03-13T14:50:56Z,547.0,M_correct_strong,Male,6598942c3d07928cc188ffdb,100.0,1.0,100.0,100.0,80.0,82.0,2.0,2.0,misleading_man_looks_better,man_vs_man,ObviousFails_ManLooksBetter,ManVsMan_Awins,B,B,1,0.9,36.63,18.72,16.09,M,correct,strong,Success,1,1,1,1,4,1,,0,1,Female,57.0,Hispanic,0,0,1,0,1,1,37.7744,12.5815
R_1J5U6n99XAp6hBT,65e32297c34ae3a8c3e3b1c2,2026-03-13T14:46:39Z,2026-03-13T14:51:00Z,260.0,W_correct_strong,Female,663e26ccdbc470527165388b,0.0,21.0,100.0,100.0,25.0,25.0,0.0,0.0,dominant_woman_wins,man_vs_man,Dominant_WomanWins,ManVsMan_Awins,A,A,1,0.63,23.374,6.151,9.912,W,correct,strong,Success,1,1,1,1,4,1,Female,1,0,Female,44.0,White,1,1,0,1,1,1,-17.2256,-0.4185
R_1DKUszjjqmE7efL,67164c92298409e37c670b3d,2026-03-13T14:34:08Z,2026-03-13T14:51:00Z,1012.0,W_incorrect_weak,Female,5e05ab290db892fcd8036b1a,49.0,5.0,2.0,2.0,5.0,10.0,5.0,5.0,identical_woman_woman,misleading_man_looks_better,Identical_WomanWoman_Bwins,ObviousFails_ManLooksBetter,B,A,0,0.47,18.869,8.417,2.847,W,incorrect,weak,Failure,1,1,1,1,4,1,Female,1,0,Male,28.0,Asian,1,1,1,1,0,0,-37.2256,-16.4185
R_7v2EZwKK73ksRgt,5cf845e485e94e001789fd44,2026-03-13T14:47:16Z,2026-03-13T14:52:28Z,312.0,M_correct_strong,Male,63d80b500adef5b476e289a4,0.0,15.0,100.0,100.0,100.0,100.0,0.0,0.0,dominant_woman_wins,unknown_man_word,Dominant_WomanWins,Unknown_ManWord_ManWins,A,A,1,1.0,26.027,11.51,7.956,M,correct,strong,Success,1,1,1,1,4,1,,0,1,Male,30.0,White,0,0,0,0,1,1,57.7744,-14.4185
R_3S7SjaJxQU2R7bi,5ea1ee658a9acd0eff894ae2,2026-03-13T14:46:54Z,2026-03-13T14:52:29Z,335.0,W_correct_strong,Female,5d537c0cecc84200153075e9,0.0,4.0,100.0,100.0,90.0,95.0,5.0,5.0,dominant_woman_wins,unknown_man_word,Dominant_WomanWins,Unknown_ManWord_ManWins,A,A,1,0.95,28.083,12.811,4.612,W,correct,strong,Success,1,0,1,1,3,0,Female,1,0,Female,32.0,Black,0,1,1,1,1,1,47.7744,-12.4185
R_3kxNDGwfnGGQNZ7,5f93aff4d654c619d22b94b9,2026-03-13T14:47:58Z,2026-03-13T14:52:38Z,280.0,W_incorrect_weak,Female,63d3f99eac52371a49e65825,48.0,6.0,4.0,4.0,0.0,0.0,0.0,0.0,unknown_man_word,dominant_woman_wins,Unknown_ManWord_ManWins,Dominant_WomanWins,B,A,0,0.5,19.952,14.194,10.15,W,incorrect,weak,Failure,0,1,1,1,3,0,Female,1,0,Male,35.0,White,0,1,0,1,0,0,-42.2256,-9.4185
R_6jIK7ciK2gzhEKT,58f7cdd4c31d4d00015aac83,2026-03-13T14:50:03Z,2026-03-13T14:53:23Z,199.0,M_correct_strong,Male,55d234b45bc5bc0005d9039d,0.0,75.0,100.0,100.0,25.0,50.0,25.0,25.0,dominant_woman_wins,unknown_woman_gk,Dominant_WomanWins,Unknown_WomanGK_ManWins,A,A,1,0.63,15.228,14.484,6.192,M,correct,strong,Success,1,1,1,1,4,1,,0,1,Non-binary,28.0,Asian,0,0,1,0,1,1,-17.2256,-16.4185
R_51ibleMlB4LGECZ,65490276dc42961a8e1cdec3,2026-03-13T14:49:18Z,2026-03-13T14:53:31Z,253.0,M_incorrect_strong,Male,570521cfde5095001018a0c8,0.0,7.0,100.0,100.0,50.0,40.0,-10.0,10.0,misleading_woman_looks_better,man_vs_man,ObviousFails_WomanLooksBetter,ManVsMan_Awins,B,A,0,0.25,11.113,12.352,7.45,M,incorrect,strong,Failure,1,1,1,1,4,1,Male,1,0,Female,53.0,White,1,1,1,0,0,1,7.7744,8.5815
R_6ZHMgG1KHLWWKpV,62728884995a1a76605d0214,2026-03-13T14:41:46Z,2026-03-13T14:53:34Z,708.0,M_incorrect_weak,Male,5e5731e3e1e8b90e25c1f3a2,51.0,11.0,2.0,2.0,25.0,15.0,-10.0,10.0,close_woman_wins,misleading_man_looks_better,Close_WomanWins,ObviousFails_ManLooksBetter,A,B,0,0.38,290.301,12.241,10.389,M,incorrect,weak,Failure,1,1,1,1,4,1,,0,1,Female,47.0,White,0,0,1,0,0,0,-17.2256,2.5815
R_35vmKDODKWm3IVW,6653ae434d386b6218f51efb,2026-03-13T14:47:18Z,2026-03-13T14:54:54Z,456.0,M_correct_strong,Male,62877d5f6a054e53313ac916,0.0,99.0,100.0,100.0,20.0,10.0,-10.0,10.0,dominant_woman_wins,split_unknowns,Dominant_WomanWins,SplitUnknowns_ManWins,A,A,1,0.6,61.235,25.329,16.41,M,correct,strong,Success,1,1,1,1,4,1,Male,1,0,Female,76.0,White,1,1,1,0,1,1,-22.2256,31.5815
R_5MMKARawHF7PbtT,63c5c3192e709e19fc67d5dd,2026-03-13T14:47:58Z,2026-03-13T14:55:17Z,439.0,M_incorrect_strong,Male,570521cfde5095001018a0c8,0.0,7.0,100.0,100.0,0.0,0.0,0.0,0.0,misleading_woman_looks_better,man_vs_man,ObviousFails_WomanLooksBetter,ManVsMan_Awins,B,A,0,0.5,17.599,8.39,4.591,M,incorrect,strong,Failure,1,0,1,1,3,0,Male,1,0,Male,62.0,American Indian,0,1,0,0,0,1,-42.2256,17.5815
R_61smFdQYVjt3ebR,67d1fae33c97d8df89998bd9,2026-03-13T14:47:50Z,2026-03-13T14:55:25Z,454.0,M_correct_weak,Male,6446b4a6eb2ba64c1505307d,51.0,2.0,2.0,2.0,60.0,72.0,12.0,12.0,split_unknowns,misleading_woman_looks_better,SplitUnknowns_ManWins,ObviousFails_WomanLooksBetter,B,B,1,0.8,25.956,19.678,29.23,M,correct,weak,Success,0,1,1,1,3,0,Female,0,0,Female,29.0,Black,0,0,1,0,1,0,17.7744,-15.4185
R_5gUDPzDWLxPK9up,5c3c1617f5ebd500018596cb,2026-03-13T14:51:17Z,2026-03-13T14:55:33Z,255.0,M_incorrect_weak,Male,5e5731e3e1e8b90e25c1f3a2,51.0,11.0,2.0,2.0,0.0,0.0,0.0,0.0,close_woman_wins,misleading_man_looks_better,Close_WomanWins,ObviousFails_ManLooksBetter,A,B,0,0.5,31.458,4.546,11.233,M,incorrect,weak,Failure,1,1,1,1,4,1,Male,1,0,Male,39.0,White,1,1,0,0,0,0,-42.2256,-5.4185
R_11aAgwdUrmBZvFv,65e231b58b6f797b593b61d3,2026-03-13T14:46:31Z,2026-03-13T14:56:36Z,605.0,M_correct_weak,Male,66bffd8c97a80ac91e1087e0,51.0,1.0,2.0,2.0,50.0,50.0,0.0,0.0,identical_woman_woman,dominant_woman_wins,Identical_WomanWoman_Bwins,Dominant_WomanWins,B,B,1,0.75,96.891,14.981,13.798,M,correct,weak,Success,0,1,1,1,3,0,Female,0,0,Female,41.0,Asian,0,0,0,0,1,0,7.7744,-3.4185
R_3itnalD380lY84Y,65390c1abdfe1fd0b200ac11,2026-03-13T14:52:38Z,2026-03-13T14:56:38Z,240.0,W_incorrect_weak,Female,5e9f3f09ccc75a0c345e4845,49.0,5.0,2.0,2.0,6.0,0.0,-6.0,6.0,split_unknowns,misleading_woman_looks_better,SplitUnknowns_ManWins,ObviousFails_WomanLooksBetter,B,A,0,0.47,18.8,5.431,4.581,W,incorrect,weak,Failure,0,1,1,1,3,0,Female,1,0,Female,27.0,White,0,1,1,1,0,0,-36.2256,-17.4185
R_3zEaxzHCBe7qf0R,69432f5eec27bf29567095f7,2026-03-13T14:41:08Z,2026-03-13T14:57:09Z,961.0,M_correct_strong,Male,63ecff07b619306f41db42fa,0.0,1.0,100.0,100.0,100.0,0.0,-100.0,100.0,dominant_man_wins,dominant_woman_wins,Dominant_ManWins,Dominant_WomanWins,A,A,1,1.0,36.11,14.986,5.553,M,correct,strong,Success,0,1,1,1,3,0,Male,1,0,Male,28.0,White,0,1,1,0,1,1,57.7744,-16.4185
R_1BsMo8ZUAZQQmWJ,664cce8aecc59dc14d41c397,2026-03-13T14:52:49Z,2026-03-13T14:58:02Z,313.0,M_incorrect_strong,Male,633c74ad6178784ed5b52104,0.0,5.0,100.0,100.0,50.0,50.0,0.0,0.0,misleading_man_looks_better,dominant_man_wins,ObviousFails_ManLooksBetter,Dominant_ManWins,B,A,0,0.25,15.261,9.07,5.674,M,incorrect,strong,Failure,1,1,1,1,4,1,Male,1,0,Male,26.0,White,1,1,0,0,0,1,7.7744,-18.4185
R_6aauC9gjSqsz0IY,6953fb7c9df1b32aa5503057,2026-03-13T14:52:33Z,2026-03-13T14:58:13Z,339.0,M_correct_weak,Male,664439645a9a29be43d5bf5a,49.0,75.0,2.0,2.0,5.0,10.0,5.0,5.0,close_woman_wins,unknown_woman_gk,Close_WomanWins,Unknown_WomanGK_ManWins,A,A,1,0.53,22.045,9.843,4.129,M,correct,weak,Success,0,1,1,1,3,0,,0,1,Male,37.0,White,0,0,1,0,1,0,-37.2256,-7.4185
R_6GDme0xW5w86Vtc,5b9eddfed259900001106b05,2026-03-13T14:54:12Z,2026-03-13T14:58:24Z,252.0,W_incorrect_strong,Female,62d59a066ee263bb659aa445,0.0,91.0,100.0,100.0,50.0,100.0,50.0,50.0,misleading_woman_looks_better,split_unknowns,ObviousFails_WomanLooksBetter,SplitUnknowns_ManWins,B,A,0,0.25,43.674,4.181,3.067,W,incorrect,strong,Failure,1,1,1,1,4,1,Female,1,0,Male,40.0,White,1,1,1,1,0,1,7.7744,-4.4185
R_7jlU965vLWfj4VD,5e6ca4b9a2b73d25c187ae61,2026-03-13T14:45:36Z,2026-03-13T14:58:37Z,781.0,M_incorrect_strong,Male,5eac686d82cc012af1e953c7,100.0,82.0,100.0,100.0,60.0,29.0,-31.0,31.0,unknown_woman_gk,man_vs_man,Unknown_WomanGK_ManWins,ManVsMan_Awins,A,B,0,0.2,104.731,5.753,8.672,M,incorrect,strong,Failure,1,1,1,1,4,1,Male,1,0,Male,42.0,White,1,1,1,0,0,1,17.7744,-2.4185
R_5uIBjRAOmuTGgDC,6609eee271e2fa6407181949,2026-03-13T14:51:37Z,2026-03-13T14:58:38Z,420.0,M_incorrect_weak,Male,63ed04d2ce3b27bda2fbbb9c,48.0,6.0,4.0,4.0,25.0,0.0,-25.0,25.0,identical_woman_woman,misleading_man_looks_better,Identical_WomanWoman_Bwins,ObviousFails_ManLooksBetter,B,A,0,0.38,94.003,34.846,19.545,M,incorrect,weak,Failure,1,1,1,1,4,1,Male,1,0,Female,62.0,White,1,1,1,0,0,0,-17.2256,17.5815
R_1Q9xm7RXQLx4Ku5,5a381de00006450001bf2691,2026-03-13T14:54:20Z,2026-03-13T14:59:07Z,286.0,M_incorrect_weak,Male,66956649d7179281d46fa6f2,48.0,5.0,4.0,4.0,0.0,0.0,0.0,0.0,unknown_man_word,dominant_woman_wins,Unknown_ManWord_ManWins,Dominant_WomanWins,B,A,0,0.5,15.54,11.664,13.806,M,incorrect,weak,Failure,1,1,1,1,4,1,Male,1,0,Male,37.0,White,1,1,0,0,0,0,-42.2256,-7.4185
R_6O91F4Zb9YLAWSD,66692488888ba007257afe05,2026-03-13T14:54:32Z,2026-03-13T14:59:30Z,297.0,M_correct_weak,Male,6675f3ac3a5d0633257190c4,51.0,1.0,2.0,2.0,50.0,50.0,0.0,0.0,identical_woman_woman,misleading_woman_looks_better,Identical_WomanWoman_Bwins,ObviousFails_WomanLooksBetter,B,B,1,0.75,22.317,49.892,7.93,M,correct,weak,Success,0,1,1,1,3,0,Female,0,0,Female,29.0,White,0,0,0,0,1,0,7.7744,-15.4185
R_5KTM1Nkcv90g2HS,671a9506b90ee5e2d532c12d,2026-03-13T14:48:21Z,2026-03-13T15:02:31Z,850.0,W_correct_weak,Female,65a7027c88eae2b9a68ae596,51.0,1.0,2.0,2.0,10.0,25.0,15.0,15.0,identical_woman_woman,dominant_man_wins,Identical_WomanWoman_Bwins,Dominant_ManWins,B,B,1,0.55,20.562,9.09,6.701,W,correct,weak,Success,1,1,1,1,4,1,Female,1,0,Female,30.0,Hispanic,1,1,1,1,1,0,-32.2256,-14.4185
R_1pc9W0LcstB65kB,5ccedad53734bb001b27a68b,2026-03-13T14:55:52Z,2026-03-13T15:02:39Z,406.0,W_correct_weak,Female,5b81e0a72ce68d0001fa68d5,48.0,12.0,4.0,4.0,50.0,10.0,-40.0,40.0,close_woman_wins,dominant_man_wins,Close_WomanWins,Dominant_ManWins,A,A,1,0.75,21.129,25.141,10.261,W,correct,weak,Success,1,1,1,1,4,1,Female,1,0,Female,57.0,White,1,1,1,1,1,0,7.7744,12.5815
R_3w0QcWTJJOI9ABj,62e1ac27961f3e729c0cf5fd,2026-03-13T14:54:21Z,2026-03-13T15:02:54Z,512.0,W_incorrect_weak,Female,63d414f95753ac660a9e09e1,49.0,16.0,2.0,2.0,0.0,0.0,0.0,0.0,identical_woman_woman,dominant_man_wins,Identical_WomanWoman_Bwins,Dominant_ManWins,B,A,0,0.5,77.773,7.227,6.109,W,incorrect,weak,Failure,1,1,1,1,4,1,Male,0,0,Male,32.0,Black,0,0,0,1,0,0,-42.2256,-12.4185
R_5pFR14DrtoV5jcR,66826e9e2c8e4bfd530e5584,2026-03-13T15:00:26Z,2026-03-13T15:03:50Z,204.0,M_correct_weak,Male,66e9cc5fb04f5ba6d8b5a3f1,51.0,5.0,2.0,2.0,100.0,0.0,-100.0,100.0,split_unknowns,misleading_man_looks_better,SplitUnknowns_ManWins,ObviousFails_ManLooksBetter,B,B,1,1.0,15.505,7.1,2.616,M,correct,weak,Success,0,1,1,1,3,0,Male,1,0,Male,24.0,White,0,1,1,0,1,0,57.7744,-20.4185
R_5QGwJdI1czvIPXQ,671bfaa7d312fef1ab1d7fa0,2026-03-13T14:58:04Z,2026-03-13T15:05:05Z,421.0,M_incorrect_strong,Male,6702c3ee33eed6369eb34c8f,0.0,20.0,100.0,100.0,50.0,50.0,0.0,0.0,misleading_man_looks_better,split_unknowns,ObviousFails_ManLooksBetter,SplitUnknowns_ManWins,B,A,0,0.25,36.125,15.339,11.408,M,incorrect,strong,Failure,1,1,1,1,4,1,Male,1,0,Female,50.0,Black,1,1,0,0,0,1,7.7744,5.5815
R_19jY83UkZQloWhX,6681a6064361475b2acf7793,2026-03-13T14:58:24Z,2026-03-13T15:05:07Z,402.0,W_correct_weak,Female,652ecb92078fe073ab29b920,48.0,1.0,4.0,4.0,61.0,70.0,9.0,9.0,close_woman_wins,dominant_man_wins,Close_WomanWins,Dominant_ManWins,A,A,1,0.8,31.184,10.279,4.909,W,correct,weak,Success,0,1,1,1,3,0,Female,1,0,Male,37.0,Black,0,1,1,1,1,0,18.7744,-7.4185
R_6CbZjoF1hmbKkBb,67aba4317b2e7d4dc3b57350,2026-03-13T15:02:11Z,2026-03-13T15:07:33Z,321.0,W_incorrect_weak,Female,5e05ab290db892fcd8036b1a,49.0,5.0,2.0,2.0,10.0,10.0,0.0,0.0,identical_woman_woman,misleading_man_looks_better,Identical_WomanWoman_Bwins,ObviousFails_ManLooksBetter,B,A,0,0.45,25.565,13.332,5.496,W,incorrect,weak,Failure,1,1,1,1,4,1,Male,0,0,Male,26.0,Hispanic,0,0,0,1,0,0,-32.2256,-18.4185
R_6wNnjv6IwW2V1mx,67a4fbd7e4ebc02e050b7999,2026-03-13T15:05:58Z,2026-03-13T15:09:02Z,183.0,W_correct_strong,Female,5f285dc5b09b3715fa20a14c,0.0,75.0,100.0,100.0,100.0,100.0,0.0,0.0,dominant_man_wins,unknown_woman_gk,Dominant_ManWins,Unknown_WomanGK_ManWins,A,A,1,1.0,7.275,7.967,5.258,W,correct,strong,Success,1,1,1,1,4,1,Female,1,0,Female,46.0,White,1,1,0,1,1,1,57.7744,1.5815
R_67wXvFK9ZbHmRcn,66b3dc1490445aa410abd41e,2026-03-13T15:04:51Z,2026-03-13T15:09:54Z,303.0,M_correct_weak,Male,66bffd8c97a80ac91e1087e0,51.0,1.0,2.0,2.0,10.0,20.0,10.0,10.0,identical_woman_woman,dominant_woman_wins,Identical_WomanWoman_Bwins,Dominant_WomanWins,B,B,1,0.55,16.536,8.007,7.955,M,correct,weak,Success,1,1,1,1,4,1,,0,1,Male,31.0,White,0,0,1,0,1,0,-32.2256,-13.4185
R_6jd0IKpiOXjTusO,630a8feaa8eef385f72dc1a5,2026-03-13T15:05:07Z,2026-03-13T15:11:07Z,359.0,M_correct_strong,Male,62029a55ef1cb18a1337c61a,0.0,5.0,100.0,100.0,86.0,54.0,-32.0,32.0,dominant_woman_wins,dominant_man_wins,Dominant_WomanWins,Dominant_ManWins,A,A,1,0.93,89.421,20.901,7.101,M,correct,strong,Success,0,1,1,1,3,0,Male,1,0,Male,38.0,Asian,0,1,1,0,1,1,43.7744,-6.4185
R_62rYYGZkq3JxHUo,6320e0bc9b0649f05c5bb242,2026-03-13T15:05:05Z,2026-03-13T15:12:06Z,420.0,W_incorrect_strong,Female,5c005838232b6c0001221acf,100.0,83.0,100.0,100.0,30.0,50.0,20.0,20.0,dominant_man_wins,misleading_man_looks_better,Dominant_ManWins,ObviousFails_ManLooksBetter,A,B,0,0.35,50.428,16.231,13.895,W,incorrect,strong,Failure,1,1,1,1,4,1,Female,1,0,Male,58.0,White,1,1,1,1,0,1,-12.2256,13.5815
R_1PZugpFrCDWKuhR,677bebd88a0234c915ec07e7,2026-03-13T15:08:38Z,2026-03-13T15:12:20Z,222.0,W_incorrect_strong,Female,62b628e4351d179f1ff6cc59,0.0,65.0,100.0,100.0,50.0,100.0,50.0,50.0,misleading_woman_looks_better,unknown_woman_gk,ObviousFails_WomanLooksBetter,Unknown_WomanGK_ManWins,B,A,0,0.25,24.916,3.204,5.794,W,incorrect,strong,Failure,1,1,1,1,4,1,Female,1,0,Male,51.0,White,1,1,1,1,0,1,7.7744,6.5815
R_5OvsDzKcntvhstk,672b7c9fde910f42c8aa35eb,2026-03-13T15:14:24Z,2026-03-13T15:18:12Z,227.0,W_correct_weak,Female,63d5b810f3dbbd11e7e65870,51.0,98.0,2.0,2.0,0.0,0.0,0.0,0.0,identical_woman_woman,close_woman_wins,Identical_WomanWoman_Bwins,Close_WomanWins,B,B,1,0.5,27.674,9.097,6.824,W,correct,weak,Success,1,1,1,1,4,1,Female,1,0,Female,50.0,White,1,1,0,1,1,0,-42.2256,5.5815
R_3ovNmFmzmB0UleV,65cb708afe5755feaeec417f,2026-03-13T15:15:25Z,2026-03-13T15:18:52Z,206.0,W_incorrect_strong,Female,655f96e689f922fe983fed35,0.0,13.0,100.0,100.0,100.0,100.0,0.0,0.0,misleading_woman_looks_better,misleading_man_looks_better,ObviousFails_WomanLooksBetter,ObviousFails_ManLooksBetter,B,A,0,0.0,7.591,5.573,1.939,W,incorrect,strong,Failure,1,1,1,1,4,1,Female,1,0,Female,22.0,Asian,1,1,0,1,0,1,57.7744,-22.4185
R_7v6RzqYJhkPgAqd,63deeebc2822414d8f9e5958,2026-03-13T15:16:00Z,2026-03-13T15:19:18Z,197.0,M_incorrect_strong,Male,67a95d468d14bd6324b4bbba,0.0,81.0,100.0,100.0,100.0,100.0,0.0,0.0,misleading_woman_looks_better,close_woman_wins,ObviousFails_WomanLooksBetter,Close_WomanWins,B,A,0,0.0,18.815,3.149,5.42,M,incorrect,strong,Failure,1,1,1,1,4,1,Male,1,0,Male,54.0,White,1,1,0,0,0,1,57.7744,9.5815
R_5snOkx4JMIl5Rtp,5d4af0a71813250015d3c5c7,2026-03-13T15:14:43Z,2026-03-13T15:20:40Z,357.0,M_correct_strong,Male,62029a55ef1cb18a1337c61a,0.0,5.0,100.0,100.0,79.0,61.0,-18.0,18.0,dominant_woman_wins,dominant_man_wins,Dominant_WomanWins,Dominant_ManWins,A,A,1,0.9,34.073,26.008,8.85,M,correct,strong,Success,0,1,1,1,3,0,,0,1,Female,47.0,White,0,0,1,0,1,1,36.7744,2.5815
R_7phShh444q7thE0,578bcb2c09fb91000133750e,2026-03-13T15:17:43Z,2026-03-13T15:20:59Z,196.0,W_incorrect_weak,Female,65cb86a7e667e637599a3af3,49.0,1.0,2.0,2.0,0.0,0.0,0.0,0.0,identical_woman_woman,dominant_woman_wins,Identical_WomanWoman_Bwins,Dominant_WomanWins,B,A,0,0.5,17.439,10.174,4.871,W,incorrect,weak,Failure,1,1,1,1,4,1,,0,1,Female,42.0,White,0,0,0,1,0,0,-42.2256,-2.4185
R_6EvbPoISumhvk6Z,62903d86dad1252ede51100f,2026-03-13T15:17:14Z,2026-03-13T15:22:33Z,318.0,M_incorrect_strong,Male,6398db762e009c7af9e1da88,0.0,85.0,100.0,100.0,100.0,83.0,-17.0,17.0,misleading_man_looks_better,unknown_woman_gk,ObviousFails_ManLooksBetter,Unknown_WomanGK_ManWins,B,A,0,0.0,49.194,7.558,3.38,M,incorrect,strong,Failure,1,1,0,1,3,0,Female,0,0,Female,43.0,Black,0,0,1,0,0,1,57.7744,-1.4185
R_6EtMCYUXvywYBJu,673ead8d8389b11c02a060e9,2026-03-13T15:16:24Z,2026-03-13T15:23:00Z,395.0,M_correct_strong,Male,55d234b45bc5bc0005d9039d,0.0,75.0,100.0,100.0,100.0,100.0,0.0,0.0,dominant_woman_wins,unknown_woman_gk,Dominant_WomanWins,Unknown_WomanGK_ManWins,A,A,1,1.0,19.354,4.375,10.848,M,correct,strong,Success,0,1,1,1,3,0,Male,1,0,Male,26.0,Asian,0,1,0,0,1,1,57.7744,-18.4185
R_5LzCEHCKguBVP7e,55dbdc9d50a1f7001190d753,2026-03-13T15:11:02Z,2026-03-13T15:23:02Z,719.0,M_incorrect_weak,Male,622a11c552b2b35bab72a39c,49.0,65.0,2.0,2.0,25.0,0.0,-25.0,25.0,identical_woman_woman,unknown_woman_gk,Identical_WomanWoman_Bwins,Unknown_WomanGK_ManWins,B,A,0,0.38,14.377,5.824,5.461,M,incorrect,weak,Failure,1,1,1,1,4,1,Male,1,0,Male,35.0,Hispanic,1,1,1,0,0,0,-17.2256,-9.4185
R_5oAEn0RSuhI19r2,5d3221b8eb6cfa0001950113,2026-03-13T15:16:02Z,2026-03-13T15:23:53Z,470.0,M_incorrect_strong,Male,570521cfde5095001018a0c8,0.0,7.0,100.0,100.0,100.0,100.0,0.0,0.0,misleading_woman_looks_better,man_vs_man,ObviousFails_WomanLooksBetter,ManVsMan_Awins,B,A,0,0.0,16.678,3.431,1.91,M,incorrect,strong,Failure,0,1,1,1,3,0,Male,1,0,Female,46.0,White,0,1,0,0,0,1,57.7744,1.5815
R_59mfZuaDSave5Yl,5db6553837647d000bb049ab,2026-03-13T15:18:24Z,2026-03-13T15:24:03Z,338.0,W_incorrect_strong,Female,655f96e689f922fe983fed35,0.0,13.0,100.0,100.0,10.0,0.0,-10.0,10.0,misleading_woman_looks_better,misleading_man_looks_better,ObviousFails_WomanLooksBetter,ObviousFails_ManLooksBetter,B,A,0,0.45,55.012,18.926,19.161,W,incorrect,strong,Failure,0,1,1,1,3,0,Female,1,0,Female,75.0,White,0,1,1,1,0,1,-32.2256,30.5815
R_3kFVw2gTcMKIWFY,694155c781b1b22947a860c5,2026-03-13T15:17:21Z,2026-03-13T15:24:28Z,426.0,M_correct_weak,Male,66e9cc5fb04f5ba6d8b5a3f1,51.0,5.0,2.0,2.0,0.0,100.0,100.0,100.0,split_unknowns,misleading_man_looks_better,SplitUnknowns_ManWins,ObviousFails_ManLooksBetter,B,B,1,0.5,15.502,14.719,8.11,M,correct,weak,Success,1,1,1,1,4,1,Male,1,0,Male,20.0,Asian,1,1,1,0,1,0,-42.2256,-24.4185
R_56qDPexTFjPJahz,61bb396b40db417c1a138e43,2026-03-13T15:10:45Z,2026-03-13T15:25:29Z,883.0,W_correct_strong,Female,5f5967d6e280e61b2db8e55c,0.0,90.0,100.0,100.0,49.0,76.0,27.0,27.0,dominant_man_wins,man_vs_man,Dominant_ManWins,ManVsMan_Awins,A,A,1,0.74,174.103,54.794,8.702,W,correct,strong,Success,1,1,1,1,4,1,Female,1,0,Female,53.0,White,1,1,1,1,1,1,6.7744,8.5815
R_6F3vXW8sn3lNp8P,616c9115b3a3d2f885822a57,2026-03-13T15:18:09Z,2026-03-13T15:26:25Z,496.0,M_correct_strong,Male,55d234b45bc5bc0005d9039d,0.0,75.0,100.0,100.0,100.0,50.0,-50.0,50.0,dominant_woman_wins,unknown_woman_gk,Dominant_WomanWins,Unknown_WomanGK_ManWins,A,A,1,1.0,18.218,6.063,4.852,M,correct,strong,Success,1,1,1,1,4,1,Male,1,0,Male,39.0,White,1,1,1,0,1,1,57.7744,-5.4185
R_5Q0uzOeYJdUQyHv,5c237be889f035000173c96c,2026-03-13T15:17:26Z,2026-03-13T15:26:33Z,546.0,W_incorrect_weak,Female,65cb86a7e667e637599a3af3,49.0,1.0,2.0,2.0,10.0,0.0,-10.0,10.0,identical_woman_woman,dominant_woman_wins,Identical_WomanWoman_Bwins,Dominant_WomanWins,B,A,0,0.45,30.664,17.32,5.344,W,incorrect,weak,Failure,0,1,1,1,3,0,Female,1,0,Male,73.0,White,0,1,1,1,0,0,-32.2256,28.5815
R_6iTDxf0Ix5gv7bz,5ec189f03d870d5ba617fcc4,2026-03-13T15:16:57Z,2026-03-13T15:27:30Z,632.0,M_correct_strong,Male,63ecff07b619306f41db42fa,0.0,1.0,100.0,100.0,100.0,49.0,-51.0,51.0,dominant_man_wins,dominant_woman_wins,Dominant_ManWins,Dominant_WomanWins,A,A,1,1.0,15.241,11.806,3.408,M,correct,strong,Success,0,1,1,1,3,0,Female,0,0,Female,42.0,White,0,0,1,0,1,1,57.7744,-2.4185
R_6EhPffDWNQF9GaU,66298703663ddf03c3f1d5b4,2026-03-13T15:23:01Z,2026-03-13T15:27:52Z,290.0,M_correct_strong,Male,63d80b500adef5b476e289a4,0.0,15.0,100.0,100.0,94.0,91.0,-3.0,3.0,dominant_woman_wins,unknown_man_word,Dominant_WomanWins,Unknown_ManWord_ManWins,A,A,1,0.97,13.107,14.161,9.08,M,correct,strong,Success,1,1,1,1,4,1,Male,1,0,Female,60.0,White,1,1,1,0,1,1,51.7744,15.5815
R_3HqSZD3HOY9VtXc,67902635a20315fcc7ff5c43,2026-03-13T15:22:12Z,2026-03-13T15:28:22Z,370.0,M_correct_weak,Male,6446b4a6eb2ba64c1505307d,51.0,2.0,2.0,2.0,10.0,10.0,0.0,0.0,split_unknowns,misleading_woman_looks_better,SplitUnknowns_ManWins,ObviousFails_WomanLooksBetter,B,B,1,0.55,41.152,19.995,7.353,M,correct,weak,Success,1,1,1,1,4,1,,0,1,Female,44.0,White,0,0,0,0,1,0,-32.2256,-0.4185
R_72RQRjHWelTfr5R,67f8607be129189cd9ea4c0a,2026-03-13T15:15:52Z,2026-03-13T15:28:27Z,754.0,W_correct_strong,Female,5f285dc5b09b3715fa20a14c,0.0,75.0,100.0,100.0,50.0,50.0,0.0,0.0,dominant_man_wins,unknown_woman_gk,Dominant_ManWins,Unknown_WomanGK_ManWins,A,A,1,0.75,96.02,68.579,22.242,W,correct,strong,Success,1,1,1,1,4,1,Female,1,0,Male,29.0,Black,1,1,0,1,1,1,7.7744,-15.4185
R_1NqPJM7uW8gN1WQ,61523a9abe7a56d2e2ef6b5f,2026-03-13T15:23:18Z,2026-03-13T15:28:28Z,309.0,M_incorrect_weak,Male,67aa52dcb66d138fca70a211,49.0,5.0,2.0,2.0,75.0,100.0,25.0,25.0,identical_woman_woman,misleading_man_looks_better,Identical_WomanWoman_Bwins,ObviousFails_ManLooksBetter,B,A,0,0.13,41.671,12.476,8.72,M,incorrect,weak,Failure,1,1,1,1,4,1,Male,1,0,Male,68.0,White,1,1,1,0,0,0,32.7744,23.5815
R_6PT1gUFcyQrWFZQ,677fb35eafd357a07e351a9f,2026-03-13T15:21:21Z,2026-03-13T15:28:30Z,429.0,W_correct_weak,Female,65a7027c88eae2b9a68ae596,51.0,1.0,2.0,2.0,0.0,0.0,0.0,0.0,identical_woman_woman,dominant_man_wins,Identical_WomanWoman_Bwins,Dominant_ManWins,B,B,1,0.5,37.21,13.616,10.738,W,correct,weak,Success,1,1,1,1,4,1,Female,1,0,Male,46.0,White,1,1,0,1,1,0,-42.2256,1.5815
R_6oAE4pArco3Mo9z,6942f17a27841b72aa21b1d8,2026-03-13T15:22:34Z,2026-03-13T15:29:33Z,419.0,M_incorrect_weak,Male,66956649d7179281d46fa6f2,48.0,5.0,4.0,4.0,25.0,50.0,25.0,25.0,unknown_man_word,dominant_woman_wins,Unknown_ManWord_ManWins,Dominant_WomanWins,B,A,0,0.38,58.576,24.183,11.434,M,incorrect,weak,Failure,0,1,1,1,3,0,Male,1,0,Female,50.0,White,0,1,1,0,0,0,-17.2256,5.5815
R_3dqn4vnmT7KG0Wl,5e3b759740e302397f294a2d,2026-03-13T15:22:45Z,2026-03-13T15:30:29Z,463.0,M_correct_weak,Male,66be78ef3ca75af1251ce936,51.0,0.0,2.0,2.0,15.0,15.0,0.0,0.0,identical_woman_woman,misleading_man_looks_better,Identical_WomanWoman_Bwins,ObviousFails_ManLooksBetter,B,B,1,0.57,29.243,14.318,4.824,M,correct,weak,Success,1,1,1,1,4,1,Female,0,0,Female,27.0,Asian,0,0,0,0,1,0,-27.2256,-17.4185
R_6RR0d6szP7RQKP9,64727ea9591087aef21f3dcf,2026-03-13T15:22:10Z,2026-03-13T15:32:18Z,608.0,M_correct_strong,Male,63d80b500adef5b476e289a4,0.0,15.0,100.0,100.0,39.0,39.0,0.0,0.0,dominant_woman_wins,unknown_man_word,Dominant_WomanWins,Unknown_ManWord_ManWins,A,A,1,0.7,27.922,24.027,11.078,M,correct,strong,Success,0,1,1,1,3,0,Male,1,0,Male,58.0,White,0,1,0,0,1,1,-3.2256,13.5815
R_60cg8TxrU9VKM5r,5a7d12a1f49c9a0001f33d53,2026-03-13T15:28:35Z,2026-03-13T15:34:16Z,340.0,M_incorrect_weak,Male,66956649d7179281d46fa6f2,48.0,5.0,4.0,4.0,0.0,0.0,0.0,0.0,unknown_man_word,dominant_woman_wins,Unknown_ManWord_ManWins,Dominant_WomanWins,B,A,0,0.5,10.03,4.873,6.745,M,incorrect,weak,Failure,1,1,1,1,4,1,Male,1,0,Male,58.0,White,1,1,0,0,0,0,-42.2256,13.5815
R_12MTeAMhVol1ERj,62a3be0d93b8dd1e69b4317d,2026-03-13T15:31:33Z,2026-03-13T15:34:51Z,197.0,M_incorrect_strong,Male,5eac686d82cc012af1e953c7,100.0,82.0,100.0,100.0,100.0,0.0,-100.0,100.0,unknown_woman_gk,man_vs_man,Unknown_WomanGK_ManWins,ManVsMan_Awins,A,B,0,0.0,16.516,6.382,5.443,M,incorrect,strong,Failure,0,1,1,1,3,0,Male,1,0,Female,69.0,White,0,1,1,0,0,1,57.7744,24.5815
R_7g1vcusB0565KWu,667202328ae5a13b88528a04,2026-03-13T15:28:39Z,2026-03-13T15:35:57Z,437.0,M_correct_strong,Male,63d80b500adef5b476e289a4,0.0,15.0,100.0,100.0,22.0,40.0,18.0,18.0,dominant_woman_wins,unknown_man_word,Dominant_WomanWins,Unknown_ManWord_ManWins,A,A,1,0.61,14.632,6.907,6.854,M,correct,strong,Success,1,1,1,1,4,1,,0,1,Male,23.0,Asian,0,0,1,0,1,1,-20.2256,-21.4185
R_7oTshxJWeWzGevf,664b6b694005aa7b48e85c48,2026-03-13T15:25:50Z,2026-03-13T15:36:20Z,629.0,W_correct_weak,Female,652ecb92078fe073ab29b920,48.0,1.0,4.0,4.0,0.0,0.0,0.0,0.0,close_woman_wins,dominant_man_wins,Close_WomanWins,Dominant_ManWins,A,A,1,0.5,92.978,49.779,17.642,W,correct,weak,Success,1,1,1,1,4,1,Male,0,0,Male,41.0,Black,0,0,0,1,1,0,-42.2256,-3.4185
R_3JxQveSf9hD2bx9,62db005bae68d37fe24b50da,2026-03-13T15:34:23Z,2026-03-13T15:39:36Z,312.0,W_incorrect_weak,Female,63d3f99eac52371a49e65825,48.0,6.0,4.0,4.0,0.0,0.0,0.0,0.0,unknown_man_word,dominant_woman_wins,Unknown_ManWord_ManWins,Dominant_WomanWins,B,A,0,0.5,8.303,5.809,6.809,W,incorrect,weak,Failure,1,1,1,1,4,1,,0,1,Non-binary,36.0,White,0,0,0,1,0,0,-42.2256,-8.4185
R_3OW6HyeLUKEU4Bb,5f2c4bf4e4f3080e6a469fcc,2026-03-13T15:37:04Z,2026-03-13T15:42:40Z,336.0,M_correct_strong,Male,62877d5f6a054e53313ac916,0.0,99.0,100.0,100.0,100.0,100.0,0.0,0.0,dominant_woman_wins,split_unknowns,Dominant_WomanWins,SplitUnknowns_ManWins,A,A,1,1.0,26.189,9.023,7.32,M,correct,strong,Success,1,1,1,1,4,1,,0,1,Female,41.0,White,0,0,0,0,1,1,57.7744,-3.4185
R_1e2xwSffvLi2ezG,6945b2bc841178ca14128632,2026-03-13T15:36:12Z,2026-03-13T15:43:37Z,444.0,W_incorrect_strong,Female,5c005838232b6c0001221acf,100.0,83.0,100.0,100.0,75.0,0.0,-75.0,75.0,dominant_man_wins,misleading_man_looks_better,Dominant_ManWins,ObviousFails_ManLooksBetter,A,B,0,0.13,25.315,9.853,7.748,W,incorrect,strong,Failure,1,1,1,1,4,1,Female,1,0,Female,57.0,White,1,1,1,1,0,1,32.7744,12.5815
R_7tlNG1NzmdgPofU,664b700b38e720bf4c02dfd7,2026-03-13T15:38:36Z,2026-03-13T15:43:49Z,312.0,M_correct_strong,Male,5f5452df72345118f58d187b,0.0,0.0,100.0,100.0,75.0,79.0,4.0,4.0,dominant_woman_wins,misleading_man_looks_better,Dominant_WomanWins,ObviousFails_ManLooksBetter,A,A,1,0.88,32.977,13.767,6.17,M,correct,strong,Success,0,1,1,1,3,0,,0,1,Female,39.0,White,0,0,1,0,1,1,32.7744,-5.4185
R_78GUK4FlP8Dr8q8,66ede5bbe36caed7269bd7e2,2026-03-13T15:40:52Z,2026-03-13T15:46:04Z,311.0,M_correct_weak,Male,66be78ef3ca75af1251ce936,51.0,0.0,2.0,2.0,60.0,60.0,0.0,0.0,identical_woman_woman,misleading_man_looks_better,Identical_WomanWoman_Bwins,ObviousFails_ManLooksBetter,B,B,1,0.8,28.246,8.036,3.484,M,correct,weak,Success,1,1,1,1,4,1,Male,1,0,Non-binary,30.0,Asian,1,1,0,0,1,0,17.7744,-14.4185
R_3IpsupsIx9MiWpb,62686fdb4b7b799abadf0303,2026-03-13T15:40:01Z,2026-03-13T15:46:14Z,372.0,W_incorrect_strong,Female,62b628e4351d179f1ff6cc59,0.0,65.0,100.0,100.0,100.0,100.0,0.0,0.0,misleading_woman_looks_better,unknown_woman_gk,ObviousFails_WomanLooksBetter,Unknown_WomanGK_ManWins,B,A,0,0.0,31.386,16.476,10.89,W,incorrect,strong,Failure,1,1,1,1,4,1,Female,1,0,Female,57.0,White,1,1,0,1,0,1,57.7744,12.5815
R_5RaB9feHk0JMnla,67a507f52decb8dbaacc29e3,2026-03-13T15:27:00Z,2026-03-13T15:47:27Z,1226.0,M_incorrect_weak,Male,641385c88f29eb3264283818,49.0,2.0,2.0,2.0,5.0,0.0,-5.0,5.0,identical_woman_woman,dominant_woman_wins,Identical_WomanWoman_Bwins,Dominant_WomanWins,B,A,0,0.47,137.937,29.726,29.412,M,incorrect,weak,Failure,1,1,1,1,4,1,Male,1,0,Male,36.0,Black,1,1,1,0,0,0,-37.2256,-8.4185
R_5KwfuIFVQIhPeGu,67f29249f806e5d43bd01798,2026-03-13T15:39:28Z,2026-03-13T15:47:45Z,496.0,W_correct_weak,Female,652ecb92078fe073ab29b920,48.0,1.0,4.0,4.0,0.0,50.0,50.0,50.0,close_woman_wins,dominant_man_wins,Close_WomanWins,Dominant_ManWins,A,A,1,0.5,44.511,15.399,13.423,W,correct,weak,Success,1,1,1,1,4,1,,0,1,Male,42.0,White,0,0,1,1,1,0,-42.2256,-2.4185
R_15RfrxYWBLKcMkp,65ba5a6acde77f1167c84b8c,2026-03-13T15:41:28Z,2026-03-13T15:48:22Z,414.0,W_incorrect_weak,Female,61188057fe5a395476806c12,49.0,28.0,2.0,2.0,50.0,50.0,0.0,0.0,identical_woman_woman,man_vs_man,Identical_WomanWoman_Bwins,ManVsMan_Awins,B,A,0,0.25,20.664,5.461,5.849,W,incorrect,weak,Failure,1,1,0,1,3,0,Female,1,0,Female,40.0,White,0,1,0,1,0,0,7.7744,-4.4185
R_7g2VLP2PMVjLtkJ,5f88fc9a4157a110c725e6f5,2026-03-13T15:42:37Z,2026-03-13T15:48:40Z,362.0,M_incorrect_strong,Male,67a95d468d14bd6324b4bbba,0.0,81.0,100.0,100.0,100.0,100.0,0.0,0.0,misleading_woman_looks_better,close_woman_wins,ObviousFails_WomanLooksBetter,Close_WomanWins,B,A,0,0.0,19.535,3.19,6.422,M,incorrect,strong,Failure,0,1,1,1,3,0,Male,1,0,Male,28.0,Asian,0,1,0,0,0,1,57.7744,-16.4185
R_1QtEHkVIbQ3q0gh,65cf6bcf11dca2196c5f9156,2026-03-13T15:44:16Z,2026-03-13T15:49:02Z,286.0,M_correct_weak,Male,66be78ef3ca75af1251ce936,51.0,0.0,2.0,2.0,0.0,50.0,50.0,50.0,identical_woman_woman,misleading_man_looks_better,Identical_WomanWoman_Bwins,ObviousFails_ManLooksBetter,B,B,1,0.5,39.524,18.964,7.553,M,correct,weak,Success,1,1,1,1,4,1,,0,1,Female,64.0,White,0,0,1,0,1,0,-42.2256,19.5815
R_12VH4UPWaQi5r7C,66a02d45a7db35d93c9f6a81,2026-03-13T15:36:52Z,2026-03-13T15:50:43Z,831.0,W_incorrect_strong,Female,62d59a066ee263bb659aa445,0.0,91.0,100.0,100.0,100.0,100.0,0.0,0.0,misleading_woman_looks_better,split_unknowns,ObviousFails_WomanLooksBetter,SplitUnknowns_ManWins,B,A,0,0.0,14.857,7.325,7.835,W,incorrect,strong,Failure,0,1,1,1,3,0,Male,0,0,Male,26.0,White,0,0,0,1,0,1,57.7744,-18.4185
R_6NyvJR6tLLnPOCw,67c4c8f9fa9ba2b8a265b2f4,2026-03-13T15:48:25Z,2026-03-13T15:50:44Z,139.0,M_correct_weak,Male,664439645a9a29be43d5bf5a,49.0,75.0,2.0,2.0,0.0,0.0,0.0,0.0,close_woman_wins,unknown_woman_gk,Close_WomanWins,Unknown_WomanGK_ManWins,A,A,1,0.5,17.659,10.559,5.372,M,correct,weak,Success,1,1,1,1,4,1,Male,1,0,Male,51.0,White,1,1,0,0,1,0,-42.2256,6.5815
R_1JVZSMTvjfOawqD,6111c4865701e1ba367af3e3,2026-03-13T15:48:08Z,2026-03-13T15:51:58Z,229.0,M_incorrect_weak,Male,666b5817eadabfbefc40fe1b,49.0,21.0,2.0,2.0,0.0,0.0,0.0,0.0,split_unknowns,dominant_man_wins,SplitUnknowns_ManWins,Dominant_ManWins,B,A,0,0.5,8.492,7.122,5.027,M,incorrect,weak,Failure,1,1,0,1,3,0,Male,1,0,Female,28.0,White,0,1,0,0,0,0,-42.2256,-16.4185
R_1Ngm23sGp2oSBIv,55eb4774748092000baa97ee,2026-03-13T15:44:25Z,2026-03-13T15:53:41Z,556.0,M_incorrect_weak,Male,67aa52dcb66d138fca70a211,49.0,5.0,2.0,2.0,0.0,0.0,0.0,0.0,identical_woman_woman,misleading_man_looks_better,Identical_WomanWoman_Bwins,ObviousFails_ManLooksBetter,B,A,0,0.5,17.018,9.37,4.941,M,incorrect,weak,Failure,1,1,1,1,4,1,Male,1,0,Female,36.0,White,1,1,0,0,0,0,-42.2256,-8.4185
R_1wWEgDbcyZMEKhr,6430c599f0887cb443f8da9a,2026-03-13T15:49:57Z,2026-03-13T15:54:02Z,244.0,M_correct_strong,Male,6598942c3d07928cc188ffdb,100.0,1.0,100.0,100.0,100.0,30.0,-70.0,70.0,misleading_man_looks_better,man_vs_man,ObviousFails_ManLooksBetter,ManVsMan_Awins,B,B,1,1.0,7.748,33.561,5.291,M,correct,strong,Success,1,1,1,1,4,1,,0,1,Male,56.0,White,0,0,1,0,1,1,57.7744,11.5815
R_1gbm5gIuLysK7zH,5dddb4071e70dad3885f1601,2026-03-13T15:50:39Z,2026-03-13T15:54:07Z,208.0,W_correct_weak,Female,652ecb92078fe073ab29b920,48.0,1.0,4.0,4.0,10.0,10.0,0.0,0.0,close_woman_wins,dominant_man_wins,Close_WomanWins,Dominant_ManWins,A,A,1,0.55,24.5,14.795,4.795,W,correct,weak,Success,1,1,1,1,4,1,Female,1,0,Female,41.0,White,1,1,0,1,1,0,-32.2256,-3.4185
R_60L2FeucZNgt4OJ,667aef5020c649859142a95e,2026-03-13T15:48:24Z,2026-03-13T15:57:17Z,533.0,M_incorrect_strong,Male,67a95d468d14bd6324b4bbba,0.0,81.0,100.0,100.0,100.0,100.0,0.0,0.0,misleading_woman_looks_better,close_woman_wins,ObviousFails_WomanLooksBetter,Close_WomanWins,B,A,0,0.0,67.79,27.382,11.083,M,incorrect,strong,Failure,0,1,1,1,3,0,Male,1,0,Male,71.0,White,0,1,0,0,0,1,57.7744,26.5815
R_6Tkdz1x2MCkcnS1,66293da691cec8862619b1dc,2026-03-13T15:53:59Z,2026-03-13T15:58:39Z,280.0,W_correct_strong,Female,67215f2922159d42abf932a4,0.0,8.0,100.0,100.0,50.0,50.0,0.0,0.0,dominant_woman_wins,dominant_man_wins,Dominant_WomanWins,Dominant_ManWins,A,A,1,0.75,20.225,10.687,5.751,W,correct,strong,Success,1,1,1,0,3,0,,0,1,Female,47.0,White,0,0,0,1,1,1,7.7744,2.5815
R_1iDclZy9U1sGOoF,64456ad3d3e7651a1dad232c,2026-03-13T15:51:11Z,2026-03-13T16:01:09Z,598.0,W_correct_strong,Female,5f5967d6e280e61b2db8e55c,0.0,90.0,100.0,100.0,100.0,100.0,0.0,0.0,dominant_man_wins,man_vs_man,Dominant_ManWins,ManVsMan_Awins,A,A,1,1.0,51.129,27.847,16.479,W,correct,strong,Success,0,1,1,1,3,0,Female,1,0,Female,72.0,White,0,1,0,1,1,1,57.7744,27.5815
R_15ACVp2RLu8867l,63f8083b81d600b33e288f21,2026-03-13T15:54:33Z,2026-03-13T16:01:29Z,415.0,W_incorrect_weak,Female,66e7853b4e311a12f93b5411,49.0,2.0,2.0,2.0,4.0,0.0,-4.0,4.0,identical_woman_woman,dominant_woman_wins,Identical_WomanWoman_Bwins,Dominant_WomanWins,B,A,0,0.48,87.399,6.874,20.503,W,incorrect,weak,Failure,1,1,1,1,4,1,Male,0,0,Female,34.0,Black,0,0,1,1,0,0,-38.2256,-10.4185
R_3CEhNmD39oDoKI0,672168a2cacd120fe4c09ab7,2026-03-13T15:56:11Z,2026-03-13T16:02:44Z,393.0,W_correct_strong,Female,5d537c0cecc84200153075e9,0.0,4.0,100.0,100.0,25.0,75.0,50.0,50.0,dominant_woman_wins,unknown_man_word,Dominant_WomanWins,Unknown_ManWord_ManWins,A,A,1,0.63,15.612,10.02,5.32,W,correct,strong,Success,0,1,1,1,3,0,Male,0,0,Male,53.0,White,0,0,1,1,1,1,-17.2256,8.5815
R_6HpmS2n6doGNB8C,6400f8f41e203f131c68b79f,2026-03-13T15:58:08Z,2026-03-13T16:04:14Z,366.0,M_correct_weak,Male,6745f39f437c441b19285a1a,51.0,4.0,2.0,2.0,20.0,20.0,0.0,0.0,identical_woman_woman,misleading_man_looks_better,Identical_WomanWoman_Bwins,ObviousFails_ManLooksBetter,B,B,1,0.6,40.882,15.917,6.455,M,correct,weak,Success,1,1,1,1,4,1,,0,1,Male,40.0,Asian,0,0,0,0,1,0,-22.2256,-4.4185
R_7nVHYHxRpvCmt4L,655e151840bad377f83a4ec2,2026-03-13T15:58:01Z,2026-03-13T16:08:14Z,613.0,W_incorrect_weak,Female,63d3f99eac52371a49e65825,48.0,6.0,4.0,4.0,100.0,100.0,0.0,0.0,unknown_man_word,dominant_woman_wins,Unknown_ManWord_ManWins,Dominant_WomanWins,B,A,0,0.0,34.07,11.558,14.84,W,incorrect,weak,Failure,0,1,1,1,3,0,Female,1,0,Female,66.0,Black,0,1,0,1,0,0,57.7744,21.5815
R_69c6REvhQkugPhH,67bca2520a799ae9507bc053,2026-03-13T16:01:45Z,2026-03-13T16:08:51Z,425.0,M_correct_strong,Male,63ecff07b619306f41db42fa,0.0,1.0,100.0,100.0,75.0,60.0,-15.0,15.0,dominant_man_wins,dominant_woman_wins,Dominant_ManWins,Dominant_WomanWins,A,A,1,0.88,41.233,31.568,14.365,M,correct,strong,Success,0,1,1,1,3,0,Male,1,0,Male,62.0,White,0,1,1,0,1,1,32.7744,17.5815
R_7FNGd3C9TkWywA9,663e3e5adf9e4219c11cfcce,2026-03-13T16:06:23Z,2026-03-13T16:10:39Z,256.0,W_incorrect_weak,Female,65cb86a7e667e637599a3af3,49.0,1.0,2.0,2.0,9.0,20.0,11.0,11.0,identical_woman_woman,dominant_woman_wins,Identical_WomanWoman_Bwins,Dominant_WomanWins,B,A,0,0.46,21.261,17.198,2.804,W,incorrect,weak,Failure,1,1,1,1,4,1,Female,1,0,Female,36.0,White,1,1,1,1,0,0,-33.2256,-8.4185
R_3gHfcYQODMwKqMS,65453d14e3d9721a56769d35,2026-03-13T16:03:27Z,2026-03-13T16:11:05Z,458.0,W_correct_strong,Female,6643d22289210a4edf21e84d,0.0,7.0,100.0,100.0,100.0,100.0,0.0,0.0,dominant_woman_wins,man_vs_man,Dominant_WomanWins,ManVsMan_Awins,A,A,1,1.0,57.301,18.909,15.451,W,correct,strong,Success,1,1,1,1,4,1,Female,1,0,Female,59.0,White,1,1,0,1,1,1,57.7744,14.5815
R_578YKEP7OmxlvPN,6942e378d0c8a15ff6b1f81e,2026-03-13T16:09:09Z,2026-03-13T16:14:12Z,302.0,M_correct_strong,Male,5f5452df72345118f58d187b,0.0,0.0,100.0,100.0,24.0,25.0,1.0,1.0,dominant_woman_wins,misleading_man_looks_better,Dominant_WomanWins,ObviousFails_ManLooksBetter,A,A,1,0.62,14.68,8.404,4.801,M,correct,strong,Success,1,1,1,1,4,1,,0,1,Female,55.0,Asian,0,0,1,0,1,1,-18.2256,10.5815
R_6KMUazfQ1AZTvEn,58752fed445a5f00019b4a3f,2026-03-13T16:10:31Z,2026-03-13T16:15:48Z,316.0,M_incorrect_strong,Male,59e7477e3e4b5a00016aa4d2,100.0,1.0,100.0,100.0,0.0,0.0,0.0,0.0,dominant_woman_wins,split_unknowns,Dominant_WomanWins,SplitUnknowns_ManWins,A,B,0,0.5,3.199,3.219,2.538,M,incorrect,strong,Failure,0,1,1,1,3,0,Male,1,0,Male,27.0,White,0,1,0,0,0,1,-42.2256,-17.4185
R_5rOEbFdzjZSop9U,63ea5fe3c03c77c607e33990,2026-03-13T16:12:15Z,2026-03-13T16:16:46Z,271.0,M_incorrect_strong,Male,67a95d468d14bd6324b4bbba,0.0,81.0,100.0,100.0,75.0,75.0,0.0,0.0,misleading_woman_looks_better,close_woman_wins,ObviousFails_WomanLooksBetter,Close_WomanWins,B,A,0,0.13,24.776,11.509,8.572,M,incorrect,strong,Failure,1,1,1,1,4,1,Male,1,0,Male,61.0,White,1,1,0,0,0,1,32.7744,16.5815
R_1rqSdcV7aZG6YsM,627ebc31883c7dd7c2220c7e,2026-03-13T16:13:47Z,2026-03-13T16:17:31Z,223.0,M_incorrect_strong,Male,59e7477e3e4b5a00016aa4d2,100.0,1.0,100.0,100.0,50.0,25.0,-25.0,25.0,dominant_woman_wins,split_unknowns,Dominant_WomanWins,SplitUnknowns_ManWins,A,B,0,0.25,18.893,11.23,2.72,M,incorrect,strong,Failure,0,1,1,1,3,0,Male,1,0,Female,22.0,White,0,1,1,0,0,1,7.7744,-22.4185
R_1q9G0BpP3GPMNoN,6509ef2182c4abf47b1cb961,2026-03-13T16:07:33Z,2026-03-13T16:17:43Z,610.0,W_incorrect_weak,Female,5e9f3f09ccc75a0c345e4845,49.0,5.0,2.0,2.0,6.0,17.0,11.0,11.0,split_unknowns,misleading_woman_looks_better,SplitUnknowns_ManWins,ObviousFails_WomanLooksBetter,B,A,0,0.47,15.956,3.043,9.481,W,incorrect,weak,Failure,1,1,1,1,4,1,,0,1,Female,25.0,Asian,0,0,1,1,0,0,-36.2256,-19.4185
R_7pXnxMKs2RB4Ifj,693f0f6b4c24d768f41c9941,2026-03-13T16:15:45Z,2026-03-13T16:21:54Z,369.0,M_incorrect_weak,Male,641385c88f29eb3264283818,49.0,2.0,2.0,2.0,100.0,0.0,-100.0,100.0,identical_woman_woman,dominant_woman_wins,Identical_WomanWoman_Bwins,Dominant_WomanWins,B,A,0,0.0,49.798,6.236,6.487,M,incorrect,weak,Failure,0,1,1,1,3,0,Male,1,0,Male,32.0,Black,0,1,1,0,0,0,57.7744,-12.4185
R_5dK1mrIrsHT7pZf,6413dd7eadc09e71fa198000,2026-03-13T16:17:57Z,2026-03-13T16:22:39Z,281.0,M_incorrect_weak,Male,66956649d7179281d46fa6f2,48.0,5.0,4.0,4.0,0.0,0.0,0.0,0.0,unknown_man_word,dominant_woman_wins,Unknown_ManWord_ManWins,Dominant_WomanWins,B,A,0,0.5,29.261,5.219,8.164,M,incorrect,weak,Failure,0,1,1,1,3,0,Male,1,0,Male,41.0,White,0,1,0,0,0,0,-42.2256,-3.4185
R_5bdTRGNyW1Ia3jr,677f6f8ab8362a15598d29af,2026-03-13T16:09:22Z,2026-03-13T16:23:35Z,853.0,M_correct_weak,Male,66e9cc5fb04f5ba6d8b5a3f1,51.0,5.0,2.0,2.0,14.0,18.0,4.0,4.0,split_unknowns,misleading_man_looks_better,SplitUnknowns_ManWins,ObviousFails_ManLooksBetter,B,B,1,0.57,54.067,9.554,8.083,M,correct,weak,Success,1,1,1,1,4,1,Male,1,0,Female,40.0,White,1,1,1,0,1,0,-28.2256,-4.4185
R_3OOmpXVKL5WUHgY,636d6ce3fb3683ff33f9e514,2026-03-13T16:18:55Z,2026-03-13T16:23:47Z,292.0,M_correct_strong,Male,63d80b500adef5b476e289a4,0.0,15.0,100.0,100.0,75.0,50.0,-25.0,25.0,dominant_woman_wins,unknown_man_word,Dominant_WomanWins,Unknown_ManWord_ManWins,A,A,1,0.88,12.772,8.096,9.597,M,correct,strong,Success,0,1,1,1,3,0,Male,1,0,Male,52.0,White,0,1,1,0,1,1,32.7744,7.5815
R_7PNCOFvqRUIaquR,67469dde494c2b78202fc16e,2026-03-13T16:18:12Z,2026-03-13T16:25:28Z,436.0,M_incorrect_strong,Male,6702c3ee33eed6369eb34c8f,0.0,20.0,100.0,100.0,75.0,50.0,-25.0,25.0,misleading_man_looks_better,split_unknowns,ObviousFails_ManLooksBetter,SplitUnknowns_ManWins,B,A,0,0.13,30.933,6.099,6.554,M,incorrect,strong,Failure,0,1,1,1,3,0,Female,0,0,Female,49.0,Hispanic,0,0,1,0,0,1,32.7744,4.5815
R_3DMmSCkKPHILFGp,5ee77276fd87c8040d49aad0,2026-03-13T16:24:32Z,2026-03-13T16:28:18Z,225.0,W_incorrect_strong,Female,62b628e4351d179f1ff6cc59,0.0,65.0,100.0,100.0,75.0,64.0,-11.0,11.0,misleading_woman_looks_better,unknown_woman_gk,ObviousFails_WomanLooksBetter,Unknown_WomanGK_ManWins,B,A,0,0.13,19.695,7.293,8.351,W,incorrect,strong,Failure,0,1,1,1,3,0,Female,1,0,Male,42.0,White,0,1,1,1,0,1,32.7744,-2.4185
R_3CjjYhyEBTvDLVd,677336ba29668ba752046dfc,2026-03-13T16:23:30Z,2026-03-13T16:29:57Z,386.0,W_correct_weak,Female,652ecb92078fe073ab29b920,48.0,1.0,4.0,4.0,10.0,40.0,30.0,30.0,close_woman_wins,dominant_man_wins,Close_WomanWins,Dominant_ManWins,A,A,1,0.55,47.113,15.429,7.846,W,correct,weak,Success,1,1,1,1,4,1,Female,1,0,Female,47.0,White,1,1,1,1,1,0,-32.2256,2.5815
R_3LbuKQknUuIWeqg,6365b5599c1775edb6d46be4,2026-03-13T16:26:38Z,2026-03-13T16:31:22Z,284.0,M_correct_strong,Male,66b01097e95b0626c2cd7b5c,100.0,5.0,100.0,100.0,50.0,23.0,-27.0,27.0,misleading_woman_looks_better,dominant_man_wins,ObviousFails_WomanLooksBetter,Dominant_ManWins,B,B,1,0.75,26.168,25.219,4.531,M,correct,strong,Success,0,1,1,1,3,0,Male,1,0,Female,27.0,Hispanic,0,1,1,0,1,1,7.7744,-17.4185
R_6Miiz6nX8KrI9EC,66813c65d6816913e30341ff,2026-03-13T16:20:18Z,2026-03-13T16:32:02Z,704.0,M_correct_strong,Male,5f5452df72345118f58d187b,0.0,0.0,100.0,100.0,100.0,80.0,-20.0,20.0,dominant_woman_wins,misleading_man_looks_better,Dominant_WomanWins,ObviousFails_ManLooksBetter,A,A,1,1.0,29.708,59.728,10.631,M,correct,strong,Success,1,1,1,1,4,1,Male,1,0,Male,36.0,White,1,1,1,0,1,1,57.7744,-8.4185
R_5qa0e1coirquFah,5a69f41df10cdb0001b10329,2026-03-13T16:28:50Z,2026-03-13T16:34:05Z,314.0,W_correct_weak,Female,6473bd2d95a488b826bc24c4,51.0,5.0,2.0,2.0,0.0,100.0,100.0,100.0,split_unknowns,unknown_man_word,SplitUnknowns_ManWins,Unknown_ManWord_ManWins,B,B,1,0.5,28.575,6.883,13.057,W,correct,weak,Success,1,1,1,1,4,1,Male,0,0,Male,38.0,White,0,0,1,1,1,0,-42.2256,-6.4185
R_7qZTEEMitxVQCop,66d11c3a88079078a55c54e5,2026-03-13T16:29:32Z,2026-03-13T16:34:30Z,298.0,W_correct_weak,Female,5f4ee7ff2c5da213f015a27e,51.0,13.0,2.0,2.0,3.0,1.0,-2.0,2.0,identical_woman_woman,misleading_man_looks_better,Identical_WomanWoman_Bwins,ObviousFails_ManLooksBetter,B,B,1,0.52,19.263,10.414,3.687,W,correct,weak,Success,1,1,1,0,3,0,Female,1,0,Female,29.0,White,0,1,1,1,1,0,-39.2256,-15.4185
R_6kIeDBoPcgO7qQF,6760853e178af224e611e496,2026-03-13T16:30:15Z,2026-03-13T16:36:00Z,345.0,W_correct_weak,Female,652ecb92078fe073ab29b920,48.0,1.0,4.0,4.0,5.0,20.0,15.0,15.0,close_woman_wins,dominant_man_wins,Close_WomanWins,Dominant_ManWins,A,A,1,0.53,34.987,25.739,12.99,W,correct,weak,Success,1,1,1,1,4,1,,0,1,Male,40.0,White,0,0,1,1,1,0,-37.2256,-4.4185
R_1XHeepeKiz7kYI9,61639cbb5ffec1a6b93b2334,2026-03-13T16:32:26Z,2026-03-13T16:36:13Z,227.0,W_incorrect_weak,Female,6679dc943f855ba978447c25,48.0,8.0,4.0,4.0,100.0,100.0,0.0,0.0,identical_woman_woman,dominant_man_wins,Identical_WomanWoman_Bwins,Dominant_ManWins,B,A,0,0.0,11.086,4.886,6.432,W,incorrect,weak,Failure,1,1,1,0,3,0,Female,1,0,Female,47.0,White,0,1,0,1,0,0,57.7744,2.5815
R_5qb4qy9IzpehiN5,5c787104f5b67c0001d5b39d,2026-03-13T16:31:45Z,2026-03-13T16:37:05Z,320.0,W_correct_weak,Female,63d5b810f3dbbd11e7e65870,51.0,98.0,2.0,2.0,20.0,40.0,20.0,20.0,identical_woman_woman,close_woman_wins,Identical_WomanWoman_Bwins,Close_WomanWins,B,B,1,0.6,73.712,11.809,6.121,W,correct,weak,Success,1,1,1,1,4,1,Female,1,0,Female,35.0,White,1,1,1,1,1,0,-22.2256,-9.4185
R_6Yapy2kQPz6XDg9,5bce1e8453de590001846151,2026-03-13T16:34:27Z,2026-03-13T16:38:12Z,224.0,M_incorrect_strong,Male,6398db762e009c7af9e1da88,0.0,85.0,100.0,100.0,100.0,100.0,0.0,0.0,misleading_man_looks_better,unknown_woman_gk,ObviousFails_ManLooksBetter,Unknown_WomanGK_ManWins,B,A,0,0.0,19.333,7.261,6.083,M,incorrect,strong,Failure,0,1,1,1,3,0,Female,0,0,Male,35.0,White,0,0,0,0,0,1,57.7744,-9.4185
R_6Q3GppbvkOqfmUS,5d510396f6725b001a4fc025,2026-03-13T16:34:38Z,2026-03-13T16:38:26Z,228.0,M_incorrect_weak,Male,66956649d7179281d46fa6f2,48.0,5.0,4.0,4.0,0.0,10.0,10.0,10.0,unknown_man_word,dominant_woman_wins,Unknown_ManWord_ManWins,Dominant_WomanWins,B,A,0,0.5,12.652,12.795,5.69,M,incorrect,weak,Failure,0,1,1,1,3,0,Female,0,0,Non-binary,27.0,American Indian,0,0,1,0,0,0,-42.2256,-17.4185
R_6BQPUMejILvnTWg,677e09d332acbbd97ca33ae4,2026-03-13T16:32:33Z,2026-03-13T16:38:26Z,352.0,W_correct_weak,Female,63d5b810f3dbbd11e7e65870,51.0,98.0,2.0,2.0,0.0,100.0,100.0,100.0,identical_woman_woman,close_woman_wins,Identical_WomanWoman_Bwins,Close_WomanWins,B,B,1,0.5,32.424,7.871,10.797,W,correct,weak,Success,1,1,1,1,4,1,Female,1,0,Female,24.0,Hispanic,1,1,1,1,1,0,-42.2256,-20.4185
R_3r98k4JSbPyC3G9,62891f0c151d0193dd342f81,2026-03-13T16:38:19Z,2026-03-13T16:42:06Z,226.0,M_incorrect_weak,Male,5e5731e3e1e8b90e25c1f3a2,51.0,11.0,2.0,2.0,10.0,30.0,20.0,20.0,close_woman_wins,misleading_man_looks_better,Close_WomanWins,ObviousFails_ManLooksBetter,A,B,0,0.45,15.185,12.974,7.505,M,incorrect,weak,Failure,0,1,1,1,3,0,,0,1,Male,36.0,White,0,0,1,0,0,0,-32.2256,-8.4185
R_6n0kKC5jRDhXnqg,6782b2f4bd70e1c0a9a36590,2026-03-13T16:35:48Z,2026-03-13T16:42:26Z,398.0,W_incorrect_strong,Female,5c005838232b6c0001221acf,100.0,83.0,100.0,100.0,0.0,0.0,0.0,0.0,dominant_man_wins,misleading_man_looks_better,Dominant_ManWins,ObviousFails_ManLooksBetter,A,B,0,0.5,18.924,4.594,8.125,W,incorrect,strong,Failure,0,1,1,1,3,0,Female,1,0,Male,34.0,White,0,1,0,1,0,1,-42.2256,-10.4185
R_5oeau8PWklJfdSi,6942d96507ca4dc6182472ed,2026-03-13T16:40:55Z,2026-03-13T16:45:35Z,280.0,W_incorrect_weak,Female,61188057fe5a395476806c12,49.0,28.0,2.0,2.0,0.0,0.0,0.0,0.0,identical_woman_woman,man_vs_man,Identical_WomanWoman_Bwins,ManVsMan_Awins,B,A,0,0.5,35.758,9.169,11.462,W,incorrect,weak,Failure,1,1,1,1,4,1,Female,1,0,Female,43.0,White,1,1,0,1,0,0,-42.2256,-1.4185
R_7DHClVb64rLdEMm,63b0888e6716ff9bc2cda151,2026-03-13T16:33:18Z,2026-03-13T16:45:55Z,757.0,W_incorrect_weak,Female,66e7853b4e311a12f93b5411,49.0,2.0,2.0,2.0,50.0,0.0,-50.0,50.0,identical_woman_woman,dominant_woman_wins,Identical_WomanWoman_Bwins,Dominant_WomanWins,B,A,0,0.25,34.192,46.327,13.959,W,incorrect,weak,Failure,1,1,1,1,4,1,Female,1,0,Male,54.0,Asian,1,1,1,1,0,0,7.7744,9.5815
R_6HV4VCPtmLePaoN,63caa01beb22afd1f8a42b54,2026-03-13T16:29:24Z,2026-03-13T16:47:03Z,1059.0,W_correct_strong,Female,5d537c0cecc84200153075e9,0.0,4.0,100.0,100.0,75.0,25.0,-50.0,50.0,dominant_woman_wins,unknown_man_word,Dominant_WomanWins,Unknown_ManWord_ManWins,A,A,1,0.88,152.436,29.467,27.137,W,correct,strong,Success,0,1,1,1,3,0,Female,1,0,Female,72.0,White,0,1,1,1,1,1,32.7744,27.5815
R_6lr8RHsYIFvonkp,5e35e5983db03759c2bbbc89,2026-03-13T16:45:48Z,2026-03-13T16:47:55Z,126.0,M_correct_weak,Male,66bffd8c97a80ac91e1087e0,51.0,1.0,2.0,2.0,0.0,100.0,100.0,100.0,identical_woman_woman,dominant_woman_wins,Identical_WomanWoman_Bwins,Dominant_WomanWins,B,B,1,0.5,9.961,4.589,3.273,M,correct,weak,Success,1,1,1,1,4,1,Male,1,0,Female,25.0,Hispanic,1,1,1,0,1,0,-42.2256,-19.4185
R_72utAPSel9FwzA6,6042794fe3c49714bee3e9cf,2026-03-13T16:42:47Z,2026-03-13T16:48:26Z,339.0,W_correct_strong,Female,R_6LuSAqe1z1kqjId,100.0,61.0,100.0,100.0,95.0,81.0,-14.0,14.0,misleading_woman_looks_better,unknown_man_word,ObviousFails_WomanLooksBetter,Unknown_ManWord_ManWins,B,B,1,0.97,23.556,10.565,7.274,W,correct,strong,Success,1,1,1,1,4,1,Female,1,0,Female,74.0,White,1,1,1,1,1,1,52.7744,29.5815
R_6QsPFG7CGAbPikB,66db373cce38104268a0fb78,2026-03-13T16:36:01Z,2026-03-13T16:48:47Z,765.0,M_incorrect_strong,Male,6702c3ee33eed6369eb34c8f,0.0,20.0,100.0,100.0,100.0,100.0,0.0,0.0,misleading_man_looks_better,split_unknowns,ObviousFails_ManLooksBetter,SplitUnknowns_ManWins,B,A,0,0.0,16.658,6.778,7.193,M,incorrect,strong,Failure,1,1,1,1,4,1,Male,1,0,Male,26.0,White,1,1,0,0,0,1,57.7744,-18.4185
R_7r3BIfW8NIxhRTz,5d7eb63f85d34b0017658143,2026-03-13T16:44:30Z,2026-03-13T16:49:11Z,281.0,W_correct_strong,Female,5d537c0cecc84200153075e9,0.0,4.0,100.0,100.0,100.0,100.0,0.0,0.0,dominant_woman_wins,unknown_man_word,Dominant_WomanWins,Unknown_ManWord_ManWins,A,A,1,1.0,10.524,10.687,6.873,W,correct,strong,Success,0,1,1,1,3,0,Male,0,0,Male,45.0,White,0,0,0,1,1,1,57.7744,0.5815
R_5fmlj0qJG0G7yj7,5aeeb4903c80f200013af2ed,2026-03-13T16:36:19Z,2026-03-13T16:50:44Z,865.0,W_incorrect_strong,Female,5c005838232b6c0001221acf,100.0,83.0,100.0,100.0,100.0,100.0,0.0,0.0,dominant_man_wins,misleading_man_looks_better,Dominant_ManWins,ObviousFails_ManLooksBetter,A,B,0,0.0,44.003,1.959,1.936,W,incorrect,strong,Failure,1,1,1,1,4,1,Female,1,0,Male,37.0,White,1,1,0,1,0,1,57.7744,-7.4185
R_1D8epOLdi3AWSI1,588ab33542c8e900019d02ae,2026-03-13T16:46:57Z,2026-03-13T16:51:14Z,257.0,W_correct_weak,Female,63d5b810f3dbbd11e7e65870,51.0,98.0,2.0,2.0,0.0,0.0,0.0,0.0,identical_woman_woman,close_woman_wins,Identical_WomanWoman_Bwins,Close_WomanWins,B,B,1,0.5,12.542,20.295,6.539,W,correct,weak,Success,1,1,1,1,4,1,Male,0,0,Male,30.0,White,0,0,0,1,1,0,-42.2256,-14.4185
R_6nfz056G2r1AM37,644b1e452a0061d713dcbf4a,2026-03-13T16:42:25Z,2026-03-13T16:52:10Z,584.0,M_incorrect_weak,Male,641385c88f29eb3264283818,49.0,2.0,2.0,2.0,0.0,50.0,50.0,50.0,identical_woman_woman,dominant_woman_wins,Identical_WomanWoman_Bwins,Dominant_WomanWins,B,A,0,0.5,51.264,47.29,36.248,M,incorrect,weak,Failure,1,1,1,1,4,1,Male,1,0,Male,51.0,Asian,1,1,1,0,0,0,-42.2256,6.5815
R_5Ma3GfBUs5x4mbz,63cee08c60670525b4f43946,2026-03-13T16:47:59Z,2026-03-13T16:52:18Z,258.0,W_correct_weak,Female,63d5b810f3dbbd11e7e65870,51.0,98.0,2.0,2.0,50.0,50.0,0.0,0.0,identical_woman_woman,close_woman_wins,Identical_WomanWoman_Bwins,Close_WomanWins,B,B,1,0.75,24.307,4.791,3.772,W,correct,weak,Success,1,1,1,1,4,1,,0,1,Female,36.0,White,0,0,0,1,1,0,7.7744,-8.4185
R_6EuWklPOko2oSLl,5a285307df86d80001455de5,2026-03-13T16:45:52Z,2026-03-13T16:52:33Z,401.0,W_incorrect_weak,Female,5e05ab290db892fcd8036b1a,49.0,5.0,2.0,2.0,25.0,25.0,0.0,0.0,identical_woman_woman,misleading_man_looks_better,Identical_WomanWoman_Bwins,ObviousFails_ManLooksBetter,B,A,0,0.38,52.211,58.868,19.267,W,incorrect,weak,Failure,0,1,1,1,3,0,Female,1,0,Male,29.0,Hispanic,0,1,0,1,0,0,-17.2256,-15.4185
R_5J15dhyUi83q5zz,5fd67cce91f9895969c0edee,2026-03-13T16:47:45Z,2026-03-13T16:53:06Z,321.0,M_incorrect_strong,Male,591d369e88bbb500013a8517,0.0,86.0,100.0,100.0,50.0,50.0,0.0,0.0,misleading_woman_looks_better,unknown_woman_gk,ObviousFails_WomanLooksBetter,Unknown_WomanGK_ManWins,B,A,0,0.25,21.378,6.404,6.218,M,incorrect,strong,Failure,1,1,1,1,4,1,Male,1,0,Male,35.0,Black,1,1,0,0,0,1,7.7744,-9.4185
R_7lmlNMitc5okzzQ,6101f4093ed452ae3b6d5ab9,2026-03-13T16:29:23Z,2026-03-13T16:53:48Z,1464.0,M_incorrect_weak,Male,666b5817eadabfbefc40fe1b,49.0,21.0,2.0,2.0,5.0,5.0,0.0,0.0,split_unknowns,dominant_man_wins,SplitUnknowns_ManWins,Dominant_ManWins,B,A,0,0.47,13.594,9.522,3.864,M,incorrect,weak,Failure,1,1,1,0,3,0,Male,1,0,Female,23.0,White,0,1,0,0,0,0,-37.2256,-21.4185
R_1RqhcVfrmTYjqsm,5ef66e81cf5fa435ea9a4e8d,2026-03-13T16:50:14Z,2026-03-13T16:54:14Z,239.0,W_incorrect_strong,Female,61bb392e40db417c1a138dcb,0.0,5.0,100.0,100.0,19.0,84.0,65.0,65.0,misleading_woman_looks_better,identical_woman_woman,ObviousFails_WomanLooksBetter,Identical_WomanWoman_Bwins,B,A,0,0.41,5.454,2.59,3.901,W,incorrect,strong,Failure,1,1,1,1,4,1,Female,1,0,Female,28.0,Asian,1,1,1,1,0,1,-23.2256,-16.4185
R_6Wv6V8CuuRMEVDk,6942cdbe08f75d111bb9713d,2026-03-13T16:46:05Z,2026-03-13T16:54:19Z,494.0,W_incorrect_strong,Female,61bb392e40db417c1a138dcb,0.0,5.0,100.0,100.0,0.0,0.0,0.0,0.0,misleading_woman_looks_better,identical_woman_woman,ObviousFails_WomanLooksBetter,Identical_WomanWoman_Bwins,B,A,0,0.5,22.572,5.283,4.815,W,incorrect,strong,Failure,0,1,1,1,3,0,Female,1,0,Male,55.0,White,0,1,0,1,0,1,-42.2256,10.5815
R_3wBSypjv72EL8SF,67722aa65639cba87301c81c,2026-03-13T16:48:09Z,2026-03-13T16:57:29Z,560.0,M_correct_weak,Male,6446b4a6eb2ba64c1505307d,51.0,2.0,2.0,2.0,10.0,40.0,30.0,30.0,split_unknowns,misleading_woman_looks_better,SplitUnknowns_ManWins,ObviousFails_WomanLooksBetter,B,B,1,0.55,46.569,16.96,5.433,M,correct,weak,Success,0,1,1,1,3,0,Female,0,0,Female,35.0,White,0,0,1,0,1,0,-32.2256,-9.4185
R_1GcEEAByRN7l5h1,5769a352f48c3b00016737f9,2026-03-13T16:56:00Z,2026-03-13T17:00:26Z,265.0,W_correct_weak,Female,652ecb92078fe073ab29b920,48.0,1.0,4.0,4.0,0.0,0.0,0.0,0.0,close_woman_wins,dominant_man_wins,Close_WomanWins,Dominant_ManWins,A,A,1,0.5,30.861,10.011,8.831,W,correct,weak,Success,1,1,1,1,4,1,Female,1,0,Male,53.0,White,1,1,0,1,1,0,-42.2256,8.5815
R_1omJZHMR3Ducjqp,67005522610693074c0c0364,2026-03-13T16:54:00Z,2026-03-13T17:01:06Z,425.0,M_incorrect_strong,Male,570521cfde5095001018a0c8,0.0,7.0,100.0,100.0,50.0,25.0,-25.0,25.0,misleading_woman_looks_better,man_vs_man,ObviousFails_WomanLooksBetter,ManVsMan_Awins,B,A,0,0.25,61.211,10.036,7.112,M,incorrect,strong,Failure,0,1,1,1,3,0,Male,1,0,Male,64.0,Black,0,1,1,0,0,1,7.7744,19.5815
R_1tsYvL7zDvf6sdX,612fd3208d3decaf3ec80bcc,2026-03-13T16:52:52Z,2026-03-13T17:02:28Z,576.0,M_correct_weak,Male,6446b4a6eb2ba64c1505307d,51.0,2.0,2.0,2.0,10.0,5.0,-5.0,5.0,split_unknowns,misleading_woman_looks_better,SplitUnknowns_ManWins,ObviousFails_WomanLooksBetter,B,B,1,0.55,36.333,20.299,12.864,M,correct,weak,Success,0,1,1,1,3,0,Female,0,0,Female,51.0,White,0,0,1,0,1,0,-32.2256,6.5815
R_1M6zXNfn207ROl9,66bd4bd76fb01a9fb1db759e,2026-03-13T16:55:14Z,2026-03-13T17:02:30Z,435.0,W_correct_weak,Female,66ccca31c45aad520357f3fb,52.0,1.0,4.0,4.0,10.0,10.0,0.0,0.0,identical_woman_woman,misleading_woman_looks_better,Identical_WomanWoman_Bwins,ObviousFails_WomanLooksBetter,B,B,1,0.55,54.209,35.544,18.852,W,correct,weak,Success,1,1,1,1,4,1,,0,1,Female,32.0,White,0,0,0,1,1,0,-32.2256,-12.4185
R_72K2jGqf6i7lM7g,5b07b71c68eff50001d1c859,2026-03-13T16:49:02Z,2026-03-13T17:02:30Z,807.0,W_incorrect_strong,Female,671498899f67df85f33ea053,0.0,90.0,100.0,100.0,81.0,32.0,-49.0,49.0,misleading_woman_looks_better,close_woman_wins,ObviousFails_WomanLooksBetter,Close_WomanWins,B,A,0,0.09,17.616,6.036,2.76,W,incorrect,strong,Failure,1,1,1,1,4,1,Male,0,0,Male,35.0,Asian,0,0,1,1,0,1,38.7744,-9.4185
R_1DqvudouqHsCUkF,66293a3bac9b03d00e8a57e0,2026-03-13T16:54:54Z,2026-03-13T17:02:53Z,479.0,M_incorrect_strong,Male,6702c3ee33eed6369eb34c8f,0.0,20.0,100.0,100.0,100.0,25.0,-75.0,75.0,misleading_man_looks_better,split_unknowns,ObviousFails_ManLooksBetter,SplitUnknowns_ManWins,B,A,0,0.0,32.256,9.176,7.238,M,incorrect,strong,Failure,1,1,1,1,4,1,Male,1,0,Female,43.0,White,1,1,1,0,0,1,57.7744,-1.4185
R_1M4oqjao1LRp0fB,6737def2030a986e14ef59cb,2026-03-13T16:57:27Z,2026-03-13T17:03:12Z,344.0,M_correct_strong,Male,6598942c3d07928cc188ffdb,100.0,1.0,100.0,100.0,100.0,100.0,0.0,0.0,misleading_man_looks_better,man_vs_man,ObviousFails_ManLooksBetter,ManVsMan_Awins,B,B,1,1.0,24.951,5.442,6.708,M,correct,strong,Success,0,1,1,1,3,0,Male,1,0,Female,30.0,White,0,1,0,0,1,1,57.7744,-14.4185
R_7agDKBGBtMDsg8D,5beddd59e4dbf300011c1d50,2026-03-13T16:59:22Z,2026-03-13T17:03:50Z,268.0,M_incorrect_strong,Male,6702c3ee33eed6369eb34c8f,0.0,20.0,100.0,100.0,50.0,25.0,-25.0,25.0,misleading_man_looks_better,split_unknowns,ObviousFails_ManLooksBetter,SplitUnknowns_ManWins,B,A,0,0.25,16.678,10.719,15.917,M,incorrect,strong,Failure,1,1,1,1,4,1,Male,1,0,Male,41.0,White,1,1,1,0,0,1,7.7744,-3.4185
R_1PHKOpQtsFOdrwN,66337d1de3bea5025f371c0b,2026-03-13T16:59:53Z,2026-03-13T17:05:33Z,339.0,W_correct_weak,Female,66ccca31c45aad520357f3fb,52.0,1.0,4.0,4.0,0.0,7.0,7.0,7.0,identical_woman_woman,misleading_woman_looks_better,Identical_WomanWoman_Bwins,ObviousFails_WomanLooksBetter,B,B,1,0.5,15.715,10.879,18.687,W,correct,weak,Success,1,1,1,1,4,1,Female,1,0,Female,43.0,White,1,1,1,1,1,0,-42.2256,-1.4185
R_6PbgCpkybBUHl1E,613929236e3092c6bad219ab,2026-03-13T16:54:27Z,2026-03-13T17:07:42Z,795.0,M_correct_weak,Male,6745f39f437c441b19285a1a,51.0,4.0,2.0,2.0,0.0,50.0,50.0,50.0,identical_woman_woman,misleading_man_looks_better,Identical_WomanWoman_Bwins,ObviousFails_ManLooksBetter,B,B,1,0.5,55.571,78.349,57.063,M,correct,weak,Success,1,1,1,1,4,1,Male,1,0,Male,37.0,White,1,1,1,0,1,0,-42.2256,-7.4185
R_3Dd1NBCiXNGcspP,6782ccf0a230f3375ceb043c,2026-03-13T17:03:53Z,2026-03-13T17:08:13Z,260.0,W_incorrect_weak,Female,66e7853b4e311a12f93b5411,49.0,2.0,2.0,2.0,5.0,5.0,0.0,0.0,identical_woman_woman,dominant_woman_wins,Identical_WomanWoman_Bwins,Dominant_WomanWins,B,A,0,0.47,19.788,13.746,13.841,W,incorrect,weak,Failure,1,1,1,1,4,1,Female,1,0,Female,63.0,White,1,1,0,1,0,0,-37.2256,18.5815
R_5qBB8DOuEEq2pM2,65ccf6eeac32789a604de955,2026-03-13T16:58:16Z,2026-03-13T17:08:22Z,605.0,M_incorrect_strong,Male,633c74ad6178784ed5b52104,0.0,5.0,100.0,100.0,50.0,40.0,-10.0,10.0,misleading_man_looks_better,dominant_man_wins,ObviousFails_ManLooksBetter,Dominant_ManWins,B,A,0,0.25,42.84,24.236,14.248,M,incorrect,strong,Failure,1,1,1,1,4,1,Female,0,0,Female,65.0,White,0,0,1,0,0,1,7.7744,20.5815
R_1gRv6Ycqt1YsTQX,607626f54e4179e51de6adcb,2026-03-13T17:06:15Z,2026-03-13T17:10:42Z,266.0,M_correct_weak,Male,65fd19896d58d64c0d8cbc3c,51.0,1.0,2.0,2.0,0.0,0.0,0.0,0.0,identical_woman_woman,dominant_woman_wins,Identical_WomanWoman_Bwins,Dominant_WomanWins,B,B,1,0.5,12.788,8.244,14.232,M,correct,weak,Success,1,1,1,1,4,1,Male,1,0,Male,53.0,White,1,1,0,0,1,0,-42.2256,8.5815
R_6olRMWy9q4ehHNL,67379a3288f6fa62a41dadae,2026-03-13T17:05:03Z,2026-03-13T17:11:31Z,388.0,W_correct_weak,Female,65e8ff784cc1b2fc71bc5368,51.0,5.0,2.0,2.0,5.0,10.0,5.0,5.0,identical_woman_woman,misleading_woman_looks_better,Identical_WomanWoman_Bwins,ObviousFails_WomanLooksBetter,B,B,1,0.53,17.232,16.317,8.556,W,correct,weak,Success,1,1,1,1,4,1,,0,1,Male,43.0,White,0,0,1,1,1,0,-37.2256,-1.4185
R_6Ez0KtG4OHl6O16,5e30dc949b1c9a0e5c6e3b4c,2026-03-13T17:06:08Z,2026-03-13T17:11:55Z,347.0,M_correct_strong,Male,5f5452df72345118f58d187b,0.0,0.0,100.0,100.0,100.0,100.0,0.0,0.0,dominant_woman_wins,misleading_man_looks_better,Dominant_WomanWins,ObviousFails_ManLooksBetter,A,A,1,1.0,27.682,9.967,3.77,M,correct,strong,Success,1,1,1,1,4,1,,0,1,Female,28.0,Black,0,0,0,0,1,1,57.7744,-16.4185
R_7AwSSUOrB2n4jPr,5f123d2f9926a1193a114e68,2026-03-13T17:04:07Z,2026-03-13T17:12:50Z,522.0,W_incorrect_strong,Female,655f96e689f922fe983fed35,0.0,13.0,100.0,100.0,70.0,55.0,-15.0,15.0,misleading_woman_looks_better,misleading_man_looks_better,ObviousFails_WomanLooksBetter,ObviousFails_ManLooksBetter,B,A,0,0.15,19.653,7.223,3.032,W,incorrect,strong,Failure,1,1,1,1,4,1,,0,1,Female,33.0,Black,0,0,1,1,0,1,27.7744,-11.4185
R_5CV4wz1JnthpbJF,63d2a4b549eb02187fd40092,2026-03-13T17:04:52Z,2026-03-13T17:14:10Z,558.0,M_correct_weak,Male,6675f3ac3a5d0633257190c4,51.0,1.0,2.0,2.0,0.0,0.0,0.0,0.0,identical_woman_woman,misleading_woman_looks_better,Identical_WomanWoman_Bwins,ObviousFails_WomanLooksBetter,B,B,1,0.5,43.061,23.909,22.161,M,correct,weak,Success,1,1,1,1,4,1,Male,1,0,Male,40.0,White,1,1,0,0,1,0,-42.2256,-4.4185
R_17qdfNSV7MI9v9j,677fea44f0780e29406c0f6a,2026-03-13T16:52:51Z,2026-03-13T17:15:15Z,1343.0,M_correct_strong,Male,62029a55ef1cb18a1337c61a,0.0,5.0,100.0,100.0,0.0,0.0,0.0,0.0,dominant_woman_wins,dominant_man_wins,Dominant_WomanWins,Dominant_ManWins,A,A,1,0.5,178.16,27.317,18.845,M,correct,strong,Success,0,1,1,1,3,0,Female,0,0,Female,45.0,White,0,0,0,0,1,1,-42.2256,0.5815
R_1jsp2sxVZCIBqr7,664fc6ec0beb5400a141b77b,2026-03-13T17:13:40Z,2026-03-13T17:18:57Z,316.0,W_correct_strong,Female,5f5967d6e280e61b2db8e55c,0.0,90.0,100.0,100.0,100.0,100.0,0.0,0.0,dominant_man_wins,man_vs_man,Dominant_ManWins,ManVsMan_Awins,A,A,1,1.0,19.566,7.795,11.993,W,correct,strong,Success,0,1,1,1,3,0,Female,1,0,Female,60.0,White,0,1,0,1,1,1,57.7744,15.5815
R_71F0TdNGCvoodaz,67673cda94b4d0cf1a6a7382,2026-03-13T17:16:45Z,2026-03-13T17:20:26Z,220.0,M_correct_weak,Male,65fd19896d58d64c0d8cbc3c,51.0,1.0,2.0,2.0,0.0,1.0,1.0,1.0,identical_woman_woman,dominant_woman_wins,Identical_WomanWoman_Bwins,Dominant_WomanWins,B,B,1,0.5,15.57,12.06,6.743,M,correct,weak,Success,0,1,1,1,3,0,Female,0,0,Female,58.0,White,0,0,1,0,1,0,-42.2256,13.5815
R_581CwP8MQBhEwoh,65f8c7701b92017a3902e203,2026-03-13T17:14:35Z,2026-03-13T17:20:44Z,369.0,W_incorrect_weak,Female,5e9f3f09ccc75a0c345e4845,49.0,5.0,2.0,2.0,1.0,2.0,1.0,1.0,split_unknowns,misleading_woman_looks_better,SplitUnknowns_ManWins,ObviousFails_WomanLooksBetter,B,A,0,0.49,43.773,10.298,9.179,W,incorrect,weak,Failure,1,1,1,1,4,1,Female,1,0,Female,29.0,White,1,1,1,1,0,0,-41.2256,-15.4185
R_7f2HFW4UjtuLsMM,63b6e5e23b31a38790ff1ce2,2026-03-13T17:15:39Z,2026-03-13T17:20:52Z,312.0,M_correct_strong,Male,62877d5f6a054e53313ac916,0.0,99.0,100.0,100.0,100.0,100.0,0.0,0.0,dominant_woman_wins,split_unknowns,Dominant_WomanWins,SplitUnknowns_ManWins,A,A,1,1.0,10.849,5.296,7.531,M,correct,strong,Success,0,1,1,1,3,0,Female,0,0,Female,46.0,White,0,0,0,0,1,1,57.7744,1.5815
R_394I8cW5uYizwVj,6571f52abf0c07aa1ca785e8,2026-03-13T17:14:33Z,2026-03-13T17:22:05Z,452.0,M_incorrect_strong,Male,633c74ad6178784ed5b52104,0.0,5.0,100.0,100.0,25.0,0.0,-25.0,25.0,misleading_man_looks_better,dominant_man_wins,ObviousFails_ManLooksBetter,Dominant_ManWins,B,A,0,0.38,52.386,59.526,13.764,M,incorrect,strong,Failure,1,1,1,1,4,1,Male,1,0,Female,58.0,White,1,1,1,0,0,1,-17.2256,13.5815
R_6aEJKNdjAiJzPnf,664184a2b35e6aa7e4eb89fd,2026-03-13T17:17:58Z,2026-03-13T17:22:28Z,270.0,W_incorrect_weak,Female,6679dc943f855ba978447c25,48.0,8.0,4.0,4.0,100.0,100.0,0.0,0.0,identical_woman_woman,dominant_man_wins,Identical_WomanWoman_Bwins,Dominant_ManWins,B,A,0,0.0,16.928,5.746,3.805,W,incorrect,weak,Failure,0,1,1,1,3,0,,0,1,Female,27.0,White,0,0,0,1,0,0,57.7744,-17.4185
R_39i6AABYAaXU6ow,654fe6af3517f92a06444ca5,2026-03-13T17:17:50Z,2026-03-13T17:22:40Z,290.0,W_incorrect_weak,Female,5e05ab290db892fcd8036b1a,49.0,5.0,2.0,2.0,0.0,0.0,0.0,0.0,identical_woman_woman,misleading_man_looks_better,Identical_WomanWoman_Bwins,ObviousFails_ManLooksBetter,B,A,0,0.5,11.443,8.04,4.435,W,incorrect,weak,Failure,0,1,1,1,3,0,Female,1,0,Male,39.0,Asian,0,1,0,1,0,0,-42.2256,-5.4185
R_3r7xTDxSEs61Yza,6629441d34c59354769e5ecd,2026-03-13T17:20:13Z,2026-03-13T17:23:36Z,202.0,M_incorrect_weak,Male,67aa52dcb66d138fca70a211,49.0,5.0,2.0,2.0,30.0,10.0,-20.0,20.0,identical_woman_woman,misleading_man_looks_better,Identical_WomanWoman_Bwins,ObviousFails_ManLooksBetter,B,A,0,0.35,14.019,11.521,10.421,M,incorrect,weak,Failure,1,1,1,1,4,1,,0,1,Male,50.0,White,0,0,1,0,0,0,-12.2256,5.5815
R_5C2xaYI6YkCBk6i,595fdaa1d82b180001c6e460,2026-03-13T17:17:26Z,2026-03-13T17:24:33Z,427.0,M_correct_strong,Male,5f5452df72345118f58d187b,0.0,0.0,100.0,100.0,23.0,23.0,0.0,0.0,dominant_woman_wins,misleading_man_looks_better,Dominant_WomanWins,ObviousFails_ManLooksBetter,A,A,1,0.61,24.342,12.043,7.213,M,correct,strong,Success,0,1,1,1,3,0,Male,1,0,Male,57.0,White,0,1,0,0,1,1,-19.2256,12.5815
R_1MSqSd613cw4hUH,680d155019b77b986ff85126,2026-03-13T17:15:30Z,2026-03-13T17:24:43Z,552.0,M_correct_weak,Male,6446b4a6eb2ba64c1505307d,51.0,2.0,2.0,2.0,57.0,44.0,-13.0,13.0,split_unknowns,misleading_woman_looks_better,SplitUnknowns_ManWins,ObviousFails_WomanLooksBetter,B,B,1,0.78,32.406,23.174,6.913,M,correct,weak,Success,1,1,1,1,4,1,Male,1,0,Female,66.0,White,1,1,1,0,1,0,14.7744,21.5815
R_6IQyPy4xfnnhopi,66b5682e53ca081f5a2d5d23,2026-03-13T17:15:44Z,2026-03-13T17:25:22Z,577.0,W_correct_weak,Female,652ecb92078fe073ab29b920,48.0,1.0,4.0,4.0,41.0,39.0,-2.0,2.0,close_woman_wins,dominant_man_wins,Close_WomanWins,Dominant_ManWins,A,A,1,0.7,43.582,11.519,9.36,W,correct,weak,Success,1,1,1,1,4,1,,0,1,Female,55.0,White,0,0,1,1,1,0,-1.2256,10.5815
R_3hQvqserBVzYaLn,5ff3dfdcb11116a07ec3cebc,2026-03-13T17:21:26Z,2026-03-13T17:27:01Z,335.0,W_incorrect_strong,Female,61bb392e40db417c1a138dcb,0.0,5.0,100.0,100.0,10.0,15.0,5.0,5.0,misleading_woman_looks_better,identical_woman_woman,ObviousFails_WomanLooksBetter,Identical_WomanWoman_Bwins,B,A,0,0.45,33.493,22.328,18.42,W,incorrect,strong,Failure,0,1,1,1,3,0,Female,1,0,Female,38.0,White,0,1,1,1,0,1,-32.2256,-6.4185
R_1gSAZ3y0ThPSSiO,69419c81ee92288e4d87076d,2026-03-13T17:23:54Z,2026-03-13T17:28:06Z,252.0,M_correct_weak,Male,6745f39f437c441b19285a1a,51.0,4.0,2.0,2.0,11.0,20.0,9.0,9.0,identical_woman_woman,misleading_man_looks_better,Identical_WomanWoman_Bwins,ObviousFails_ManLooksBetter,B,B,1,0.56,25.904,13.932,10.261,M,correct,weak,Success,1,1,1,1,4,1,Male,1,0,Female,30.0,White,1,1,1,0,1,0,-31.2256,-14.4185
R_3EbRlUXULQXBTyO,678bbb267cd2b3ce8d20084f,2026-03-13T17:18:35Z,2026-03-13T17:28:13Z,577.0,M_incorrect_weak,Male,622a11c552b2b35bab72a39c,49.0,65.0,2.0,2.0,50.0,25.0,-25.0,25.0,identical_woman_woman,unknown_woman_gk,Identical_WomanWoman_Bwins,Unknown_WomanGK_ManWins,B,A,0,0.25,42.539,52.736,9.012,M,incorrect,weak,Failure,1,1,1,1,4,1,,0,1,Female,40.0,White,0,0,1,0,0,0,7.7744,-4.4185
R_75uotd6OggPyq9a,571164253d47e80009635a80,2026-03-13T17:16:39Z,2026-03-13T17:28:34Z,715.0,M_incorrect_strong,Male,591d369e88bbb500013a8517,0.0,86.0,100.0,100.0,65.0,40.0,-25.0,25.0,misleading_woman_looks_better,unknown_woman_gk,ObviousFails_WomanLooksBetter,Unknown_WomanGK_ManWins,B,A,0,0.17,51.491,33.525,17.352,M,incorrect,strong,Failure,1,1,1,1,4,1,,0,1,Female,79.0,White,0,0,1,0,0,1,22.7744,34.5815
R_1alVCLe1j53qbue,64c006c43b26c6796d9f6a23,2026-03-13T17:24:18Z,2026-03-13T17:28:35Z,257.0,M_incorrect_strong,Male,6702c3ee33eed6369eb34c8f,0.0,20.0,100.0,100.0,0.0,0.0,0.0,0.0,misleading_man_looks_better,split_unknowns,ObviousFails_ManLooksBetter,SplitUnknowns_ManWins,B,A,0,0.5,8.735,4.857,7.602,M,incorrect,strong,Failure,0,1,1,1,3,0,Female,0,0,Female,62.0,White,0,0,0,0,0,1,-42.2256,17.5815
R_6qjT9wHMYYa5GcD,66588b6663c98bc553bd38a1,2026-03-13T17:28:23Z,2026-03-13T17:32:29Z,246.0,M_correct_strong,Male,66b01097e95b0626c2cd7b5c,100.0,5.0,100.0,100.0,75.0,100.0,25.0,25.0,misleading_woman_looks_better,dominant_man_wins,ObviousFails_WomanLooksBetter,Dominant_ManWins,B,B,1,0.88,11.646,7.665,4.146,M,correct,strong,Success,0,1,1,1,3,0,,0,1,Female,25.0,White,0,0,1,0,1,1,32.7744,-19.4185
R_5JKoOfHtjA8Snzo,6944211fb86d1cfb660ff63f,2026-03-13T17:26:50Z,2026-03-13T17:33:00Z,369.0,M_incorrect_strong,Male,6398db762e009c7af9e1da88,0.0,85.0,100.0,100.0,50.0,5.0,-45.0,45.0,misleading_man_looks_better,unknown_woman_gk,ObviousFails_ManLooksBetter,Unknown_WomanGK_ManWins,B,A,0,0.25,24.369,12.721,12.527,M,incorrect,strong,Failure,1,1,1,1,4,1,Male,1,0,Female,34.0,White,1,1,1,0,0,1,7.7744,-10.4185
R_1zszzEjqZYTonYZ,628eabb243fb4a73e29d9385,2026-03-13T17:29:57Z,2026-03-13T17:34:23Z,265.0,W_incorrect_strong,Female,5c005838232b6c0001221acf,100.0,83.0,100.0,100.0,0.0,0.0,0.0,0.0,dominant_man_wins,misleading_man_looks_better,Dominant_ManWins,ObviousFails_ManLooksBetter,A,B,0,0.5,12.391,3.373,5.502,W,incorrect,strong,Failure,0,1,1,1,3,0,Female,1,0,Male,30.0,White,0,1,0,1,0,1,-42.2256,-14.4185
R_3BfTSoQx6FmuG3L,67280c862fabb05d89a431d1,2026-03-13T17:30:05Z,2026-03-13T17:34:33Z,268.0,M_incorrect_strong,Male,67a95d468d14bd6324b4bbba,0.0,81.0,100.0,100.0,50.0,50.0,0.0,0.0,misleading_woman_looks_better,close_woman_wins,ObviousFails_WomanLooksBetter,Close_WomanWins,B,A,0,0.25,30.809,35.803,9.912,M,incorrect,strong,Failure,1,1,1,1,4,1,Male,1,0,Female,49.0,White,1,1,0,0,0,1,7.7744,4.5815
R_7YRj2J3EAx6ckGp,6941aeb9a019a9bbdd57d028,2026-03-13T17:27:10Z,2026-03-13T17:34:49Z,458.0,W_incorrect_strong,Female,5c005838232b6c0001221acf,100.0,83.0,100.0,100.0,23.0,75.0,52.0,52.0,dominant_man_wins,misleading_man_looks_better,Dominant_ManWins,ObviousFails_ManLooksBetter,A,B,0,0.39,63.09,45.886,9.549,W,incorrect,strong,Failure,1,1,1,1,4,1,Female,1,0,Non-binary,62.0,White,1,1,1,1,0,1,-19.2256,17.5815
R_6KZ5oN3SIFBvRZE,63acbf912d16917452e0bf4e,2026-03-13T17:36:17Z,2026-03-13T17:40:01Z,224.0,W_correct_strong,Female,6632e71b65934c5810fb2eff,100.0,94.0,100.0,100.0,75.0,75.0,0.0,0.0,misleading_woman_looks_better,dominant_man_wins,ObviousFails_WomanLooksBetter,Dominant_ManWins,B,B,1,0.88,14.622,21.591,7.33,W,correct,strong,Success,1,1,1,1,4,1,Female,1,0,Female,52.0,White,1,1,0,1,1,1,32.7744,7.5815
R_6rTJAPZXmochfPb,69416d053e537e4d1c275a3f,2026-03-13T17:37:58Z,2026-03-13T17:41:47Z,228.0,W_incorrect_strong,Female,65714a2185b7c4c7ee00ddcd,0.0,15.0,100.0,100.0,100.0,100.0,0.0,0.0,misleading_woman_looks_better,misleading_man_looks_better,ObviousFails_WomanLooksBetter,ObviousFails_ManLooksBetter,B,A,0,0.0,20.056,7.708,12.447,W,incorrect,strong,Failure,1,1,1,1,4,1,Female,1,0,Male,39.0,White,1,1,0,1,0,1,57.7744,-5.4185
R_7rMAa41EpNJWrAx,5dd6b5720f8d5163ac1e876e,2026-03-13T17:38:02Z,2026-03-13T17:41:50Z,228.0,M_incorrect_strong,Male,5eac686d82cc012af1e953c7,100.0,82.0,100.0,100.0,100.0,100.0,0.0,0.0,unknown_woman_gk,man_vs_man,Unknown_WomanGK_ManWins,ManVsMan_Awins,A,B,0,0.0,10.514,2.989,2.919,M,incorrect,strong,Failure,0,1,1,1,3,0,,0,1,Non-binary,40.0,Black,0,0,0,0,0,1,57.7744,-4.4185
R_1ElQleT6AIL7lIF,66b92d3b18295c1e6c125b85,2026-03-13T17:37:46Z,2026-03-13T17:44:09Z,383.0,M_correct_strong,Male,5f5452df72345118f58d187b,0.0,0.0,100.0,100.0,50.0,50.0,0.0,0.0,dominant_woman_wins,misleading_man_looks_better,Dominant_WomanWins,ObviousFails_ManLooksBetter,A,A,1,0.75,39.812,10.916,11.896,M,correct,strong,Success,1,1,1,1,4,1,Male,1,0,Male,32.0,Asian,1,1,0,0,1,1,7.7744,-12.4185
R_61vrUfk019Usukr,6654b7668e8642303bbc2fa7,2026-03-13T17:38:27Z,2026-03-13T17:45:19Z,412.0,M_incorrect_weak,Male,5e5731e3e1e8b90e25c1f3a2,51.0,11.0,2.0,2.0,25.0,49.0,24.0,24.0,close_woman_wins,misleading_man_looks_better,Close_WomanWins,ObviousFails_ManLooksBetter,A,B,0,0.38,41.148,8.706,8.867,M,incorrect,weak,Failure,0,1,1,1,3,0,Male,1,0,Female,43.0,White,0,1,1,0,0,0,-17.2256,-1.4185
R_5EuOfPMgA2s93Wl,5a94ca1a873cda0001dc7147,2026-03-13T17:42:18Z,2026-03-13T17:46:32Z,254.0,W_correct_strong,Female,5f5967d6e280e61b2db8e55c,0.0,90.0,100.0,100.0,100.0,100.0,0.0,0.0,dominant_man_wins,man_vs_man,Dominant_ManWins,ManVsMan_Awins,A,A,1,1.0,9.986,7.559,4.505,W,correct,strong,Success,0,1,1,1,3,0,,0,1,Male,35.0,White,0,0,0,1,1,1,57.7744,-9.4185
R_3lboLe4WYmvl3wx,697a84dbdb9447e229151c06,2026-03-13T17:47:03Z,2026-03-13T17:52:23Z,320.0,W_incorrect_strong,Female,655f96e689f922fe983fed35,0.0,13.0,100.0,100.0,50.0,25.0,-25.0,25.0,misleading_woman_looks_better,misleading_man_looks_better,ObviousFails_WomanLooksBetter,ObviousFails_ManLooksBetter,B,A,0,0.25,24.174,17.793,10.317,W,incorrect,strong,Failure,1,1,1,1,4,1,Male,0,0,Male,46.0,White,0,0,1,1,0,1,7.7744,1.5815
R_1f18RUgHmytSn9R,6985f4fbf0d138e1b1231702,2026-03-13T17:46:33Z,2026-03-13T17:52:31Z,358.0,M_correct_strong,Male,66b01097e95b0626c2cd7b5c,100.0,5.0,100.0,100.0,74.0,29.0,-45.0,45.0,misleading_woman_looks_better,dominant_man_wins,ObviousFails_WomanLooksBetter,Dominant_ManWins,B,B,1,0.87,39.616,19.687,19.384,M,correct,strong,Success,0,1,1,1,3,0,Female,0,0,Female,70.0,White,0,0,1,0,1,1,31.7744,25.5815
R_6Q3Cv69Z4I4M2lj,5d648fb785633f0019b04570,2026-03-13T17:44:01Z,2026-03-13T17:53:01Z,539.0,M_correct_strong,Male,5f5452df72345118f58d187b,0.0,0.0,100.0,100.0,75.0,80.0,5.0,5.0,dominant_woman_wins,misleading_man_looks_better,Dominant_WomanWins,ObviousFails_ManLooksBetter,A,A,1,0.88,26.014,19.211,5.244,M,correct,strong,Success,0,1,1,1,3,0,,0,1,Female,65.0,White,0,0,1,0,1,1,32.7744,20.5815
R_6DiFuvD9Kizsn2P,5dd9e1e0a4aa2696d9a15c0d,2026-03-13T17:48:57Z,2026-03-13T17:56:00Z,422.0,M_correct_strong,Male,55d234b45bc5bc0005d9039d,0.0,75.0,100.0,100.0,52.0,31.0,-21.0,21.0,dominant_woman_wins,unknown_woman_gk,Dominant_WomanWins,Unknown_WomanGK_ManWins,A,A,1,0.76,63.221,29.351,15.174,M,correct,strong,Success,1,1,1,0,3,0,Male,1,0,Male,56.0,White,0,1,1,0,1,1,9.7744,11.5815
R_3eOv5vt5zD98Mf9,678e883a9ac653bfb7ff5f1f,2026-03-13T17:41:33Z,2026-03-13T17:57:47Z,974.0,M_correct_strong,Male,55d234b45bc5bc0005d9039d,0.0,75.0,100.0,100.0,25.0,32.0,7.0,7.0,dominant_woman_wins,unknown_woman_gk,Dominant_WomanWins,Unknown_WomanGK_ManWins,A,A,1,0.63,27.842,16.805,113.678,M,correct,strong,Success,1,1,1,1,4,1,Male,1,0,Male,30.0,Black,1,1,1,0,1,1,-17.2256,-14.4185
R_7nNKdWZePW6hYHL,67c0ee3c27278be601aa384d,2026-03-13T17:48:08Z,2026-03-13T17:59:00Z,651.0,W_incorrect_weak,Female,5e05ab290db892fcd8036b1a,49.0,5.0,2.0,2.0,0.0,5.0,5.0,5.0,identical_woman_woman,misleading_man_looks_better,Identical_WomanWoman_Bwins,ObviousFails_ManLooksBetter,B,A,0,0.5,22.304,26.144,20.275,W,incorrect,weak,Failure,0,1,1,1,3,0,Male,0,0,Male,58.0,Asian,0,0,1,1,0,0,-42.2256,13.5815
R_1XKMXvo7hCHVEoV,66b638403cc5a94acf985177,2026-03-13T17:53:37Z,2026-03-13T17:59:45Z,368.0,M_correct_strong,Male,6598942c3d07928cc188ffdb,100.0,1.0,100.0,100.0,100.0,100.0,0.0,0.0,misleading_man_looks_better,man_vs_man,ObviousFails_ManLooksBetter,ManVsMan_Awins,B,B,1,1.0,10.434,3.939,6.005,M,correct,strong,Success,0,1,1,1,3,0,Male,1,0,Male,20.0,White,0,1,0,0,1,1,57.7744,-24.4185
R_31RFdLDztbVr2Tv,67e8ffe90ba972b691421fcf,2026-03-13T17:36:53Z,2026-03-13T18:00:26Z,1413.0,W_incorrect_weak,Female,63d3f99eac52371a49e65825,48.0,6.0,4.0,4.0,30.0,67.0,37.0,37.0,unknown_man_word,dominant_woman_wins,Unknown_ManWord_ManWins,Dominant_WomanWins,B,A,0,0.35,293.159,10.843,369.588,W,incorrect,weak,Failure,1,1,1,1,4,1,Male,0,0,Male,30.0,White,0,0,1,1,0,0,-12.2256,-14.4185
R_3C301CTWUHueRYB,633eb584ec1a3cf0efdc2563,2026-03-13T17:56:41Z,2026-03-13T18:01:46Z,304.0,W_incorrect_weak,Female,66e7853b4e311a12f93b5411,49.0,2.0,2.0,2.0,0.0,0.0,0.0,0.0,identical_woman_woman,dominant_woman_wins,Identical_WomanWoman_Bwins,Dominant_WomanWins,B,A,0,0.5,15.84,12.099,7.777,W,incorrect,weak,Failure,1,1,1,1,4,1,Female,1,0,Male,39.0,White,1,1,0,1,0,0,-42.2256,-5.4185
R_11d3zmcNFJ8pW0x,63f0e61bbeb61d5ced623832,2026-03-13T17:57:54Z,2026-03-13T18:02:40Z,285.0,W_incorrect_weak,Female,63d3f99eac52371a49e65825,48.0,6.0,4.0,4.0,13.0,73.0,60.0,60.0,unknown_man_word,dominant_woman_wins,Unknown_ManWord_ManWins,Dominant_WomanWins,B,A,0,0.43,18.948,26.3,13.525,W,incorrect,weak,Failure,0,1,1,1,3,0,Female,1,0,Female,53.0,White,0,1,1,1,0,0,-29.2256,8.5815
R_1li7haoemIqWOie,6630fe529aafd2ed163cfd25,2026-03-13T17:53:40Z,2026-03-13T18:03:09Z,568.0,M_correct_strong,Male,62029a55ef1cb18a1337c61a,0.0,5.0,100.0,100.0,100.0,100.0,0.0,0.0,dominant_woman_wins,dominant_man_wins,Dominant_WomanWins,Dominant_ManWins,A,A,1,1.0,29.315,13.351,20.053,M,correct,strong,Success,0,1,1,1,3,0,Male,1,0,Male,48.0,Hispanic,0,1,0,0,1,1,57.7744,3.5815
R_5LYxmuoSgPhsuDe,5dc483cf74939e34e55c3619,2026-03-13T17:58:21Z,2026-03-13T18:03:29Z,307.0,M_incorrect_strong,Male,59e7477e3e4b5a00016aa4d2,100.0,1.0,100.0,100.0,50.0,50.0,0.0,0.0,dominant_woman_wins,split_unknowns,Dominant_WomanWins,SplitUnknowns_ManWins,A,B,0,0.25,24.764,11.243,7.693,M,incorrect,strong,Failure,1,1,1,1,4,1,Male,1,0,Male,75.0,White,1,1,0,0,0,1,7.7744,30.5815
R_1erIgb0qfMPcyOw,67ac5f2b94b08886739a0003,2026-03-13T17:47:27Z,2026-03-13T18:04:14Z,1006.0,M_incorrect_weak,Male,5bf4afe0b8e9f800014c9c0b,49.0,80.0,2.0,2.0,100.0,0.0,-100.0,100.0,identical_woman_woman,unknown_woman_gk,Identical_WomanWoman_Bwins,Unknown_WomanGK_ManWins,B,A,0,0.0,61.143,23.467,19.063,M,incorrect,weak,Failure,0,1,1,1,3,0,Male,1,0,Male,45.0,White,0,1,1,0,0,0,57.7744,0.5815
R_6fmfSp4H1KgAMiT,5a0a02fba383a100011b4b5e,2026-03-13T17:55:56Z,2026-03-13T18:04:37Z,520.0,W_incorrect_strong,Female,66db9db4324609f1a7231f49,0.0,1.0,100.0,100.0,79.0,50.0,-29.0,29.0,misleading_woman_looks_better,dominant_man_wins,ObviousFails_WomanLooksBetter,Dominant_ManWins,B,A,0,0.1,49.466,16.661,7.85,W,incorrect,strong,Failure,1,1,1,1,4,1,Female,1,0,Female,59.0,Asian,1,1,1,1,0,1,36.7744,14.5815
R_3hseMfphFk82mCo,672e1c2422a33b09d7be4701,2026-03-13T18:01:03Z,2026-03-13T18:06:44Z,340.0,W_incorrect_strong,Female,5c005838232b6c0001221acf,100.0,83.0,100.0,100.0,100.0,100.0,0.0,0.0,dominant_man_wins,misleading_man_looks_better,Dominant_ManWins,ObviousFails_ManLooksBetter,A,B,0,0.0,15.316,8.875,4.605,W,incorrect,strong,Failure,1,1,1,1,4,1,Female,1,0,Female,27.0,White,1,1,0,1,0,1,57.7744,-17.4185
R_35MFMO9HsVl4wyO,6780099a3882d9a086755003,2026-03-13T17:57:55Z,2026-03-13T18:08:25Z,629.0,M_correct_strong,Male,5f5452df72345118f58d187b,0.0,0.0,100.0,100.0,100.0,100.0,0.0,0.0,dominant_woman_wins,misleading_man_looks_better,Dominant_WomanWins,ObviousFails_ManLooksBetter,A,A,1,1.0,27.696,16.673,15.267,M,correct,strong,Success,1,1,1,1,4,1,Male,1,0,Female,58.0,White,1,1,0,0,1,1,57.7744,13.5815
R_6EQWoDCEZVNraJH,5f8275c36d72281a1c8a2927,2026-03-13T18:12:24Z,2026-03-13T18:15:38Z,194.0,M_correct_weak,Male,66e9cc5fb04f5ba6d8b5a3f1,51.0,5.0,2.0,2.0,50.0,100.0,50.0,50.0,split_unknowns,misleading_man_looks_better,SplitUnknowns_ManWins,ObviousFails_ManLooksBetter,B,B,1,0.75,9.951,5.918,4.03,M,correct,weak,Success,0,1,1,1,3,0,Female,0,0,Female,48.0,White,0,0,1,0,1,0,7.7744,3.5815
R_5fCgfZmYZ7CtfpO,5bb9807fe04fca0001436211,2026-03-13T18:11:15Z,2026-03-13T18:16:19Z,304.0,W_incorrect_strong,Female,5c005838232b6c0001221acf,100.0,83.0,100.0,100.0,10.0,0.0,-10.0,10.0,dominant_man_wins,misleading_man_looks_better,Dominant_ManWins,ObviousFails_ManLooksBetter,A,B,0,0.45,38.846,10.625,7.693,W,incorrect,strong,Failure,1,1,1,1,4,1,Female,1,0,Female,53.0,White,1,1,1,1,0,1,-32.2256,8.5815
R_5CZexXYElyfDIDE,66042d69e26a9120236ffb4f,2026-03-13T18:09:53Z,2026-03-13T18:17:46Z,472.0,M_incorrect_strong,Male,6702c3ee33eed6369eb34c8f,0.0,20.0,100.0,100.0,0.0,0.0,0.0,0.0,misleading_man_looks_better,split_unknowns,ObviousFails_ManLooksBetter,SplitUnknowns_ManWins,B,A,0,0.5,25.493,14.586,6.378,M,incorrect,strong,Failure,1,1,0,1,3,0,Male,1,0,Male,20.0,Hispanic,0,1,0,0,0,1,-42.2256,-24.4185
R_3n1nep3fz37EwZX,673e222bdb1a35935b3075f1,2026-03-13T18:16:03Z,2026-03-13T18:18:35Z,152.0,W_incorrect_strong,Female,671498899f67df85f33ea053,0.0,90.0,100.0,100.0,0.0,0.0,0.0,0.0,misleading_woman_looks_better,close_woman_wins,ObviousFails_WomanLooksBetter,Close_WomanWins,B,A,0,0.5,3.446,9.382,2.035,W,incorrect,strong,Failure,1,1,1,1,4,1,Female,1,0,Female,25.0,Black,1,1,0,1,0,1,-42.2256,-19.4185
R_3CCvZ6nfSgAl2xy,65cb82b1171dd17b0b753d25,2026-03-13T18:17:34Z,2026-03-13T18:21:31Z,237.0,M_correct_weak,Male,66be78ef3ca75af1251ce936,51.0,0.0,2.0,2.0,0.0,5.0,5.0,5.0,identical_woman_woman,misleading_man_looks_better,Identical_WomanWoman_Bwins,ObviousFails_ManLooksBetter,B,B,1,0.5,14.011,6.84,5.866,M,correct,weak,Success,0,1,1,1,3,0,Female,0,0,Female,27.0,Asian,0,0,1,0,1,0,-42.2256,-17.4185
R_1aY7j4mO1hkKOlI,65c10fc4bfa12f9fbcfda656,2026-03-13T18:11:04Z,2026-03-13T18:21:35Z,631.0,M_correct_strong,Male,5f5452df72345118f58d187b,0.0,0.0,100.0,100.0,25.0,75.0,50.0,50.0,dominant_woman_wins,misleading_man_looks_better,Dominant_WomanWins,ObviousFails_ManLooksBetter,A,A,1,0.63,38.522,17.953,32.323,M,correct,strong,Success,0,1,1,1,3,0,,0,1,Female,52.0,Black,0,0,1,0,1,1,-17.2256,7.5815
R_7yOvDMNHU7oVGaB,5e0d61d853e8464f3394f9c3,2026-03-13T18:16:44Z,2026-03-13T18:21:46Z,302.0,M_incorrect_weak,Male,5bf4afe0b8e9f800014c9c0b,49.0,80.0,2.0,2.0,0.0,0.0,0.0,0.0,identical_woman_woman,unknown_woman_gk,Identical_WomanWoman_Bwins,Unknown_WomanGK_ManWins,B,A,0,0.5,26.444,12.489,13.426,M,incorrect,weak,Failure,1,1,1,1,4,1,Male,1,0,Male,38.0,White,1,1,0,0,0,0,-42.2256,-6.4185
R_75APHx7UolJj1UE,59bce3080ac77f0001f056de,2026-03-13T18:08:08Z,2026-03-13T18:21:54Z,826.0,W_correct_strong,Female,5f5967d6e280e61b2db8e55c,0.0,90.0,100.0,100.0,10.0,25.0,15.0,15.0,dominant_man_wins,man_vs_man,Dominant_ManWins,ManVsMan_Awins,A,A,1,0.55,22.3,6.863,4.431,W,correct,strong,Success,0,1,1,1,3,0,Female,1,0,Male,40.0,White,0,1,1,1,1,1,-32.2256,-4.4185
R_6QmrR36BjDhFY4j,66f418c3b2fe2f9aac4fd234,2026-03-13T18:12:00Z,2026-03-13T18:22:10Z,610.0,M_incorrect_strong,Male,633c74ad6178784ed5b52104,0.0,5.0,100.0,100.0,80.0,30.0,-50.0,50.0,misleading_man_looks_better,dominant_man_wins,ObviousFails_ManLooksBetter,Dominant_ManWins,B,A,0,0.1,17.889,8.458,11.788,M,incorrect,strong,Failure,1,1,1,0,3,0,Female,0,0,Female,30.0,Hispanic,0,0,1,0,0,1,37.7744,-14.4185
R_7MaElXTQhg8P8DL,67de01d3d44c6326661a7d33,2026-03-13T18:14:10Z,2026-03-13T18:24:40Z,630.0,M_incorrect_strong,Male,570521cfde5095001018a0c8,0.0,7.0,100.0,100.0,71.0,25.0,-46.0,46.0,misleading_woman_looks_better,man_vs_man,ObviousFails_WomanLooksBetter,ManVsMan_Awins,B,A,0,0.15,39.221,20.784,10.325,M,incorrect,strong,Failure,0,1,1,1,3,0,Male,1,0,Male,52.0,White,0,1,1,0,0,1,28.7744,7.5815
R_7eP1dtNRaZUl3PG,6413bee5234ad46e9fc4ba75,2026-03-13T18:20:58Z,2026-03-13T18:26:49Z,350.0,M_correct_weak,Male,664439645a9a29be43d5bf5a,49.0,75.0,2.0,2.0,15.0,50.0,35.0,35.0,close_woman_wins,unknown_woman_gk,Close_WomanWins,Unknown_WomanGK_ManWins,A,A,1,0.57,56.022,8.977,11.666,M,correct,weak,Success,1,1,1,1,4,1,Male,1,0,Male,58.0,White,1,1,1,0,1,0,-27.2256,13.5815
R_5Qu6MG9EIvSCKIN,643ebfff661435ecda5a3580,2026-03-13T18:19:11Z,2026-03-13T18:27:42Z,511.0,M_incorrect_strong,Male,591d369e88bbb500013a8517,0.0,86.0,100.0,100.0,50.0,50.0,0.0,0.0,misleading_woman_looks_better,unknown_woman_gk,ObviousFails_WomanLooksBetter,Unknown_WomanGK_ManWins,B,A,0,0.25,64.988,23.23,11.378,M,incorrect,strong,Failure,0,1,1,1,3,0,Male,1,0,Female,70.0,White,0,1,0,0,0,1,7.7744,25.5815
R_1QsbGb3C7Ygj86N,6658c0f0eacd7bcadeef8a56,2026-03-13T18:22:30Z,2026-03-13T18:28:14Z,343.0,M_incorrect_weak,Male,67aa52dcb66d138fca70a211,49.0,5.0,2.0,2.0,0.0,0.0,0.0,0.0,identical_woman_woman,misleading_man_looks_better,Identical_WomanWoman_Bwins,ObviousFails_ManLooksBetter,B,A,0,0.5,12.324,12.255,4.265,M,incorrect,weak,Failure,0,1,1,1,3,0,Male,1,0,Male,19.0,Asian,0,1,0,0,0,0,-42.2256,-25.4185
R_578PQ9AECfzxhMc,5f32aab12a9f82000854c3ea,2026-03-13T18:22:00Z,2026-03-13T18:28:15Z,375.0,M_correct_weak,Male,65fd19896d58d64c0d8cbc3c,51.0,1.0,2.0,2.0,25.0,9.0,-16.0,16.0,identical_woman_woman,dominant_woman_wins,Identical_WomanWoman_Bwins,Dominant_WomanWins,B,B,1,0.63,34.368,13.808,2.155,M,correct,weak,Success,0,1,1,1,3,0,,0,1,Male,48.0,Asian,0,0,1,0,1,0,-17.2256,3.5815
R_1Qux8bZNrx05SNq,5e646461698a071f2f15423e,2026-03-13T18:14:10Z,2026-03-13T18:29:58Z,947.0,M_incorrect_strong,Male,59e7477e3e4b5a00016aa4d2,100.0,1.0,100.0,100.0,100.0,0.0,-100.0,100.0,dominant_woman_wins,split_unknowns,Dominant_WomanWins,SplitUnknowns_ManWins,A,B,0,0.0,160.065,341.154,39.819,M,incorrect,strong,Failure,1,1,1,1,4,1,Female,0,0,Female,59.0,White,0,0,1,0,0,1,57.7744,14.5815
R_3TSGvtr2MiOnUVY,61254fba095b9df425e816ea,2026-03-13T18:19:10Z,2026-03-13T18:31:32Z,741.0,M_correct_weak,Male,65fd19896d58d64c0d8cbc3c,51.0,1.0,2.0,2.0,0.0,0.0,0.0,0.0,identical_woman_woman,dominant_woman_wins,Identical_WomanWoman_Bwins,Dominant_WomanWins,B,B,1,0.5,23.22,6.717,4.789,M,correct,weak,Success,0,1,1,1,3,0,,0,1,Female,28.0,Black,0,0,0,0,1,0,-42.2256,-16.4185
R_3V9l2kMF9qZsihY,67dda74a3edfea472c7838bd,2026-03-13T18:22:27Z,2026-03-13T18:32:37Z,610.0,M_incorrect_weak,Male,66956649d7179281d46fa6f2,48.0,5.0,4.0,4.0,25.0,75.0,50.0,50.0,unknown_man_word,dominant_woman_wins,Unknown_ManWord_ManWins,Dominant_WomanWins,B,A,0,0.38,43.165,17.109,12.068,M,incorrect,weak,Failure,1,1,1,0,3,0,Male,1,0,Male,54.0,White,0,1,1,0,0,0,-17.2256,9.5815
R_72Jqb8Rw1Hkp7Hb,651abffdad473f8f07e8a2e3,2026-03-13T18:22:35Z,2026-03-13T18:33:10Z,635.0,M_correct_strong,Male,5f5452df72345118f58d187b,0.0,0.0,100.0,100.0,75.0,56.0,-19.0,19.0,dominant_woman_wins,misleading_man_looks_better,Dominant_WomanWins,ObviousFails_ManLooksBetter,A,A,1,0.88,17.039,6.674,11.58,M,correct,strong,Success,0,1,1,1,3,0,Female,0,0,Female,50.0,White,0,0,1,0,1,1,32.7744,5.5815
R_7qUmSdGzAbIH7Q8,65fb580ab7fbb2d518ee8eaa,2026-03-13T18:27:46Z,2026-03-13T18:33:34Z,347.0,M_correct_weak,Male,664439645a9a29be43d5bf5a,49.0,75.0,2.0,2.0,0.0,10.0,10.0,10.0,close_woman_wins,unknown_woman_gk,Close_WomanWins,Unknown_WomanGK_ManWins,A,A,1,0.5,19.509,9.716,11.769,M,correct,weak,Success,0,1,1,1,3,0,Female,0,0,Female,46.0,Black,0,0,1,0,1,0,-42.2256,1.5815
R_7uEaXGwhtPPZCU9,6952c874bffb3b875800a61c,2026-03-13T18:28:03Z,2026-03-13T18:33:51Z,348.0,W_incorrect_weak,Female,66e7853b4e311a12f93b5411,49.0,2.0,2.0,2.0,5.0,0.0,-5.0,5.0,identical_woman_woman,dominant_woman_wins,Identical_WomanWoman_Bwins,Dominant_WomanWins,B,A,0,0.47,23.393,13.688,5.41,W,incorrect,weak,Failure,0,1,1,1,3,0,Female,1,0,Male,45.0,White,0,1,1,1,0,0,-37.2256,0.5815
R_3KHO1CXv6zJMgwP,6758de6c918d844588f31949,2026-03-13T18:26:41Z,2026-03-13T18:34:14Z,452.0,W_correct_strong,Female,6643d22289210a4edf21e84d,0.0,7.0,100.0,100.0,23.0,65.0,42.0,42.0,dominant_woman_wins,man_vs_man,Dominant_WomanWins,ManVsMan_Awins,A,A,1,0.61,23.195,13.956,9.502,W,correct,strong,Success,0,1,1,1,3,0,Female,1,0,Female,47.0,Black,0,1,1,1,1,1,-19.2256,2.5815
R_7xX4MxcWd4FjkTT,640415971520c41606ca4389,2026-03-13T18:26:27Z,2026-03-13T18:34:30Z,483.0,W_correct_weak,Female,5b81e0a72ce68d0001fa68d5,48.0,12.0,4.0,4.0,30.0,60.0,30.0,30.0,close_woman_wins,dominant_man_wins,Close_WomanWins,Dominant_ManWins,A,A,1,0.65,37.965,8.912,4.113,W,correct,weak,Success,1,1,1,1,4,1,Female,1,0,Female,42.0,White,1,1,1,1,1,0,-12.2256,-2.4185
R_1IcQ3qbfZfTqrSP,60fce0bedbae8b8996c93203,2026-03-13T18:35:29Z,2026-03-13T18:39:00Z,211.0,W_correct_strong,Female,5f285dc5b09b3715fa20a14c,0.0,75.0,100.0,100.0,75.0,100.0,25.0,25.0,dominant_man_wins,unknown_woman_gk,Dominant_ManWins,Unknown_WomanGK_ManWins,A,A,1,0.88,15.956,8.712,6.335,W,correct,strong,Success,1,1,1,1,4,1,Female,1,0,Female,24.0,White,1,1,1,1,1,1,32.7744,-20.4185
R_3JxRBlNzz20HcAn,66283daa9d37ad5b228a6ede,2026-03-13T18:29:02Z,2026-03-13T18:39:37Z,635.0,M_incorrect_weak,Male,5bf4afe0b8e9f800014c9c0b,49.0,80.0,2.0,2.0,10.0,0.0,-10.0,10.0,identical_woman_woman,unknown_woman_gk,Identical_WomanWoman_Bwins,Unknown_WomanGK_ManWins,B,A,0,0.45,76.614,25.373,35.383,M,incorrect,weak,Failure,1,1,1,1,4,1,,0,1,Female,61.0,White,0,0,1,0,0,0,-32.2256,16.5815
R_6lgrokIWsCosFt7,5c6ae4c31b9d0e000190bacc,2026-03-13T18:39:09Z,2026-03-13T18:43:16Z,247.0,M_correct_strong,Male,62029a55ef1cb18a1337c61a,0.0,5.0,100.0,100.0,61.0,60.0,-1.0,1.0,dominant_woman_wins,dominant_man_wins,Dominant_WomanWins,Dominant_ManWins,A,A,1,0.8,21.323,15.581,11.058,M,correct,strong,Success,1,1,1,1,4,1,Female,0,0,Female,62.0,White,0,0,1,0,1,1,18.7744,17.5815
R_3IaTUBhU1DVviGq,6003ef9269c7814f0ca7b46a,2026-03-13T18:35:53Z,2026-03-13T18:44:31Z,517.0,M_incorrect_weak,Male,622a11c552b2b35bab72a39c,49.0,65.0,2.0,2.0,100.0,0.0,-100.0,100.0,identical_woman_woman,unknown_woman_gk,Identical_WomanWoman_Bwins,Unknown_WomanGK_ManWins,B,A,0,0.0,25.961,10.082,9.025,M,incorrect,weak,Failure,0,1,1,1,3,0,Male,1,0,Male,37.0,Asian,0,1,1,0,0,0,57.7744,-7.4185
R_34jA4YPTbyg8ADn,5f46b43e8276ea0641f13e79,2026-03-13T18:29:24Z,2026-03-13T18:46:10Z,1006.0,W_correct_strong,Female,5d537c0cecc84200153075e9,0.0,4.0,100.0,100.0,50.0,50.0,0.0,0.0,dominant_woman_wins,unknown_man_word,Dominant_WomanWins,Unknown_ManWord_ManWins,A,A,1,0.75,41.429,22.544,9.595,W,correct,strong,Success,1,1,0,1,3,0,Female,1,0,Female,55.0,Black,0,1,0,1,1,1,7.7744,10.5815
R_5UjMAaKJQnLi2iJ,5e69076e64d2fb1bc091241a,2026-03-13T18:33:29Z,2026-03-13T18:47:04Z,815.0,W_correct_strong,Female,67215f2922159d42abf932a4,0.0,8.0,100.0,100.0,33.0,33.0,0.0,0.0,dominant_woman_wins,dominant_man_wins,Dominant_WomanWins,Dominant_ManWins,A,A,1,0.67,50.799,7.805,5.334,W,correct,strong,Success,1,1,1,1,4,1,Male,0,0,Female,50.0,White,0,0,0,1,1,1,-9.2256,5.5815
R_6QK19J4GDB06TaZ,640e2d45fd23f3fafe92d6d4,2026-03-13T18:44:55Z,2026-03-13T18:48:12Z,196.0,M_incorrect_weak,Male,641385c88f29eb3264283818,49.0,2.0,2.0,2.0,0.0,2.0,2.0,2.0,identical_woman_woman,dominant_woman_wins,Identical_WomanWoman_Bwins,Dominant_WomanWins,B,A,0,0.5,19.951,16.428,7.093,M,incorrect,weak,Failure,0,1,1,1,3,0,Male,1,0,Male,50.0,White,0,1,1,0,0,0,-42.2256,5.5815
R_61vi4tkJiFY12gL,67f972620fdbfde234aa54ef,2026-03-13T18:43:28Z,2026-03-13T18:48:42Z,313.0,M_incorrect_strong,Male,67a95d468d14bd6324b4bbba,0.0,81.0,100.0,100.0,50.0,25.0,-25.0,25.0,misleading_woman_looks_better,close_woman_wins,ObviousFails_WomanLooksBetter,Close_WomanWins,B,A,0,0.25,29.317,12.791,8.69,M,incorrect,strong,Failure,1,1,1,1,4,1,,0,1,Female,55.0,White,0,0,1,0,0,1,7.7744,10.5815
R_5LqBxP5umTOOwpr,63d7c8b24017a56bcc3affe2,2026-03-13T18:43:50Z,2026-03-13T18:49:00Z,309.0,W_correct_weak,Female,65e8ff784cc1b2fc71bc5368,51.0,5.0,2.0,2.0,50.0,100.0,50.0,50.0,identical_woman_woman,misleading_woman_looks_better,Identical_WomanWoman_Bwins,ObviousFails_WomanLooksBetter,B,B,1,0.75,42.512,14.415,8.559,W,correct,weak,Success,1,1,1,1,4,1,Female,1,0,Female,54.0,White,1,1,1,1,1,0,7.7744,9.5815
R_3g5RIXhMvoFiTkP,6606e93fbb8cbe12379ec72e,2026-03-13T18:38:22Z,2026-03-13T18:49:38Z,675.0,M_incorrect_strong,Male,6702c3ee33eed6369eb34c8f,0.0,20.0,100.0,100.0,50.0,50.0,0.0,0.0,misleading_man_looks_better,split_unknowns,ObviousFails_ManLooksBetter,SplitUnknowns_ManWins,B,A,0,0.25,24.312,32.553,28.813,M,incorrect,strong,Failure,0,1,1,1,3,0,Female,0,0,Female,45.0,Hispanic,0,0,0,0,0,1,7.7744,0.5815
R_11GoSDcerWu9Xpp,6393762f53bfb428985673db,2026-03-13T18:42:57Z,2026-03-13T18:51:04Z,487.0,M_incorrect_weak,Male,66956649d7179281d46fa6f2,48.0,5.0,4.0,4.0,25.0,30.0,5.0,5.0,unknown_man_word,dominant_woman_wins,Unknown_ManWord_ManWins,Dominant_WomanWins,B,A,0,0.38,43.528,26.527,17.581,M,incorrect,weak,Failure,0,1,1,1,3,0,Male,1,0,Male,72.0,White,0,1,1,0,0,0,-17.2256,27.5815
R_5lgbbcY7t6VxOSJ,634ef87aec0966557c825573,2026-03-13T18:44:13Z,2026-03-13T18:52:12Z,479.0,M_incorrect_strong,Male,6398db762e009c7af9e1da88,0.0,85.0,100.0,100.0,100.0,100.0,0.0,0.0,misleading_man_looks_better,unknown_woman_gk,ObviousFails_ManLooksBetter,Unknown_WomanGK_ManWins,B,A,0,0.0,77.303,6.779,6.184,M,incorrect,strong,Failure,0,1,1,1,3,0,Female,0,0,Female,32.0,White,0,0,0,0,0,1,57.7744,-12.4185
R_338bpZ5qeYB9JeA,65419321636d71344c9f51a8,2026-03-13T18:43:07Z,2026-03-13T18:53:19Z,612.0,M_correct_weak,Male,66bffd8c97a80ac91e1087e0,51.0,1.0,2.0,2.0,10.0,10.0,0.0,0.0,identical_woman_woman,dominant_woman_wins,Identical_WomanWoman_Bwins,Dominant_WomanWins,B,B,1,0.55,30.677,50.0,7.599,M,correct,weak,Success,1,1,1,1,4,1,Female,0,0,Female,77.0,White,0,0,0,0,1,0,-32.2256,32.5815
R_7jqzIcwGmwYfKWj,59c96ffd21454d000194c258,2026-03-13T18:50:19Z,2026-03-13T18:55:32Z,312.0,M_incorrect_weak,Male,66956649d7179281d46fa6f2,48.0,5.0,4.0,4.0,0.0,0.0,0.0,0.0,unknown_man_word,dominant_woman_wins,Unknown_ManWord_ManWins,Dominant_WomanWins,B,A,0,0.5,31.159,17.933,14.022,M,incorrect,weak,Failure,0,1,1,1,3,0,Male,1,0,Male,45.0,Black,0,1,0,0,0,0,-42.2256,0.5815
R_1AoWdpgcRRhYHkZ,6630f3dfb4d49b3bbb2b8778,2026-03-13T18:52:16Z,2026-03-13T18:57:08Z,291.0,M_incorrect_weak,Male,5e5731e3e1e8b90e25c1f3a2,51.0,11.0,2.0,2.0,100.0,100.0,0.0,0.0,close_woman_wins,misleading_man_looks_better,Close_WomanWins,ObviousFails_ManLooksBetter,A,B,0,0.0,26.195,3.457,7.132,M,incorrect,weak,Failure,1,1,1,1,4,1,Male,1,0,Male,45.0,Black,1,1,0,0,0,0,57.7744,0.5815
R_11YjQR2Sabv0CJO,672c1b00e4ed661368e89749,2026-03-13T18:51:08Z,2026-03-13T18:57:10Z,362.0,M_incorrect_strong,Male,59e7477e3e4b5a00016aa4d2,100.0,1.0,100.0,100.0,100.0,100.0,0.0,0.0,dominant_woman_wins,split_unknowns,Dominant_WomanWins,SplitUnknowns_ManWins,A,B,0,0.0,29.862,8.499,5.429,M,incorrect,strong,Failure,1,1,1,1,4,1,Female,0,0,Female,59.0,White,0,0,0,0,0,1,57.7744,14.5815
R_5ssiD140RcipmQa,60fee48ed856348cd4742c76,2026-03-13T18:53:44Z,2026-03-13T18:57:37Z,232.0,M_correct_weak,Male,6745f39f437c441b19285a1a,51.0,4.0,2.0,2.0,25.0,60.0,35.0,35.0,identical_woman_woman,misleading_man_looks_better,Identical_WomanWoman_Bwins,ObviousFails_ManLooksBetter,B,B,1,0.63,23.731,9.047,6.315,M,correct,weak,Success,1,1,1,1,4,1,,0,1,Female,23.0,White,0,0,1,0,1,0,-17.2256,-21.4185
R_14JQ8qxvfRthkm5,6330f30b973410dadd20eb64,2026-03-13T18:55:13Z,2026-03-13T18:58:02Z,169.0,M_correct_strong,Male,63d80b500adef5b476e289a4,0.0,15.0,100.0,100.0,50.0,50.0,0.0,0.0,dominant_woman_wins,unknown_man_word,Dominant_WomanWins,Unknown_ManWord_ManWins,A,A,1,0.75,12.8,6.043,2.165,M,correct,strong,Success,0,1,1,1,3,0,Male,1,0,Female,43.0,White,0,1,0,0,1,1,7.7744,-1.4185
R_5vhIFkRwzDSSVdl,60833ce5197d68cff9df1b83,2026-03-13T18:53:55Z,2026-03-13T18:58:20Z,265.0,W_correct_weak,Female,65e8ff784cc1b2fc71bc5368,51.0,5.0,2.0,2.0,0.0,100.0,100.0,100.0,identical_woman_woman,misleading_woman_looks_better,Identical_WomanWoman_Bwins,ObviousFails_WomanLooksBetter,B,B,1,0.5,32.293,10.459,10.114,W,correct,weak,Success,1,1,1,1,4,1,Female,1,0,Male,70.0,White,1,1,1,1,1,0,-42.2256,25.5815
R_6s1JRl7pKKrNGXI,663bc254f4b7b1bf2cdd0a70,2026-03-13T18:50:50Z,2026-03-13T18:59:02Z,492.0,M_correct_strong,Male,55d234b45bc5bc0005d9039d,0.0,75.0,100.0,100.0,75.0,80.0,5.0,5.0,dominant_woman_wins,unknown_woman_gk,Dominant_WomanWins,Unknown_WomanGK_ManWins,A,A,1,0.88,13.368,8.803,6.723,M,correct,strong,Success,0,1,1,1,3,0,Male,1,0,Female,39.0,White,0,1,1,0,1,1,32.7744,-5.4185
R_1bWvLhapIOf4NzM,6077314ace74aa8fd3f90e9c,2026-03-13T18:51:23Z,2026-03-13T18:59:04Z,460.0,W_incorrect_weak,Female,65cb86a7e667e637599a3af3,49.0,1.0,2.0,2.0,7.0,4.0,-3.0,3.0,identical_woman_woman,dominant_woman_wins,Identical_WomanWoman_Bwins,Dominant_WomanWins,B,A,0,0.46,99.563,17.764,13.009,W,incorrect,weak,Failure,1,1,1,1,4,1,Female,1,0,Female,27.0,Black,1,1,1,1,0,0,-35.2256,-17.4185
R_1NV4vWttfOKDHq7,6361acb07d0d241c339ab52b,2026-03-13T18:49:56Z,2026-03-13T18:59:27Z,570.0,M_correct_weak,Male,664439645a9a29be43d5bf5a,49.0,75.0,2.0,2.0,5.0,10.0,5.0,5.0,close_woman_wins,unknown_woman_gk,Close_WomanWins,Unknown_WomanGK_ManWins,A,A,1,0.53,91.56,19.479,14.53,M,correct,weak,Success,1,1,1,1,4,1,Female,0,0,Female,49.0,White,0,0,1,0,1,0,-37.2256,4.5815
R_5v8vwwkCmuXvcVr,5723c21ca300060009bc6d9d,2026-03-13T18:47:08Z,2026-03-13T19:00:31Z,802.0,W_incorrect_weak,Female,5e05ab290db892fcd8036b1a,49.0,5.0,2.0,2.0,20.0,0.0,-20.0,20.0,identical_woman_woman,misleading_man_looks_better,Identical_WomanWoman_Bwins,ObviousFails_ManLooksBetter,B,A,0,0.4,82.302,9.3,5.617,W,incorrect,weak,Failure,1,1,1,1,4,1,Female,1,0,Female,47.0,Asian,1,1,1,1,0,0,-22.2256,2.5815
R_6pXuBQ8fQ7DbI8d,62e42aaad0079d2ff8e97597,2026-03-13T18:59:19Z,2026-03-13T19:02:29Z,190.0,M_correct_strong,Male,62029a55ef1cb18a1337c61a,0.0,5.0,100.0,100.0,78.0,76.0,-2.0,2.0,dominant_woman_wins,dominant_man_wins,Dominant_WomanWins,Dominant_ManWins,A,A,1,0.89,9.361,6.361,4.76,M,correct,strong,Success,1,1,1,1,4,1,,0,1,Female,34.0,White,0,0,1,0,1,1,35.7744,-10.4185
R_3PpRwpckeY8KT8u,662a5d4dabae70ece2dfcc21,2026-03-13T18:56:01Z,2026-03-13T19:03:00Z,418.0,M_correct_strong,Male,6598942c3d07928cc188ffdb,100.0,1.0,100.0,100.0,75.0,75.0,0.0,0.0,misleading_man_looks_better,man_vs_man,ObviousFails_ManLooksBetter,ManVsMan_Awins,B,B,1,0.88,30.384,21.812,18.353,M,correct,strong,Success,0,1,1,1,3,0,Male,1,0,Male,51.0,White,0,1,0,0,1,1,32.7744,6.5815
R_5uo5jESC6KDvZux,63d4409d5b0e57d3d3a3819d,2026-03-13T18:56:39Z,2026-03-13T19:03:39Z,420.0,W_incorrect_strong,Female,62d59a066ee263bb659aa445,0.0,91.0,100.0,100.0,20.0,20.0,0.0,0.0,misleading_woman_looks_better,split_unknowns,ObviousFails_WomanLooksBetter,SplitUnknowns_ManWins,B,A,0,0.4,13.621,11.605,5.26,W,incorrect,strong,Failure,0,1,1,1,3,0,Female,1,0,Male,33.0,White,0,1,0,1,0,1,-22.2256,-11.4185
R_5MQlg2dUjcJZT9y,677c3d638b3b40fc2c99292e,2026-03-13T19:00:17Z,2026-03-13T19:04:21Z,243.0,W_correct_weak,Female,65e8ff784cc1b2fc71bc5368,51.0,5.0,2.0,2.0,10.0,15.0,5.0,5.0,identical_woman_woman,misleading_woman_looks_better,Identical_WomanWoman_Bwins,ObviousFails_WomanLooksBetter,B,B,1,0.55,21.096,11.797,4.111,W,correct,weak,Success,1,1,1,1,4,1,Male,0,0,Male,44.0,White,0,0,1,1,1,0,-32.2256,-0.4185
R_7F3eH0pPOvzmNYm,673bc7364722159a7c678802,2026-03-13T18:58:51Z,2026-03-13T19:04:43Z,351.0,M_correct_weak,Male,6745f39f437c441b19285a1a,51.0,4.0,2.0,2.0,0.0,0.0,0.0,0.0,identical_woman_woman,misleading_man_looks_better,Identical_WomanWoman_Bwins,ObviousFails_ManLooksBetter,B,B,1,0.5,12.817,5.269,8.047,M,correct,weak,Success,1,1,1,1,4,1,,0,1,Female,35.0,White,0,0,0,0,1,0,-42.2256,-9.4185
R_3SIgcu0ny5kQtoW,65198ae1d2294dbc8561e90c,2026-03-13T18:59:24Z,2026-03-13T19:04:53Z,328.0,W_incorrect_weak,Female,66e7853b4e311a12f93b5411,49.0,2.0,2.0,2.0,0.0,0.0,0.0,0.0,identical_woman_woman,dominant_woman_wins,Identical_WomanWoman_Bwins,Dominant_WomanWins,B,A,0,0.5,21.49,7.108,10.754,W,incorrect,weak,Failure,1,1,1,1,4,1,,0,1,Male,65.0,White,0,0,0,1,0,0,-42.2256,20.5815
R_5EmaE3k5PNpQtq0,675cf75e3c237ff931f4a43e,2026-03-13T18:57:48Z,2026-03-13T19:05:56Z,487.0,M_correct_strong,Male,63d80b500adef5b476e289a4,0.0,15.0,100.0,100.0,0.0,0.0,0.0,0.0,dominant_woman_wins,unknown_man_word,Dominant_WomanWins,Unknown_ManWord_ManWins,A,A,1,0.5,84.804,3.027,4.775,M,correct,strong,Success,0,1,1,1,3,0,Male,1,0,Female,59.0,Asian,0,1,0,0,1,1,-42.2256,14.5815
R_3aktC20mzL0IeAL,669f1b414df434c089390389,2026-03-13T19:02:18Z,2026-03-13T19:09:01Z,403.0,W_correct_strong,Female,6632e71b65934c5810fb2eff,100.0,94.0,100.0,100.0,50.0,25.0,-25.0,25.0,misleading_woman_looks_better,dominant_man_wins,ObviousFails_WomanLooksBetter,Dominant_ManWins,B,B,1,0.75,50.499,14.585,7.663,W,correct,strong,Success,1,1,1,1,4,1,Female,1,0,Female,44.0,White,1,1,1,1,1,1,7.7744,-0.4185
R_1AFoawEsPQYkWiA,5b735a4c3503c60001a891b7,2026-03-13T18:48:44Z,2026-03-13T19:11:20Z,1355.0,M_correct_weak,Male,66e9cc5fb04f5ba6d8b5a3f1,51.0,5.0,2.0,2.0,10.0,41.0,31.0,31.0,split_unknowns,misleading_man_looks_better,SplitUnknowns_ManWins,ObviousFails_ManLooksBetter,B,B,1,0.55,15.471,20.808,10.096,M,correct,weak,Success,0,1,1,1,3,0,Female,0,0,Female,31.0,White,0,0,1,0,1,0,-32.2256,-13.4185
R_6jleSH8U524cvuM,5b7aa12ea545240001d93c98,2026-03-13T19:06:45Z,2026-03-13T19:11:34Z,289.0,W_incorrect_strong,Female,62d59a066ee263bb659aa445,0.0,91.0,100.0,100.0,60.0,40.0,-20.0,20.0,misleading_woman_looks_better,split_unknowns,ObviousFails_WomanLooksBetter,SplitUnknowns_ManWins,B,A,0,0.2,31.03,18.005,6.537,W,incorrect,strong,Failure,1,1,1,1,4,1,,0,1,Other,30.0,White,0,0,1,1,0,1,17.7744,-14.4185
R_3ZUEdr5z7ke3by1,5a4a94fef7b7bc00014e1462,2026-03-13T19:07:46Z,2026-03-13T19:14:08Z,381.0,W_incorrect_strong,Female,62b628e4351d179f1ff6cc59,0.0,65.0,100.0,100.0,100.0,49.0,-51.0,51.0,misleading_woman_looks_better,unknown_woman_gk,ObviousFails_WomanLooksBetter,Unknown_WomanGK_ManWins,B,A,0,0.0,26.656,13.07,9.301,W,incorrect,strong,Failure,0,1,1,1,3,0,Female,1,0,Male,37.0,Hispanic,0,1,1,1,0,1,57.7744,-7.4185
R_3IqOFjFaN2Qi47v,5dd3205a523df033442e19da,2026-03-13T19:12:55Z,2026-03-13T19:18:16Z,320.0,M_correct_strong,Male,55d234b45bc5bc0005d9039d,0.0,75.0,100.0,100.0,75.0,100.0,25.0,25.0,dominant_woman_wins,unknown_woman_gk,Dominant_WomanWins,Unknown_WomanGK_ManWins,A,A,1,0.88,9.096,3.472,5.663,M,correct,strong,Success,0,1,1,1,3,0,Male,1,0,Male,36.0,White,0,1,1,0,1,1,32.7744,-8.4185
R_3QLr7IdEhJsAdXz,5ddf3a3a23f9f1eabaf02ad5,2026-03-13T19:14:09Z,2026-03-13T19:19:27Z,317.0,M_correct_weak,Male,6446b4a6eb2ba64c1505307d,51.0,2.0,2.0,2.0,0.0,10.0,10.0,10.0,split_unknowns,misleading_woman_looks_better,SplitUnknowns_ManWins,ObviousFails_WomanLooksBetter,B,B,1,0.5,23.276,16.119,9.885,M,correct,weak,Success,1,1,1,1,4,1,Male,1,0,Female,39.0,White,1,1,1,0,1,0,-42.2256,-5.4185
R_5CBdpxQOk1ViWNq,66fc2bcdcab83810a0978eea,2026-03-13T19:17:23Z,2026-03-13T19:19:30Z,127.0,M_incorrect_strong,Male,633c74ad6178784ed5b52104,0.0,5.0,100.0,100.0,100.0,100.0,0.0,0.0,misleading_man_looks_better,dominant_man_wins,ObviousFails_ManLooksBetter,Dominant_ManWins,B,A,0,0.0,7.143,2.817,2.029,M,incorrect,strong,Failure,1,1,1,1,4,1,Male,1,0,Male,30.0,White,1,1,0,0,0,1,57.7744,-14.4185
R_3upPqRyj7hnnDcW,6174b049932ee98236563b51,2026-03-13T19:08:47Z,2026-03-13T19:20:47Z,719.0,W_correct_weak,Female,63d5b810f3dbbd11e7e65870,51.0,98.0,2.0,2.0,9.0,25.0,16.0,16.0,identical_woman_woman,close_woman_wins,Identical_WomanWoman_Bwins,Close_WomanWins,B,B,1,0.55,55.298,46.866,20.788,W,correct,weak,Success,0,1,1,1,3,0,Female,1,0,Female,59.0,White,0,1,1,1,1,0,-33.2256,14.5815
R_5EhHThkTjSToocL,5f6136ff23e5260b6cf1f33c,2026-03-13T19:19:16Z,2026-03-13T19:23:05Z,228.0,W_correct_strong,Female,6643d22289210a4edf21e84d,0.0,7.0,100.0,100.0,100.0,100.0,0.0,0.0,dominant_woman_wins,man_vs_man,Dominant_WomanWins,ManVsMan_Awins,A,A,1,1.0,22.811,9.27,9.284,W,correct,strong,Success,1,1,1,1,4,1,,0,1,Non-binary,34.0,White,0,0,0,1,1,1,57.7744,-10.4185
R_3J2vnVCeDrRwzt2,65e85ad0d2ec2a33602e60ea,2026-03-13T19:20:25Z,2026-03-13T19:24:37Z,252.0,W_correct_weak,Female,5b81e0a72ce68d0001fa68d5,48.0,12.0,4.0,4.0,0.0,0.0,0.0,0.0,close_woman_wins,dominant_man_wins,Close_WomanWins,Dominant_ManWins,A,A,1,0.5,19.326,13.15,13.898,W,correct,weak,Success,1,1,1,1,4,1,Female,1,0,Male,39.0,White,1,1,0,1,1,0,-42.2256,-5.4185
R_7Xpbz9E4dv6OlsW,58be162d2e4dc0000164b12c,2026-03-13T19:22:35Z,2026-03-13T19:28:12Z,336.0,W_incorrect_strong,Female,62b628e4351d179f1ff6cc59,0.0,65.0,100.0,100.0,75.0,47.0,-28.0,28.0,misleading_woman_looks_better,unknown_woman_gk,ObviousFails_WomanLooksBetter,Unknown_WomanGK_ManWins,B,A,0,0.13,27.689,6.91,9.192,W,incorrect,strong,Failure,0,1,1,1,3,0,,0,1,Female,38.0,White,0,0,1,1,0,1,32.7744,-6.4185
R_5flZHVQfgVt7BMN,5cb882d33f0af9000159e00f,2026-03-13T19:19:23Z,2026-03-13T19:28:20Z,537.0,M_correct_weak,Male,6446b4a6eb2ba64c1505307d,51.0,2.0,2.0,2.0,12.0,24.0,12.0,12.0,split_unknowns,misleading_woman_looks_better,SplitUnknowns_ManWins,ObviousFails_WomanLooksBetter,B,B,1,0.56,25.361,11.231,11.934,M,correct,weak,Success,1,1,1,1,4,1,Male,1,0,Female,63.0,White,1,1,1,0,1,0,-30.2256,18.5815
R_7iQOyJEneLhM3uP,5c8ef4072a1b22000198f6bf,2026-03-13T19:07:06Z,2026-03-13T19:28:21Z,1274.0,W_incorrect_weak,Female,5e9f3f09ccc75a0c345e4845,49.0,5.0,2.0,2.0,62.0,77.0,15.0,15.0,split_unknowns,misleading_woman_looks_better,SplitUnknowns_ManWins,ObviousFails_WomanLooksBetter,B,A,0,0.19,15.356,6.074,9.176,W,incorrect,weak,Failure,0,1,1,1,3,0,,0,1,Female,54.0,White,0,0,1,1,0,0,19.7744,9.5815
R_600LzXtOzqEfioE,66d886c6372fb5935895b709,2026-03-13T19:21:04Z,2026-03-13T19:28:25Z,440.0,W_incorrect_weak,Female,61188057fe5a395476806c12,49.0,28.0,2.0,2.0,10.0,6.0,-4.0,4.0,identical_woman_woman,man_vs_man,Identical_WomanWoman_Bwins,ManVsMan_Awins,B,A,0,0.45,42.634,17.933,14.115,W,incorrect,weak,Failure,1,1,1,0,3,0,,0,1,Female,59.0,White,0,0,1,1,0,0,-32.2256,14.5815
R_6pLp3sb9Z4ZLdHL,647dde92d730823a9e5c7f0f,2026-03-13T19:21:50Z,2026-03-13T19:29:09Z,439.0,W_correct_weak,Female,5f4ee7ff2c5da213f015a27e,51.0,13.0,2.0,2.0,0.0,0.0,0.0,0.0,identical_woman_woman,misleading_man_looks_better,Identical_WomanWoman_Bwins,ObviousFails_ManLooksBetter,B,B,1,0.5,20.942,5.5,8.224,W,correct,weak,Success,0,1,1,1,3,0,Female,1,0,Female,61.0,White,0,1,0,1,1,0,-42.2256,16.5815
R_7TSFdQEa8MKLodJ,6750d3484a42c2a4f44e09ce,2026-03-13T19:25:50Z,2026-03-13T19:29:18Z,208.0,W_incorrect_weak,Female,63d3f99eac52371a49e65825,48.0,6.0,4.0,4.0,74.0,83.0,9.0,9.0,unknown_man_word,dominant_woman_wins,Unknown_ManWord_ManWins,Dominant_WomanWins,B,A,0,0.13,17.993,5.361,2.645,W,incorrect,weak,Failure,0,1,1,1,3,0,Female,1,0,Female,38.0,White,0,1,1,1,0,0,31.7744,-6.4185
R_1PiY9oqlhmSMedm,5fa4f94e535f3b1aa628e0ab,2026-03-13T19:18:14Z,2026-03-13T19:30:03Z,708.0,M_correct_strong,Male,62877d5f6a054e53313ac916,0.0,99.0,100.0,100.0,50.0,50.0,0.0,0.0,dominant_woman_wins,split_unknowns,Dominant_WomanWins,SplitUnknowns_ManWins,A,A,1,0.75,436.377,4.058,2.562,M,correct,strong,Success,0,1,1,1,3,0,Male,1,0,Male,32.0,Asian,0,1,0,0,1,1,7.7744,-12.4185
R_3WVwQlAG7DAe9iJ,6392555a9838cc65a9c829ef,2026-03-13T19:24:32Z,2026-03-13T19:31:32Z,420.0,W_incorrect_strong,Female,5c005838232b6c0001221acf,100.0,83.0,100.0,100.0,50.0,0.0,-50.0,50.0,dominant_man_wins,misleading_man_looks_better,Dominant_ManWins,ObviousFails_ManLooksBetter,A,B,0,0.25,27.538,7.213,5.23,W,incorrect,strong,Failure,0,1,1,1,3,0,Female,1,0,Female,56.0,Black,0,1,1,1,0,1,7.7744,11.5815
R_5txvGTEK7LJpFeq,6111556d27f136bb7db6667d,2026-03-13T19:18:54Z,2026-03-13T19:31:52Z,778.0,M_incorrect_strong,Male,5eac686d82cc012af1e953c7,100.0,82.0,100.0,100.0,25.0,0.0,-25.0,25.0,unknown_woman_gk,man_vs_man,Unknown_WomanGK_ManWins,ManVsMan_Awins,A,B,0,0.38,164.299,5.937,9.517,M,incorrect,strong,Failure,0,1,1,1,3,0,Female,0,0,Female,27.0,White,0,0,1,0,0,1,-17.2256,-17.4185
R_1qdESWdKRe302Y4,5ee517175fd9cf23b3b7b7ec,2026-03-13T19:26:45Z,2026-03-13T19:32:24Z,339.0,M_correct_strong,Male,6598942c3d07928cc188ffdb,100.0,1.0,100.0,100.0,50.0,50.0,0.0,0.0,misleading_man_looks_better,man_vs_man,ObviousFails_ManLooksBetter,ManVsMan_Awins,B,B,1,0.75,20.229,16.62,4.721,M,correct,strong,Success,1,1,1,0,3,0,,0,1,Male,30.0,White,0,0,0,0,1,1,7.7744,-14.4185
R_7KIU0E6ksmHnAZW,62caf420f0a62517092c7841,2026-03-13T19:28:14Z,2026-03-13T19:32:55Z,280.0,M_incorrect_weak,Male,66956649d7179281d46fa6f2,48.0,5.0,4.0,4.0,21.0,9.0,-12.0,12.0,unknown_man_word,dominant_woman_wins,Unknown_ManWord_ManWins,Dominant_WomanWins,B,A,0,0.4,36.914,43.444,7.544,M,incorrect,weak,Failure,1,1,1,1,4,1,,0,1,Female,42.0,White,0,0,1,0,0,0,-21.2256,-2.4185
R_1pklzYTq7sXPzvH,60ff632a01371d68a406f893,2026-03-13T19:28:52Z,2026-03-13T19:32:58Z,245.0,M_incorrect_weak,Male,66956649d7179281d46fa6f2,48.0,5.0,4.0,4.0,10.0,15.0,5.0,5.0,unknown_man_word,dominant_woman_wins,Unknown_ManWord_ManWins,Dominant_WomanWins,B,A,0,0.45,20.385,7.697,4.651,M,incorrect,weak,Failure,0,1,1,1,3,0,Female,0,0,Non-binary,28.0,Hispanic,0,0,1,0,0,0,-32.2256,-16.4185
R_3xKPGBjwYVmWHoT,5dd31871c5faa232d3c20365,2026-03-13T19:20:47Z,2026-03-13T19:33:38Z,770.0,W_correct_strong,Female,R_6LuSAqe1z1kqjId,100.0,61.0,100.0,100.0,5.0,5.0,0.0,0.0,misleading_woman_looks_better,unknown_man_word,ObviousFails_WomanLooksBetter,Unknown_ManWord_ManWins,B,B,1,0.53,27.984,8.067,6.407,W,correct,strong,Success,1,1,1,0,3,0,Female,1,0,Male,42.0,Black,0,1,0,1,1,1,-37.2256,-2.4185
R_5r8FBIQCEAlfbFZ,695ef03831282c9269259f47,2026-03-13T19:31:04Z,2026-03-13T19:34:28Z,204.0,W_correct_weak,Female,5f4ee7ff2c5da213f015a27e,51.0,13.0,2.0,2.0,100.0,100.0,0.0,0.0,identical_woman_woman,misleading_man_looks_better,Identical_WomanWoman_Bwins,ObviousFails_ManLooksBetter,B,B,1,1.0,12.157,7.134,2.801,W,correct,weak,Success,1,1,1,1,4,1,Female,1,0,Male,38.0,Asian,1,1,0,1,1,0,57.7744,-6.4185
R_7k1dBX5MfK6Cb5C,6511c2c44736315d405f1171,2026-03-13T19:26:18Z,2026-03-13T19:34:57Z,518.0,W_correct_weak,Female,65e8ff784cc1b2fc71bc5368,51.0,5.0,2.0,2.0,10.0,10.0,0.0,0.0,identical_woman_woman,misleading_woman_looks_better,Identical_WomanWoman_Bwins,ObviousFails_WomanLooksBetter,B,B,1,0.55,25.2,12.701,16.861,W,correct,weak,Success,1,1,1,1,4,1,Female,1,0,Male,41.0,White,1,1,0,1,1,0,-32.2256,-3.4185
R_6QDxQHob3LCQI7B,66ecded667f721bca7e5609d,2026-03-13T19:30:00Z,2026-03-13T19:35:41Z,340.0,M_incorrect_strong,Male,591d369e88bbb500013a8517,0.0,86.0,100.0,100.0,71.0,100.0,29.0,29.0,misleading_woman_looks_better,unknown_woman_gk,ObviousFails_WomanLooksBetter,Unknown_WomanGK_ManWins,B,A,0,0.15,35.378,6.214,4.374,M,incorrect,strong,Failure,1,1,1,1,4,1,Male,1,0,Male,33.0,White,1,1,1,0,0,1,28.7744,-11.4185
R_3Ne5vcWTv0ueRy0,67104c7deff954cb22438402,2026-03-13T19:34:27Z,2026-03-13T19:38:31Z,243.0,W_incorrect_weak,Female,66e7853b4e311a12f93b5411,49.0,2.0,2.0,2.0,50.0,0.0,-50.0,50.0,identical_woman_woman,dominant_woman_wins,Identical_WomanWoman_Bwins,Dominant_WomanWins,B,A,0,0.25,14.499,11.57,5.31,W,incorrect,weak,Failure,0,1,1,1,3,0,Female,1,0,Female,49.0,White,0,1,1,1,0,0,7.7744,4.5815
R_1tEcX4FZoacwE9j,5f7529755aaa0e1a6e804640,2026-03-13T19:24:09Z,2026-03-13T19:38:46Z,877.0,M_incorrect_weak,Male,66956649d7179281d46fa6f2,48.0,5.0,4.0,4.0,52.0,50.0,-2.0,2.0,unknown_man_word,dominant_woman_wins,Unknown_ManWord_ManWins,Dominant_WomanWins,B,A,0,0.24,25.919,15.685,8.604,M,incorrect,weak,Failure,1,1,1,1,4,1,,0,1,Male,50.0,White,0,0,1,0,0,0,9.7744,5.5815
R_5cq19ijTUSl1oZm,60fe0b73bbb479e45039b320,2026-03-13T19:33:12Z,2026-03-13T19:39:23Z,371.0,W_correct_weak,Female,6473bd2d95a488b826bc24c4,51.0,5.0,2.0,2.0,24.0,43.0,19.0,19.0,split_unknowns,unknown_man_word,SplitUnknowns_ManWins,Unknown_ManWord_ManWins,B,B,1,0.62,30.751,18.664,4.031,W,correct,weak,Success,0,1,1,1,3,0,Male,0,0,Male,43.0,White,0,0,1,1,1,0,-18.2256,-1.4185
R_5K9m5tJJ8BkNpTM,66c54542fde51396756cb576,2026-03-13T19:35:31Z,2026-03-13T19:40:56Z,324.0,W_correct_strong,Female,6632e71b65934c5810fb2eff,100.0,94.0,100.0,100.0,100.0,100.0,0.0,0.0,misleading_woman_looks_better,dominant_man_wins,ObviousFails_WomanLooksBetter,Dominant_ManWins,B,B,1,1.0,21.599,8.887,12.274,W,correct,strong,Success,1,1,1,1,4,1,Female,1,0,Female,54.0,White,1,1,0,1,1,1,57.7744,9.5815
R_7q2Rannh3CAUtox,67def81ba5ffb33a228e677b,2026-03-13T19:23:21Z,2026-03-13T19:40:59Z,1057.0,W_incorrect_weak,Female,63d3f99eac52371a49e65825,48.0,6.0,4.0,4.0,10.0,25.0,15.0,15.0,unknown_man_word,dominant_woman_wins,Unknown_ManWord_ManWins,Dominant_WomanWins,B,A,0,0.45,64.023,36.413,19.873,W,incorrect,weak,Failure,1,1,1,1,4,1,Female,1,0,Female,55.0,White,1,1,1,1,0,0,-32.2256,10.5815
R_7hBkPlV2CNo5tux,5d0f9b5a905351000124f56c,2026-03-13T19:37:00Z,2026-03-13T19:41:18Z,257.0,W_incorrect_weak,Female,5e9f3f09ccc75a0c345e4845,49.0,5.0,2.0,2.0,100.0,100.0,0.0,0.0,split_unknowns,misleading_woman_looks_better,SplitUnknowns_ManWins,ObviousFails_WomanLooksBetter,B,A,0,0.0,39.104,5.971,8.382,W,incorrect,weak,Failure,1,1,1,1,4,1,Female,1,0,Female,41.0,White,1,1,0,1,0,0,57.7744,-3.4185
R_6R3yIVUDCvaoMmM,6344b4073207c88c1cf5b49f,2026-03-13T19:30:47Z,2026-03-13T19:41:32Z,645.0,M_incorrect_strong,Male,633c74ad6178784ed5b52104,0.0,5.0,100.0,100.0,80.0,75.0,-5.0,5.0,misleading_man_looks_better,dominant_man_wins,ObviousFails_ManLooksBetter,Dominant_ManWins,B,A,0,0.1,19.727,6.385,5.356,M,incorrect,strong,Failure,0,1,1,1,3,0,Female,0,0,Male,24.0,Hispanic,0,0,1,0,0,1,37.7744,-20.4185
R_3dStn7XMbvA4o4S,5d548912e1c7130018e019dc,2026-03-13T19:20:42Z,2026-03-13T19:41:48Z,1265.0,W_correct_weak,Female,652ecb92078fe073ab29b920,48.0,1.0,4.0,4.0,10.0,100.0,90.0,90.0,close_woman_wins,dominant_man_wins,Close_WomanWins,Dominant_ManWins,A,A,1,0.55,23.711,4.216,8.822,W,correct,weak,Success,0,1,1,1,3,0,Female,1,0,Male,42.0,White,0,1,1,1,1,0,-32.2256,-2.4185
R_3q4FQhlwIh2IJHY,67ed9a4fd30cf704f5245138,2026-03-13T19:31:19Z,2026-03-13T19:42:07Z,647.0,W_incorrect_strong,Female,62b628e4351d179f1ff6cc59,0.0,65.0,100.0,100.0,70.0,10.0,-60.0,60.0,misleading_woman_looks_better,unknown_woman_gk,ObviousFails_WomanLooksBetter,Unknown_WomanGK_ManWins,B,A,0,0.15,87.32,53.703,21.913,W,incorrect,strong,Failure,1,1,1,1,4,1,Female,1,0,Male,27.0,White,1,1,1,1,0,1,27.7744,-17.4185
R_6pXx8vkaQHKFUU7,5f5d6b0def06255d5119a9ba,2026-03-13T19:23:06Z,2026-03-13T19:42:38Z,1172.0,M_correct_strong,Male,63d80b500adef5b476e289a4,0.0,15.0,100.0,100.0,50.0,50.0,0.0,0.0,dominant_woman_wins,unknown_man_word,Dominant_WomanWins,Unknown_ManWord_ManWins,A,A,1,0.75,37.115,16.062,11.783,M,correct,strong,Success,0,1,1,1,3,0,,0,1,Female,42.0,White,0,0,0,0,1,1,7.7744,-2.4185
R_54bKRmfLPaD0ArK,65d942ce4ea2fe978c283416,2026-03-13T19:35:37Z,2026-03-13T19:44:19Z,522.0,M_incorrect_weak,Male,5e5731e3e1e8b90e25c1f3a2,51.0,11.0,2.0,2.0,0.0,0.0,0.0,0.0,close_woman_wins,misleading_man_looks_better,Close_WomanWins,ObviousFails_ManLooksBetter,A,B,0,0.5,18.209,14.782,17.918,M,incorrect,weak,Failure,1,1,1,1,4,1,,0,1,Female,59.0,White,0,0,0,0,0,0,-42.2256,14.5815
R_6c1pXuGfkUk8hTd,6695376bc67a3ddcfb778ca9,2026-03-13T19:39:33Z,2026-03-13T19:45:21Z,348.0,W_incorrect_strong,Female,62b628e4351d179f1ff6cc59,0.0,65.0,100.0,100.0,50.0,40.0,-10.0,10.0,misleading_woman_looks_better,unknown_woman_gk,ObviousFails_WomanLooksBetter,Unknown_WomanGK_ManWins,B,A,0,0.25,34.088,18.11,7.852,W,incorrect,strong,Failure,0,1,1,1,3,0,Female,1,0,Female,55.0,White,0,1,1,1,0,1,7.7744,10.5815
R_1kZUDPYRum0T3HJ,66dbe0d85afada72ecb65638,2026-03-13T19:39:54Z,2026-03-13T19:46:23Z,388.0,W_incorrect_weak,Female,63d414f95753ac660a9e09e1,49.0,16.0,2.0,2.0,30.0,35.0,5.0,5.0,identical_woman_woman,dominant_man_wins,Identical_WomanWoman_Bwins,Dominant_ManWins,B,A,0,0.35,83.867,30.572,9.643,W,incorrect,weak,Failure,1,1,1,1,4,1,Male,0,0,Female,40.0,White,0,0,1,1,0,0,-12.2256,-4.4185
R_63p5r4mPYKw9zzj,656b651a848e68e0b05432fd,2026-03-13T19:41:16Z,2026-03-13T19:46:25Z,309.0,W_correct_weak,Female,65a7027c88eae2b9a68ae596,51.0,1.0,2.0,2.0,5.0,10.0,5.0,5.0,identical_woman_woman,dominant_man_wins,Identical_WomanWoman_Bwins,Dominant_ManWins,B,B,1,0.53,34.178,15.852,9.917,W,correct,weak,Success,1,1,1,1,4,1,Female,1,0,Male,41.0,White,1,1,1,1,1,0,-37.2256,-3.4185
R_6BPl3RbNMiG27WH,66647dac6b4645950f758d55,2026-03-13T19:41:37Z,2026-03-13T19:48:03Z,386.0,M_incorrect_strong,Male,591d369e88bbb500013a8517,0.0,86.0,100.0,100.0,70.0,74.0,4.0,4.0,misleading_woman_looks_better,unknown_woman_gk,ObviousFails_WomanLooksBetter,Unknown_WomanGK_ManWins,B,A,0,0.15,21.059,14.123,14.568,M,incorrect,strong,Failure,0,1,1,1,3,0,Male,1,0,Female,75.0,White,0,1,1,0,0,1,27.7744,30.5815
R_3VkhnplHNSom3e4,637ec171840002bcfac0d78f,2026-03-13T19:42:52Z,2026-03-13T19:48:07Z,314.0,W_incorrect_strong,Female,671498899f67df85f33ea053,0.0,90.0,100.0,100.0,50.0,20.0,-30.0,30.0,misleading_woman_looks_better,close_woman_wins,ObviousFails_WomanLooksBetter,Close_WomanWins,B,A,0,0.25,30.657,18.502,6.438,W,incorrect,strong,Failure,1,1,1,1,4,1,,0,1,Female,59.0,White,0,0,1,1,0,1,7.7744,14.5815
R_7A9qOG9iq2ZbfQ5,6779a83677d138c02e3c2076,2026-03-13T19:41:03Z,2026-03-13T19:48:25Z,441.0,W_correct_weak,Female,6473bd2d95a488b826bc24c4,51.0,5.0,2.0,2.0,20.0,15.0,-5.0,5.0,split_unknowns,unknown_man_word,SplitUnknowns_ManWins,Unknown_ManWord_ManWins,B,B,1,0.6,13.067,17.22,5.925,W,correct,weak,Success,0,1,1,1,3,0,Male,0,0,Male,28.0,White,0,0,1,1,1,0,-22.2256,-16.4185
R_6Pnvm7UBA3WUTzv,64d51bcdead49bdcdb2ddc37,2026-03-13T19:39:38Z,2026-03-13T19:50:41Z,663.0,W_incorrect_strong,Female,655f96e689f922fe983fed35,0.0,13.0,100.0,100.0,50.0,75.0,25.0,25.0,misleading_woman_looks_better,misleading_man_looks_better,ObviousFails_WomanLooksBetter,ObviousFails_ManLooksBetter,B,A,0,0.25,42.913,67.935,27.401,W,incorrect,strong,Failure,1,1,1,1,4,1,Female,1,0,Female,49.0,White,1,1,1,1,0,1,7.7744,4.5815
R_3VCd0lADSV4P2VP,67e1dc9c35b6facf1079fb30,2026-03-13T19:43:52Z,2026-03-13T19:52:44Z,532.0,M_incorrect_weak,Male,63ed04d2ce3b27bda2fbbb9c,48.0,6.0,4.0,4.0,20.0,70.0,50.0,50.0,identical_woman_woman,misleading_man_looks_better,Identical_WomanWoman_Bwins,ObviousFails_ManLooksBetter,B,A,0,0.4,90.713,19.36,10.953,M,incorrect,weak,Failure,1,1,1,1,4,1,Male,1,0,Male,35.0,Black,1,1,1,0,0,0,-22.2256,-9.4185
R_72n0Ky47CqxARBn,6392360efb6e254ffd31e722,2026-03-13T19:52:46Z,2026-03-13T19:56:32Z,225.0,W_incorrect_weak,Female,6679dc943f855ba978447c25,48.0,8.0,4.0,4.0,0.0,0.0,0.0,0.0,identical_woman_woman,dominant_man_wins,Identical_WomanWoman_Bwins,Dominant_ManWins,B,A,0,0.5,21.709,6.613,7.878,W,incorrect,weak,Failure,1,1,1,1,4,1,Female,1,0,Male,51.0,Asian,1,1,0,1,0,0,-42.2256,6.5815
R_3iD7qlNraMwVVxy,666c684b942658f46ce0eb03,2026-03-13T19:52:12Z,2026-03-13T19:57:02Z,290.0,W_incorrect_weak,Female,63d3f99eac52371a49e65825,48.0,6.0,4.0,4.0,60.0,25.0,-35.0,35.0,unknown_man_word,dominant_woman_wins,Unknown_ManWord_ManWins,Dominant_WomanWins,B,A,0,0.2,33.945,10.194,13.538,W,incorrect,weak,Failure,1,1,1,1,4,1,Female,1,0,Female,47.0,White,1,1,1,1,0,0,17.7744,2.5815
R_6qMVJYAOmYiPr6F,5e8fb6ba9b5ff02b5150ab10,2026-03-13T19:49:44Z,2026-03-13T19:57:12Z,448.0,M_incorrect_strong,Male,633c74ad6178784ed5b52104,0.0,5.0,100.0,100.0,100.0,100.0,0.0,0.0,misleading_man_looks_better,dominant_man_wins,ObviousFails_ManLooksBetter,Dominant_ManWins,B,A,0,0.0,23.738,4.244,4.93,M,incorrect,strong,Failure,1,1,1,1,4,1,Male,1,0,Male,27.0,Hispanic,1,1,0,0,0,1,57.7744,-17.4185
R_5PvqzxHueKSiR9S,655f8edb8b128e01321fbf88,2026-03-13T19:50:06Z,2026-03-13T19:58:50Z,524.0,W_correct_strong,Female,5f5967d6e280e61b2db8e55c,0.0,90.0,100.0,100.0,20.0,65.0,45.0,45.0,dominant_man_wins,man_vs_man,Dominant_ManWins,ManVsMan_Awins,A,A,1,0.6,33.046,31.846,28.971,W,correct,strong,Success,1,1,1,1,4,1,Female,1,0,Female,37.0,Black,1,1,1,1,1,1,-22.2256,-7.4185
R_1aiTOzickuy5OU1,5622e4dced6e5a0005c80078,2026-03-13T19:53:58Z,2026-03-13T19:59:45Z,346.0,M_incorrect_weak,Male,641385c88f29eb3264283818,49.0,2.0,2.0,2.0,0.0,75.0,75.0,75.0,identical_woman_woman,dominant_woman_wins,Identical_WomanWoman_Bwins,Dominant_WomanWins,B,A,0,0.5,13.868,32.843,6.147,M,incorrect,weak,Failure,0,1,1,1,3,0,Male,1,0,Female,53.0,White,0,1,1,0,0,0,-42.2256,8.5815
R_11MMCzypDMOH369,66d767c9f152fec7cd93cb55,2026-03-13T20:00:26Z,2026-03-13T20:06:18Z,351.0,M_correct_strong,Male,5f5452df72345118f58d187b,0.0,0.0,100.0,100.0,50.0,65.0,15.0,15.0,dominant_woman_wins,misleading_man_looks_better,Dominant_WomanWins,ObviousFails_ManLooksBetter,A,A,1,0.75,43.296,20.678,11.685,M,correct,strong,Success,1,1,1,1,4,1,Male,1,0,Female,47.0,White,1,1,1,0,1,1,7.7744,2.5815
R_6Xp3aFHcV2HIINb,67e711daa771e0a8ad8c36f6,2026-03-13T20:11:17Z,2026-03-13T20:25:48Z,870.0,M_incorrect_strong,Male,59e7477e3e4b5a00016aa4d2,100.0,1.0,100.0,100.0,50.0,50.0,0.0,0.0,dominant_woman_wins,split_unknowns,Dominant_WomanWins,SplitUnknowns_ManWins,A,B,0,0.25,108.927,162.995,47.103,M,incorrect,strong,Failure,1,1,1,1,4,1,Male,1,0,Male,28.0,White,1,1,0,0,0,1,7.7744,-16.4185
