response_id,prolific_pid,start_date,end_date,duration_s,assigned_condition,endorser_gender,endorser_id,endorser_slider_q1,endorser_slider_q2,display_strength_q1,display_strength_q2,q2_variance_delta,trust_d1,trust_d2,trust_change,abs_change,q1_pair_id,q2_pair_id,q1_category,q2_category,q1_truth,q1_selected,q1_correct,q1_bonus,rt_d1,rt_d2,rt_outcome,gender_cond,accuracy_cond,strength_cond,outcome,cq1_correct,cq2_correct,cq3_correct,cq4_correct,cq5_correct,cq_score,cq_score_qualtrics,cq_perfect,manip_response,manip_correct,manip_missing,participant_gender,age,race,best_participant,changer,female_endorser,success,strong,trust_d1_centered,age_centered
R_3E6dGe0XmtH5kwe,5ab3fc4b5f01000001cb07e2,2026-03-27T13:44:40Z,2026-03-27T13:48:30Z,229.0,W_correct_weak,Female,65e8ff784cc1b2fc71bc5368,49.0,5.0,12.0,10.0,-2.0,12.0,10.0,-2.0,2.0,close_woman_wins,misleading_woman_looks_better,Close_WomanWins,ObviousFails_WomanLooksBetter,A,A,1,0.56,17.518,5.054,4.659,W,correct,weak,Success,1,1,1,1,1,5,5,1,Female,1,0,Male,45.0,White,1,1,1,1,0,-30.6765,-0.3358
R_6BQp5y3K46BMa9H,570b7b5fb9b52b00102d96f9,2026-03-27T13:43:51Z,2026-03-27T13:51:11Z,440.0,W_incorrect_strong,Female,641386b1cb9a9c1e3569d4ee,3.0,2.0,85.0,90.0,5.0,60.0,60.0,0.0,0.0,misleading_woman_looks_better,dominant_woman_wins,ObviousFails_WomanLooksBetter,Dominant_WomanWins,B,A,0,0.2,16.878,6.055,4.323,W,incorrect,strong,Failure,1,1,1,1,1,5,5,1,Female,1,0,Female,38.0,White,1,0,1,0,1,17.3235,-7.3358
R_3BFyHcrBQxkQsh3,5a51ba7676d1c60001aaa660,2026-03-27T13:44:46Z,2026-03-27T13:51:59Z,432.0,W_correct_strong,Female,6632944bbc110f7862810d5a,2.0,4.0,87.0,90.0,3.0,25.0,75.0,50.0,50.0,man_vs_man,dominant_woman_wins,ManVsMan_Awins,Dominant_WomanWins,A,A,1,0.63,33.053,19.927,12.542,W,correct,strong,Success,1,1,1,1,1,5,5,1,Female,1,0,Female,49.0,White,1,1,1,1,1,-17.6765,3.6642
R_34uPRcP5NQQxlbr,698658b2aac7c8af07f71d35,2026-03-27T13:45:29Z,2026-03-27T13:53:55Z,505.0,M_correct_strong,Male,6596d692ac956830b68776e0,8.0,6.0,77.0,86.0,9.0,77.0,100.0,23.0,23.0,dominant_man_wins,misleading_woman_looks_better,Dominant_ManWins,ObviousFails_WomanLooksBetter,A,A,1,0.89,23.438,14.282,9.259,M,correct,strong,Success,1,1,1,1,1,5,5,1,,0,1,Male,29.0,Hispanic,0,1,0,1,1,34.3235,-16.3358
R_5EhRp99zuyUpBv3,5596ab22fdf99b2d3a68c840,2026-03-27T13:48:12Z,2026-03-27T14:05:52Z,1060.0,W_correct_weak,Female,662945728093113a43ab8077,55.0,75.0,18.0,23.0,5.0,75.0,100.0,25.0,25.0,split_unknowns,unknown_woman_gk,SplitUnknowns_ManWins,Unknown_WomanGK_ManWins,B,B,1,0.88,48.865,52.657,14.576,W,correct,weak,Success,1,1,1,1,1,5,5,1,Female,1,0,Female,58.0,White,1,1,1,1,0,32.3235,12.6642
R_1gbPksHC26mCWjv,66313a4d57660634e1b60cbb,2026-03-27T14:03:44Z,2026-03-27T14:09:34Z,350.0,M_correct_strong,Male,5c3a865019ceb400010c914a,2.0,2.0,87.0,78.0,-9.0,75.0,75.0,0.0,0.0,dominant_woman_wins,misleading_man_looks_better,Dominant_WomanWins,ObviousFails_ManLooksBetter,A,A,1,0.88,15.009,8.979,9.487,M,correct,strong,Success,1,1,1,1,1,5,5,1,,0,1,Female,36.0,White,0,0,0,1,1,32.3235,-9.3358
R_1lSx7RzE56MgXf3,604bbfc901b85fb02ae92c1a,2026-03-27T14:02:45Z,2026-03-27T14:10:47Z,482.0,M_correct_strong,Male,559c3e07fdf99b32b55f2d8d,3.0,5.0,85.0,78.0,-7.0,50.0,50.0,0.0,0.0,dominant_woman_wins,misleading_woman_looks_better,Dominant_WomanWins,ObviousFails_WomanLooksBetter,A,A,1,0.75,27.22,7.727,2.282,M,correct,strong,Success,1,1,1,1,1,5,5,1,Male,1,0,Male,34.0,White,1,0,0,1,1,7.3235,-11.3358
R_71skx2kpJ8EMneP,66240955715b3b45903381ed,2026-03-27T14:04:09Z,2026-03-27T14:11:33Z,444.0,W_incorrect_strong,Female,65dca046786b41c22b4de4e6,1.0,4.0,88.0,90.0,2.0,100.0,100.0,0.0,0.0,misleading_woman_looks_better,unknown_man_word,ObviousFails_WomanLooksBetter,Unknown_ManWord_ManWins,B,A,0,0.0,38.987,6.566,16.916,W,incorrect,strong,Failure,1,1,1,1,1,5,5,1,Female,1,0,Male,39.0,White,1,0,1,0,1,57.3235,-6.3358
R_60bBdN1dBp6S76C,61074ae762b0186a302f1028,2026-03-27T14:06:09Z,2026-03-27T14:11:32Z,323.0,W_correct_strong,Female,61033627c32742424aeaaac1,3.0,3.0,85.0,79.0,-6.0,100.0,100.0,0.0,0.0,dominant_woman_wins,misleading_woman_looks_better,Dominant_WomanWins,ObviousFails_WomanLooksBetter,A,A,1,1.0,20.53,12.074,10.512,W,correct,strong,Success,1,1,1,1,1,5,5,1,Female,1,0,Male,40.0,White,1,0,1,1,1,57.3235,-5.3358
R_5rGQ4OhlqWZX0RS,56435b83942576000a66eb5d,2026-03-27T14:08:31Z,2026-03-27T14:12:32Z,241.0,W_correct_strong,Female,660de2426df2c14f27678f6b,6.0,1.0,80.0,71.0,-9.0,25.0,0.0,-25.0,25.0,dominant_woman_wins,misleading_man_looks_better,Dominant_WomanWins,ObviousFails_ManLooksBetter,A,A,1,0.63,19.451,5.069,5.958,W,correct,strong,Success,1,1,1,1,1,5,5,1,Female,1,0,Male,47.0,White,1,1,1,1,1,-17.6765,1.6642
R_1s4qiasQs2wD3gu,660ec4452539f6860b02db7a,2026-03-27T14:07:18Z,2026-03-27T14:12:46Z,327.0,M_correct_strong,Male,670d816961bebcb45b53b929,1.0,1.0,88.0,82.0,-6.0,35.0,50.0,15.0,15.0,dominant_woman_wins,misleading_man_looks_better,Dominant_WomanWins,ObviousFails_ManLooksBetter,A,A,1,0.68,35.106,23.682,17.101,M,correct,strong,Success,1,1,1,1,1,5,5,1,Male,1,0,Male,42.0,White,1,1,0,1,1,-7.6765,-3.3358
R_1Jtq4SkdZXB3rup,5b6d95eb5729b200016a4f2e,2026-03-27T14:03:47Z,2026-03-27T14:13:09Z,561.0,M_correct_weak,Male,665e680164927b18554b66ec,51.0,5.0,12.0,10.0,-2.0,12.0,15.0,3.0,3.0,identical_woman_woman,misleading_woman_looks_better,Identical_WomanWoman_Bwins,ObviousFails_WomanLooksBetter,B,B,1,0.56,39.206,17.213,5.764,M,correct,weak,Success,1,1,1,1,1,5,5,1,,0,1,Female,36.0,White,0,1,0,1,0,-30.6765,-9.3358
R_3IgG3AdbthgybKK,54924b8efdf99b77ccedc1d5,2026-03-27T14:09:55Z,2026-03-27T14:13:59Z,244.0,M_incorrect_weak,Male,5f2f03deec679e2cf4a992e6,46.0,6.0,16.0,10.0,-6.0,0.0,0.0,0.0,0.0,identical_woman_woman,dominant_man_wins,Identical_WomanWoman_Bwins,Dominant_ManWins,B,A,0,0.5,10.785,5.917,5.277,M,incorrect,weak,Failure,1,1,1,1,1,5,5,1,Male,1,0,Male,25.0,Asian,1,0,0,0,0,-42.6765,-20.3358
R_1Bs9OkKkPopHLRp,67178054a368314e6afa5ed4,2026-03-27T14:08:29Z,2026-03-27T14:14:52Z,383.0,M_incorrect_strong,Male,62877d5f6a054e53313ac916,97.0,99.0,85.0,74.0,-11.0,86.0,17.0,-69.0,69.0,man_vs_man,split_unknowns,ManVsMan_Awins,SplitUnknowns_ManWins,A,B,0,0.07,19.792,28.697,21.01,M,incorrect,strong,Failure,1,1,1,1,1,5,5,1,,0,1,Male,39.0,White,0,1,0,0,1,43.3235,-6.3358
R_1Uc37dAezdAK2lG,698ce4ba931f89581ecc6d7d,2026-03-27T14:02:14Z,2026-03-27T14:14:53Z,758.0,M_incorrect_weak,Male,5ced8f96a726ed0015d31452,43.0,1.0,21.0,15.0,-6.0,0.0,0.0,0.0,0.0,identical_woman_woman,dominant_man_wins,Identical_WomanWoman_Bwins,Dominant_ManWins,B,A,0,0.5,45.618,7.701,16.626,M,incorrect,weak,Failure,1,1,1,1,1,5,5,1,Male,1,0,Male,30.0,White,1,0,0,0,0,-42.6765,-15.3358
R_6FeQSibniIMVgDg,66c927d7a33aaae937e8686f,2026-03-27T14:12:33Z,2026-03-27T14:16:30Z,236.0,M_incorrect_strong,Male,66231fc6e1ecba676935943a,5.0,1.0,82.0,90.0,8.0,25.0,25.0,0.0,0.0,misleading_woman_looks_better,dominant_woman_wins,ObviousFails_WomanLooksBetter,Dominant_WomanWins,B,A,0,0.38,34.525,14.844,4.038,M,incorrect,strong,Failure,1,1,1,1,1,5,5,1,Male,1,0,Female,33.0,White,1,0,0,0,1,-17.6765,-12.3358
R_1e2p6Dhg9ccLVe0,6134e3d48d0eaa5c8fe8c25e,2026-03-27T14:12:24Z,2026-03-27T14:17:08Z,284.0,W_incorrect_weak,Female,671165ce01cd9c2699b90dc1,47.0,6.0,15.0,10.0,-5.0,20.0,0.0,-20.0,20.0,identical_woman_woman,misleading_man_looks_better,Identical_WomanWoman_Bwins,ObviousFails_ManLooksBetter,B,A,0,0.4,21.258,4.901,10.366,W,incorrect,weak,Failure,1,1,1,1,1,5,5,1,Female,1,0,Female,39.0,White,1,1,1,0,0,-22.6765,-6.3358
R_1gRvBtBLMnlf57P,67337b9fcd8ebffe61234019,2026-03-27T14:07:49Z,2026-03-27T14:17:24Z,574.0,M_correct_weak,Male,5d951ede9b6f880018f63b6e,56.0,91.0,20.0,12.0,-8.0,100.0,100.0,0.0,0.0,split_unknowns,close_woman_wins,SplitUnknowns_ManWins,Close_WomanWins,B,B,1,1.0,31.111,10.17,9.446,M,correct,weak,Success,1,1,1,1,1,5,5,1,Male,1,0,Male,34.0,White,1,0,0,1,0,57.3235,-11.3358
R_70YNlaUJgyOK2Y2,63bed6e176fba857a47fbaff,2026-03-27T14:14:32Z,2026-03-27T14:18:25Z,232.0,M_correct_strong,Male,570521cfde5095001018a0c8,7.0,90.0,79.0,90.0,11.0,71.0,37.0,-34.0,34.0,man_vs_man,unknown_woman_gk,ManVsMan_Awins,Unknown_WomanGK_ManWins,A,A,1,0.85,5.8,11.119,5.791,M,correct,strong,Success,1,1,1,1,1,5,5,1,,0,1,Female,63.0,Black,0,1,0,1,1,28.3235,17.6642
R_710CJ6J4ihD3Buz,5a4ff86beedc32000141f232,2026-03-27T14:07:33Z,2026-03-27T14:18:45Z,672.0,W_incorrect_weak,Female,61496cada4d62f06804fa610,45.0,4.0,18.0,30.0,12.0,25.0,100.0,75.0,75.0,identical_woman_woman,dominant_man_wins,Identical_WomanWoman_Bwins,Dominant_ManWins,B,A,0,0.38,53.044,16.622,21.373,W,incorrect,weak,Failure,1,1,1,1,1,5,5,1,Female,1,0,Female,48.0,White,1,1,1,0,0,-17.6765,2.6642
R_1qxGrebNi127fUn,5e76c87c0fd39b22d52eba04,2026-03-27T14:04:56Z,2026-03-27T14:25:26Z,1230.0,W_incorrect_strong,Female,5d537c0cecc84200153075e9,4.0,4.0,84.0,74.0,-10.0,50.0,25.0,-25.0,25.0,unknown_man_word,misleading_woman_looks_better,Unknown_ManWord_ManWins,ObviousFails_WomanLooksBetter,B,A,0,0.25,42.511,21.613,43.028,W,incorrect,strong,Failure,1,1,1,1,1,5,5,1,Female,1,0,Female,70.0,White,1,1,1,0,1,7.3235,24.6642
R_7wMT9f2wHdwK2wp,671e4b927fa293418ae656d8,2026-03-27T14:20:32Z,2026-03-27T14:26:03Z,331.0,M_incorrect_strong,Male,63ecff07b619306f41db42fa,2.0,1.0,87.0,90.0,3.0,20.0,29.0,9.0,9.0,misleading_man_looks_better,dominant_woman_wins,ObviousFails_ManLooksBetter,Dominant_WomanWins,B,A,0,0.4,26.786,12.19,2.984,M,incorrect,strong,Failure,1,1,1,1,1,5,5,1,Male,1,0,Female,26.0,White,1,1,0,0,1,-22.6765,-19.3358
R_5B37Zp7Ad0kuxlm,6516d8eb49865c2cea5ff3d8,2026-03-27T14:15:10Z,2026-03-27T14:27:24Z,733.0,M_correct_strong,Male,570521cfde5095001018a0c8,7.0,90.0,79.0,70.0,-9.0,100.0,100.0,0.0,0.0,man_vs_man,unknown_woman_gk,ManVsMan_Awins,Unknown_WomanGK_ManWins,A,A,1,1.0,57.041,49.926,7.058,M,correct,strong,Success,1,1,1,1,1,5,5,1,,0,1,Male,57.0,White,0,0,0,1,1,57.3235,11.6642
R_6NlVTL05TAbGwJb,65524ce2443c9df5aba5960c,2026-03-27T14:20:29Z,2026-03-27T14:30:02Z,572.0,M_correct_strong,Male,5e059d2bb1fb05fd1f841142,5.0,5.0,82.0,90.0,8.0,75.0,75.0,0.0,0.0,dominant_man_wins,misleading_woman_looks_better,Dominant_ManWins,ObviousFails_WomanLooksBetter,A,A,1,0.88,60.5,14.099,9.806,M,correct,strong,Success,1,1,1,1,1,5,5,1,Male,1,0,Female,61.0,White,1,0,0,1,1,32.3235,15.6642
R_6cYhb7ScGmdhMMF,63bf3247bf3b5ebd734157ee,2026-03-27T14:24:03Z,2026-03-27T14:38:04Z,841.0,M_correct_strong,Male,59e7477e3e4b5a00016aa4d2,4.0,1.0,84.0,74.0,-10.0,25.0,15.0,-10.0,10.0,man_vs_man,split_unknowns,ManVsMan_Awins,SplitUnknowns_ManWins,A,A,1,0.63,37.342,22.006,8.417,M,correct,strong,Success,1,1,1,1,1,5,5,1,Male,1,0,Female,65.0,White,1,1,0,1,1,-17.6765,19.6642
R_6MaLuQhRRMVRtfD,5cd3ff1ac99584000199dd15,2026-03-27T14:43:37Z,2026-03-27T14:51:44Z,487.0,M_correct_weak,Male,6750f7eb7c60e2b2c22aeaea,57.0,5.0,21.0,29.0,8.0,100.0,100.0,0.0,0.0,split_unknowns,misleading_woman_looks_better,SplitUnknowns_ManWins,ObviousFails_WomanLooksBetter,B,B,1,1.0,118.129,10.779,13.445,M,correct,weak,Success,1,1,1,1,1,5,5,1,Male,1,0,Male,40.0,White,1,0,0,1,0,57.3235,-5.3358
R_3YWAJXsbot1q718,66315c9e47e364728e8a838c,2026-03-27T14:47:39Z,2026-03-27T14:53:50Z,371.0,W_correct_weak,Female,652ecb92078fe073ab29b920,54.0,1.0,16.0,11.0,-5.0,75.0,47.0,-28.0,28.0,identical_woman_woman,dominant_man_wins,Identical_WomanWoman_Bwins,Dominant_ManWins,B,B,1,0.88,19.701,10.566,9.659,W,correct,weak,Success,1,1,1,1,1,5,5,1,Female,1,0,Female,46.0,Asian,1,1,1,1,0,32.3235,0.6642
R_3M0XKQCzz5R7DtE,5c1199258b095d00015cf0ec,2026-03-27T15:03:54Z,2026-03-27T15:12:53Z,538.0,W_incorrect_weak,Female,5e9f3f09ccc75a0c345e4845,49.0,5.0,12.0,10.0,-2.0,0.0,10.0,10.0,10.0,split_unknowns,misleading_woman_looks_better,SplitUnknowns_ManWins,ObviousFails_WomanLooksBetter,B,A,0,0.5,33.784,25.173,13.1,W,incorrect,weak,Failure,1,1,1,1,1,5,5,1,Female,1,0,Male,70.0,White,1,1,1,0,0,-42.6765,24.6642
R_6uiKxv0wDVkIGqt,559e6830fdf99b4f0b98514a,2026-03-27T15:09:28Z,2026-03-27T15:17:16Z,467.0,M_correct_strong,Male,670d816961bebcb45b53b929,1.0,1.0,88.0,80.0,-8.0,100.0,0.0,-100.0,100.0,dominant_woman_wins,misleading_man_looks_better,Dominant_WomanWins,ObviousFails_ManLooksBetter,A,A,1,1.0,13.525,19.03,8.626,M,correct,strong,Success,1,1,1,1,1,5,5,1,Female,0,0,Female,50.0,White,0,1,0,1,1,57.3235,4.6642
R_7HU1hFZWuuoFEKx,6307bee7b345c1bf0fb2f362,2026-03-27T14:58:28Z,2026-03-27T15:17:48Z,1159.0,W_correct_strong,Female,61033627c32742424aeaaac1,3.0,3.0,85.0,90.0,5.0,89.0,25.0,-64.0,64.0,dominant_woman_wins,misleading_woman_looks_better,Dominant_WomanWins,ObviousFails_WomanLooksBetter,A,A,1,0.95,31.504,31.413,11.489,W,correct,strong,Success,1,1,1,1,1,5,5,1,Female,1,0,Male,57.0,White,1,1,1,1,1,46.3235,11.6642
R_7aDq39yWDGp6jFd,60cc67809f92d570ba4dc2c5,2026-03-27T15:18:09Z,2026-03-27T15:21:22Z,193.0,W_incorrect_weak,Female,558b20eefdf99b7dfdbac3c9,43.0,76.0,21.0,32.0,11.0,74.0,50.0,-24.0,24.0,misleading_woman_looks_better,unknown_woman_gk,ObviousFails_WomanLooksBetter,Unknown_WomanGK_ManWins,B,A,0,0.13,14.079,8.338,2.88,W,incorrect,weak,Failure,1,1,1,1,1,5,5,1,,0,1,Non-binary,43.0,White,0,1,1,0,0,31.3235,-2.3358
R_6pa2cAoOdOrPZS7,600319e3a3b1a337cab57a3e,2026-03-27T15:14:35Z,2026-03-27T15:22:22Z,467.0,M_incorrect_weak,Male,673b834c1ca9feb154a86523,47.0,89.0,15.0,10.0,-5.0,25.0,0.0,-25.0,25.0,split_unknowns,dominant_woman_wins,SplitUnknowns_ManWins,Dominant_WomanWins,B,A,0,0.38,34.348,34.529,11.412,M,incorrect,weak,Failure,1,1,1,1,1,5,5,1,,0,1,Female,66.0,White,0,1,0,0,0,-17.6765,20.6642
R_6WQ8qI6pLm6Aum5,65ca888e3ff4c0ca5294bccf,2026-03-27T15:32:05Z,2026-03-27T15:38:53Z,408.0,W_incorrect_weak,Female,63d5b810f3dbbd11e7e65870,48.0,98.0,13.0,22.0,9.0,15.0,10.0,-5.0,5.0,misleading_woman_looks_better,close_woman_wins,ObviousFails_WomanLooksBetter,Close_WomanWins,B,A,0,0.42,17.04,11.073,6.181,W,incorrect,weak,Failure,1,1,1,1,1,5,5,1,Female,1,0,Male,40.0,Asian,1,1,1,0,0,-27.6765,-5.3358
R_1rw36XQ3TMp6IBr,611e6cebefce9efe7cef106e,2026-03-27T15:53:37Z,2026-03-27T16:03:49Z,612.0,M_incorrect_weak,Male,5f2f03deec679e2cf4a992e6,46.0,6.0,16.0,10.0,-6.0,10.0,5.0,-5.0,5.0,identical_woman_woman,dominant_man_wins,Identical_WomanWoman_Bwins,Dominant_ManWins,B,A,0,0.45,28.119,19.264,15.291,M,incorrect,weak,Failure,1,1,1,1,1,5,5,1,,0,1,Female,67.0,White,0,1,0,0,0,-32.6765,21.6642
R_5VALogLKnsCBeAF,600db78b56935a5dd8c759b3,2026-03-27T16:03:58Z,2026-03-27T16:13:19Z,561.0,W_correct_strong,Female,6679dc943f855ba978447c25,8.0,89.0,77.0,83.0,6.0,100.0,100.0,0.0,0.0,dominant_man_wins,close_woman_wins,Dominant_ManWins,Close_WomanWins,A,A,1,1.0,17.998,4.131,3.427,W,correct,strong,Success,1,1,1,1,1,5,5,1,Female,1,0,Female,39.0,White,1,0,1,1,1,57.3235,-6.3358
R_7Ets7p4ekQtXyUY,6007a7996fbeef04ce080f90,2026-03-27T16:18:53Z,2026-03-27T16:23:48Z,295.0,W_incorrect_weak,Female,65bf99712dfa1f05ee0333c8,46.0,2.0,16.0,10.0,-6.0,50.0,75.0,25.0,25.0,identical_woman_woman,dominant_woman_wins,Identical_WomanWoman_Bwins,Dominant_WomanWins,B,A,0,0.25,32.619,22.052,34.249,W,incorrect,weak,Failure,1,1,1,1,1,5,5,1,Female,1,0,Female,68.0,White,1,1,1,0,0,7.3235,22.6642
R_6IiVB6PwZpYM8Mw,60b96835d5cbb2261c7fd22c,2026-03-27T16:10:39Z,2026-03-27T16:28:52Z,1092.0,W_incorrect_strong,Female,5fab34d5e971f1617667232e,94.0,1.0,80.0,73.0,-7.0,39.0,15.0,-24.0,24.0,unknown_woman_gk,dominant_woman_wins,Unknown_WomanGK_ManWins,Dominant_WomanWins,A,B,0,0.3,55.012,24.843,14.272,W,incorrect,strong,Failure,1,1,1,1,1,5,5,1,Female,1,0,Female,50.0,White,1,1,1,0,1,-3.6765,4.6642
R_1op5qXx2nu5wjkt,58adfc6e7cf56d0001f931a2,2026-03-27T16:26:21Z,2026-03-27T16:49:23Z,1381.0,M_incorrect_strong,Male,6675f3ac3a5d0633257190c4,1.0,86.0,88.0,90.0,2.0,72.0,76.0,4.0,4.0,misleading_woman_looks_better,man_vs_man,ObviousFails_WomanLooksBetter,ManVsMan_Awins,B,A,0,0.14,9.688,3.927,4.391,M,incorrect,strong,Failure,1,1,1,1,1,5,5,1,,0,1,Male,28.0,Black,0,1,0,0,1,29.3235,-17.3358
R_3P8OfcdpldOEmSB,67d6838d9d907f59aef03ac5,2026-03-27T16:34:34Z,2026-03-27T16:52:51Z,1097.0,W_incorrect_strong,Female,5e05ab290db892fcd8036b1a,5.0,65.0,82.0,72.0,-10.0,100.0,100.0,0.0,0.0,misleading_man_looks_better,unknown_woman_gk,ObviousFails_ManLooksBetter,Unknown_WomanGK_ManWins,B,A,0,0.0,21.685,7.593,7.102,W,incorrect,strong,Failure,1,1,1,1,1,5,5,1,Female,1,0,Female,78.0,Black,1,0,1,0,1,57.3235,32.6642
R_5isbTgLO5cqIVzb,5ec9a4744e028f4bdf31d089,2026-03-27T17:23:34Z,2026-03-27T17:29:41Z,366.0,W_correct_weak,Female,66ccca31c45aad520357f3fb,52.0,1.0,13.0,10.0,-3.0,0.0,0.0,0.0,0.0,identical_woman_woman,misleading_woman_looks_better,Identical_WomanWoman_Bwins,ObviousFails_WomanLooksBetter,B,B,1,0.5,21.881,9.259,8.721,W,correct,weak,Success,1,1,1,1,1,5,5,1,Female,1,0,Female,27.0,Asian,1,0,1,1,0,-42.6765,-18.3358
R_3IQ4eqTDyBiTfNs,5c926d2a0ae1ea00156f71a0,2026-03-27T18:04:02Z,2026-03-27T18:10:44Z,402.0,M_incorrect_weak,Male,5f2f03deec679e2cf4a992e6,46.0,6.0,16.0,24.0,8.0,50.0,0.0,-50.0,50.0,identical_woman_woman,dominant_man_wins,Identical_WomanWoman_Bwins,Dominant_ManWins,B,A,0,0.25,52.878,7.301,8.116,M,incorrect,weak,Failure,1,1,1,1,1,5,5,1,,0,1,Female,67.0,White,0,1,0,0,0,7.3235,21.6642
R_6k1i380u3EmzIas,61501967e49a3d7e1977e4b4,2026-03-27T18:02:14Z,2026-03-27T18:11:12Z,538.0,W_correct_strong,Female,61033627c32742424aeaaac1,3.0,3.0,85.0,90.0,5.0,75.0,85.0,10.0,10.0,dominant_woman_wins,misleading_woman_looks_better,Dominant_WomanWins,ObviousFails_WomanLooksBetter,A,A,1,0.88,78.214,34.55,17.974,W,correct,strong,Success,1,1,1,1,1,5,5,1,Female,1,0,Female,78.0,White,1,1,1,1,1,32.3235,32.6642
R_3iiwrYMUJr8gOc1,58470fb4f063d30001161e55,2026-03-27T18:32:14Z,2026-03-27T18:37:55Z,340.0,W_incorrect_weak,Female,63d5b810f3dbbd11e7e65870,48.0,98.0,13.0,10.0,-3.0,10.0,0.0,-10.0,10.0,misleading_woman_looks_better,close_woman_wins,ObviousFails_WomanLooksBetter,Close_WomanWins,B,A,0,0.45,23.968,11.132,14.864,W,incorrect,weak,Failure,1,1,1,1,1,5,5,1,Female,1,0,Female,50.0,White,1,1,1,0,0,-32.6765,4.6642
R_70GztDGEq32ZQjr,5d75a081a54634000157ab92,2026-03-27T18:35:55Z,2026-03-27T18:41:11Z,316.0,W_correct_strong,Female,67ddbba0fa5e1ce984f9fb87,1.0,93.0,88.0,81.0,-7.0,75.0,50.0,-25.0,25.0,dominant_woman_wins,dominant_man_wins,Dominant_WomanWins,Dominant_ManWins,A,A,1,0.88,37.158,15.048,6.54,W,correct,strong,Success,1,1,1,1,1,5,5,1,Female,1,0,Female,72.0,White,1,1,1,1,1,32.3235,26.6642
R_6fa4A2mZMZesMkH,6941dcdd60e47496c3097b02,2026-03-27T18:49:48Z,2026-03-27T18:54:21Z,272.0,M_correct_strong,Male,6596d692ac956830b68776e0,8.0,6.0,77.0,84.0,7.0,0.0,20.0,20.0,20.0,dominant_man_wins,misleading_woman_looks_better,Dominant_ManWins,ObviousFails_WomanLooksBetter,A,A,1,0.5,22.497,25.651,11.191,M,correct,strong,Success,1,1,1,1,1,5,5,1,Male,1,0,Male,49.0,White,1,1,0,1,1,-42.6765,3.6642
R_7YP83VlgNkIAXsY,5ccf2abd37095c001a78cef6,2026-03-27T18:58:09Z,2026-03-27T19:05:44Z,455.0,M_incorrect_strong,Male,63ecff07b619306f41db42fa,2.0,1.0,87.0,79.0,-8.0,100.0,100.0,0.0,0.0,misleading_man_looks_better,dominant_woman_wins,ObviousFails_ManLooksBetter,Dominant_WomanWins,B,A,0,0.0,17.604,6.744,6.536,M,incorrect,strong,Failure,1,1,1,1,1,5,5,1,Male,1,0,Female,25.0,Asian,1,0,0,0,1,57.3235,-20.3358
R_6FgaEqYKcsgVlv3,6449103e84f82d613e8d6d73,2026-03-27T19:06:40Z,2026-03-27T19:12:50Z,370.0,M_incorrect_strong,Male,63ecff07b619306f41db42fa,2.0,1.0,87.0,79.0,-8.0,10.0,5.0,-5.0,5.0,misleading_man_looks_better,dominant_woman_wins,ObviousFails_ManLooksBetter,Dominant_WomanWins,B,A,0,0.45,24.233,9.399,6.409,M,incorrect,strong,Failure,1,1,1,1,1,5,5,1,Female,0,0,Female,54.0,White,0,1,0,0,1,-32.6765,8.6642
R_5No2WiPCfam6m6l,5f902184d7badd065adb604b,2026-03-27T19:10:42Z,2026-03-27T19:15:36Z,293.0,M_incorrect_strong,Male,631c8e97db06f601f81bd82f,8.0,2.0,77.0,68.0,-9.0,66.0,25.0,-41.0,41.0,misleading_man_looks_better,dominant_man_wins,ObviousFails_ManLooksBetter,Dominant_ManWins,B,A,0,0.17,16.431,10.823,8.364,M,incorrect,strong,Failure,1,1,1,1,1,5,5,1,,0,1,Male,44.0,White,0,1,0,0,1,23.3235,-1.3358
R_66Al8LWHxfX3mUN,5e64a02eb7d70b20f250b129,2026-03-27T19:16:17Z,2026-03-27T19:31:27Z,909.0,M_correct_strong,Male,6596d692ac956830b68776e0,8.0,6.0,77.0,69.0,-8.0,51.0,50.0,-1.0,1.0,dominant_man_wins,misleading_woman_looks_better,Dominant_ManWins,ObviousFails_WomanLooksBetter,A,A,1,0.76,58.214,30.504,13.742,M,correct,strong,Success,1,1,1,1,1,5,5,1,Female,0,0,Female,67.0,White,0,1,0,1,1,8.3235,21.6642
R_76bRhW9egM1RrhZ,65fedd69bd65bd4eab478192,2026-03-27T19:35:49Z,2026-03-27T19:40:31Z,281.0,W_correct_weak,Female,652ecb92078fe073ab29b920,54.0,1.0,16.0,10.0,-6.0,74.0,89.0,15.0,15.0,identical_woman_woman,dominant_man_wins,Identical_WomanWoman_Bwins,Dominant_ManWins,B,B,1,0.87,22.678,9.047,12.091,W,correct,weak,Success,1,1,1,1,1,5,5,1,Male,0,0,Male,58.0,White,0,1,1,1,0,31.3235,12.6642
R_7sjlC7ONQRQZ97x,6612b68a41d366bc8f7d59bf,2026-03-27T19:44:04Z,2026-03-27T19:49:38Z,334.0,W_incorrect_strong,Female,65dca046786b41c22b4de4e6,1.0,4.0,88.0,82.0,-6.0,50.0,40.0,-10.0,10.0,misleading_woman_looks_better,unknown_man_word,ObviousFails_WomanLooksBetter,Unknown_ManWord_ManWins,B,A,0,0.25,32.59,27.97,9.485,W,incorrect,strong,Failure,1,1,1,1,1,5,5,1,,0,1,Female,63.0,White,0,1,1,0,1,7.3235,17.6642
R_6TrKfpu3eqROz6h,670453b0d93209a1e156916d,2026-03-27T19:47:28Z,2026-03-27T19:52:34Z,306.0,M_incorrect_weak,Male,629186f7e2f20297ead170be,56.0,1.0,20.0,10.0,-10.0,5.0,0.0,-5.0,5.0,close_woman_wins,dominant_man_wins,Close_WomanWins,Dominant_ManWins,A,B,0,0.47,16.382,5.59,8.896,M,incorrect,weak,Failure,1,1,1,1,1,5,5,1,Male,1,0,Male,26.0,White,1,1,0,0,0,-37.6765,-19.3358
R_3aJlhFuPqTPdoQu,6448b02780b6d2fc3ea9d479,2026-03-27T19:43:08Z,2026-03-27T19:52:46Z,577.0,W_correct_weak,Female,652ecb92078fe073ab29b920,54.0,1.0,16.0,26.0,10.0,21.0,21.0,0.0,0.0,identical_woman_woman,dominant_man_wins,Identical_WomanWoman_Bwins,Dominant_ManWins,B,B,1,0.6,79.199,35.887,41.71,W,correct,weak,Success,1,1,1,1,1,5,5,1,Female,1,0,Male,57.0,White,1,0,1,1,0,-21.6765,11.6642
R_3lKVJu7lof4DtD3,5e987098f1bb6707dca13f5b,2026-03-27T19:46:36Z,2026-03-27T19:53:37Z,421.0,W_correct_strong,Female,6754246c81ce61cb6ffe887f,4.0,2.0,84.0,90.0,6.0,72.0,100.0,28.0,28.0,dominant_woman_wins,misleading_man_looks_better,Dominant_WomanWins,ObviousFails_ManLooksBetter,A,A,1,0.86,23.714,8.246,14.123,W,correct,strong,Success,1,1,1,1,1,5,5,1,Female,1,0,Female,59.0,White,1,1,1,1,1,29.3235,13.6642
R_5pA5Lxg6IuPuR6J,66efa54508a57ab4d42cab20,2026-03-27T19:50:18Z,2026-03-27T19:59:31Z,552.0,W_incorrect_weak,Female,671165ce01cd9c2699b90dc1,47.0,6.0,15.0,10.0,-5.0,10.0,30.0,20.0,20.0,identical_woman_woman,misleading_man_looks_better,Identical_WomanWoman_Bwins,ObviousFails_ManLooksBetter,B,A,0,0.45,38.474,37.006,11.575,W,incorrect,weak,Failure,1,1,1,1,1,5,5,1,Female,1,0,Female,31.0,White,1,1,1,0,0,-32.6765,-14.3358
R_62ccFLFj7ayQTDn,672eeebde600098b4b65d4a8,2026-03-27T20:01:17Z,2026-03-27T20:05:34Z,256.0,M_incorrect_strong,Male,631c8e97db06f601f81bd82f,8.0,2.0,77.0,72.0,-5.0,16.0,98.0,82.0,82.0,misleading_man_looks_better,dominant_man_wins,ObviousFails_ManLooksBetter,Dominant_ManWins,B,A,0,0.42,27.846,9.012,6.796,M,incorrect,strong,Failure,1,1,1,1,1,5,5,1,,0,1,Female,64.0,White,0,1,0,0,1,-26.6765,18.6642
R_53tESHhrcDvs5nX,5c1b9212bfd9220001a9ada0,2026-03-27T20:07:43Z,2026-03-27T20:11:54Z,250.0,M_incorrect_strong,Male,5ee00b8630f30b34f2a5dc1c,6.0,4.0,80.0,75.0,-5.0,22.0,6.0,-16.0,16.0,misleading_man_looks_better,dominant_man_wins,ObviousFails_ManLooksBetter,Dominant_ManWins,B,A,0,0.39,21.511,7.002,4.375,M,incorrect,strong,Failure,1,1,1,1,1,5,5,1,,0,1,Male,34.0,White,0,1,0,0,1,-20.6765,-11.3358
R_12Kk2Jx3EeCJ2xm,628d78a2ccf4a41f24c2d2d8,2026-03-27T20:03:42Z,2026-03-27T20:16:09Z,746.0,M_correct_strong,Male,5c3a865019ceb400010c914a,2.0,2.0,87.0,75.0,-12.0,40.0,40.0,0.0,0.0,dominant_woman_wins,misleading_man_looks_better,Dominant_WomanWins,ObviousFails_ManLooksBetter,A,A,1,0.7,120.061,30.727,10.931,M,correct,strong,Success,1,1,1,1,1,5,5,1,Male,1,0,Male,22.0,White,1,0,0,1,1,-2.6765,-23.3358
R_7CkCj3yfr5D33oG,5a8e0b412a842c0001fd1112,2026-03-27T20:18:19Z,2026-03-27T20:21:18Z,178.0,M_incorrect_weak,Male,67aa52dcb66d138fca70a211,49.0,5.0,12.0,10.0,-2.0,29.0,0.0,-29.0,29.0,identical_woman_woman,misleading_man_looks_better,Identical_WomanWoman_Bwins,ObviousFails_ManLooksBetter,B,A,0,0.35,11.384,5.225,7.054,M,incorrect,weak,Failure,1,1,1,1,1,5,5,1,Female,0,0,Female,33.0,White,0,1,0,0,0,-13.6765,-12.3358
R_5lQaHZFpR4vMBNK,5a8895f0f1408d0001769b7b,2026-03-27T20:14:59Z,2026-03-27T20:24:28Z,568.0,M_correct_weak,Male,60ec54c58f88686dadb1a0c9,53.0,6.0,15.0,22.0,7.0,100.0,10.0,-90.0,90.0,split_unknowns,dominant_man_wins,SplitUnknowns_ManWins,Dominant_ManWins,B,B,1,1.0,4.31,14.317,1.899,M,correct,weak,Success,1,1,1,1,1,5,5,1,,0,1,Female,28.0,Hispanic,0,1,0,1,0,57.3235,-17.3358
R_3MgMEeYfxw8nNB6,629905766de57eaa15e73261,2026-03-27T20:37:17Z,2026-03-27T20:43:12Z,354.0,W_correct_weak,Female,652ecb92078fe073ab29b920,54.0,1.0,16.0,26.0,10.0,50.0,50.0,0.0,0.0,identical_woman_woman,dominant_man_wins,Identical_WomanWoman_Bwins,Dominant_ManWins,B,B,1,0.75,36.141,8.025,7.467,W,correct,weak,Success,1,1,1,1,1,5,5,1,Female,1,0,Female,53.0,White,1,0,1,1,0,7.3235,7.6642
R_3CwH0UxEqK8jhWu,5ea47bda5b1a9807ed89eb76,2026-03-27T20:36:11Z,2026-03-27T20:46:28Z,616.0,W_incorrect_strong,Female,66d9d8108156d32cbe34ee6f,8.0,10.0,77.0,70.0,-7.0,23.0,100.0,77.0,77.0,misleading_woman_looks_better,man_vs_man,ObviousFails_WomanLooksBetter,ManVsMan_Awins,B,A,0,0.39,48.85,21.778,10.153,W,incorrect,strong,Failure,1,1,1,1,1,5,5,1,Female,1,0,Male,79.0,White,1,1,1,0,1,-19.6765,33.6642
R_3wRD1T3DDIJWp5E,5dd2e29b2c5c102e6454227a,2026-03-27T20:46:35Z,2026-03-27T20:49:49Z,194.0,M_incorrect_strong,Male,66231fc6e1ecba676935943a,5.0,1.0,82.0,77.0,-5.0,61.0,0.0,-61.0,61.0,misleading_woman_looks_better,dominant_woman_wins,ObviousFails_WomanLooksBetter,Dominant_WomanWins,B,A,0,0.2,12.329,5.495,2.326,M,incorrect,strong,Failure,1,1,1,1,1,5,5,1,Male,1,0,Female,33.0,White,1,1,0,0,1,18.3235,-12.3358
R_6kzqbEkvRn35O3D,6669a0615cb1e89449d04fe7,2026-03-27T20:50:02Z,2026-03-27T20:54:18Z,255.0,W_incorrect_strong,Female,5e05ab290db892fcd8036b1a,5.0,65.0,82.0,90.0,8.0,25.0,30.0,5.0,5.0,misleading_man_looks_better,unknown_woman_gk,ObviousFails_ManLooksBetter,Unknown_WomanGK_ManWins,B,A,0,0.38,14.598,8.275,3.002,W,incorrect,strong,Failure,1,1,1,1,1,5,5,1,Female,1,0,Female,36.0,Black,1,1,1,0,1,-17.6765,-9.3358
R_1tlkq6n2DUqaqt4,66d77ebd93a13a53f4d6577b,2026-03-27T20:50:19Z,2026-03-27T20:55:36Z,316.0,M_correct_weak,Male,566a3e0e7da0350012b3ec49,58.0,1.0,23.0,31.0,8.0,0.0,0.0,0.0,0.0,unknown_man_word,dominant_woman_wins,Unknown_ManWord_ManWins,Dominant_WomanWins,B,B,1,0.5,27.307,16.43,28.107,M,correct,weak,Success,1,1,1,1,1,5,5,1,Male,1,0,Male,53.0,White,1,0,0,1,0,-42.6765,7.6642
R_6PImh2Q9NfW2onL,67612c302f90b2399522a2ba,2026-03-27T20:46:31Z,2026-03-27T21:00:59Z,867.0,M_correct_weak,Male,5d951ede9b6f880018f63b6e,56.0,91.0,20.0,30.0,10.0,0.0,0.0,0.0,0.0,split_unknowns,close_woman_wins,SplitUnknowns_ManWins,Close_WomanWins,B,B,1,0.5,28.759,9.966,17.463,M,correct,weak,Success,1,1,1,1,1,5,5,1,,0,1,Male,56.0,Black,0,0,0,1,0,-42.6765,10.6642
R_1M5QEsz6wGbgHIc,66d22329349bb305cd974eb7,2026-03-27T20:54:44Z,2026-03-27T21:03:23Z,518.0,M_incorrect_weak,Male,66956649d7179281d46fa6f2,48.0,5.0,13.0,10.0,-3.0,50.0,10.0,-40.0,40.0,unknown_man_word,dominant_woman_wins,Unknown_ManWord_ManWins,Dominant_WomanWins,B,A,0,0.25,67.636,22.029,11.304,M,incorrect,weak,Failure,1,1,1,1,1,5,5,1,Female,0,0,Female,53.0,White,0,1,0,0,0,7.3235,7.6642
R_6hPZOSMN5x0Fa5L,5c3c7913b4f22c0001a0809c,2026-03-27T21:08:16Z,2026-03-27T21:13:02Z,285.0,M_correct_weak,Male,60ec54c58f88686dadb1a0c9,53.0,6.0,15.0,25.0,10.0,100.0,0.0,-100.0,100.0,split_unknowns,dominant_man_wins,SplitUnknowns_ManWins,Dominant_ManWins,B,B,1,1.0,21.883,15.832,8.75,M,correct,weak,Success,1,1,1,1,1,5,5,1,Male,1,0,Male,73.0,White,1,1,0,1,0,57.3235,27.6642
R_6myp8Cwtb347YvT,62c35e9517e15b36b957a678,2026-03-27T21:04:02Z,2026-03-27T21:16:27Z,744.0,W_incorrect_strong,Female,5e05ab290db892fcd8036b1a,5.0,65.0,82.0,87.0,5.0,56.0,39.0,-17.0,17.0,misleading_man_looks_better,unknown_woman_gk,ObviousFails_ManLooksBetter,Unknown_WomanGK_ManWins,B,A,0,0.22,15.644,8.184,9.811,W,incorrect,strong,Failure,1,1,1,1,1,5,5,1,Female,1,0,Male,39.0,Hispanic,1,1,1,0,1,13.3235,-6.3358
R_7opUaFlNBaMYBQF,667dff584b72be8e8cf6b196,2026-03-27T21:05:25Z,2026-03-27T21:21:49Z,984.0,M_incorrect_weak,Male,673b834c1ca9feb154a86523,47.0,89.0,15.0,25.0,10.0,10.0,25.0,15.0,15.0,split_unknowns,dominant_woman_wins,SplitUnknowns_ManWins,Dominant_WomanWins,B,A,0,0.45,41.961,15.843,4.967,M,incorrect,weak,Failure,1,1,1,1,1,5,5,1,Male,1,0,Female,43.0,White,1,1,0,0,0,-32.6765,-2.3358
R_3QJJplqhO2sBpLG,65621989490b11dcec004621,2026-03-27T21:15:37Z,2026-03-27T21:29:53Z,856.0,M_incorrect_strong,Male,63ecff07b619306f41db42fa,2.0,1.0,87.0,82.0,-5.0,50.0,39.0,-11.0,11.0,misleading_man_looks_better,dominant_woman_wins,ObviousFails_ManLooksBetter,Dominant_WomanWins,B,A,0,0.25,174.466,5.464,51.062,M,incorrect,strong,Failure,1,1,1,1,1,5,5,1,Female,0,0,Female,33.0,Black,0,1,0,0,1,7.3235,-12.3358
R_1jfFLxJOH30pzxT,5d9d6367a9b2be001450ac4d,2026-03-27T21:29:34Z,2026-03-27T21:35:03Z,329.0,M_incorrect_weak,Male,5e5731e3e1e8b90e25c1f3a2,45.0,11.0,18.0,27.0,9.0,25.0,25.0,0.0,0.0,split_unknowns,misleading_man_looks_better,SplitUnknowns_ManWins,ObviousFails_ManLooksBetter,B,A,0,0.38,14.906,12.073,7.76,M,incorrect,weak,Failure,1,1,1,1,1,5,5,1,,0,1,Female,35.0,White,0,0,0,0,0,-17.6765,-10.3358
R_124lhpLeYbDFloi,5783027f913c71000197300d,2026-03-27T21:24:33Z,2026-03-27T21:37:09Z,755.0,M_correct_strong,Male,670d816961bebcb45b53b929,1.0,1.0,88.0,90.0,2.0,60.0,65.0,5.0,5.0,dominant_woman_wins,misleading_man_looks_better,Dominant_WomanWins,ObviousFails_ManLooksBetter,A,A,1,0.8,16.901,20.443,10.867,M,correct,strong,Success,1,1,1,1,1,5,5,1,Male,1,0,Female,47.0,Hispanic,1,1,0,1,1,17.3235,1.6642
R_3rBsuU43W1gDe7h,671d553e0d035028da7d29a1,2026-03-27T21:29:50Z,2026-03-27T21:38:29Z,518.0,W_correct_weak,Female,66db9db4324609f1a7231f49,57.0,1.0,21.0,30.0,9.0,100.0,51.0,-49.0,49.0,identical_woman_woman,dominant_man_wins,Identical_WomanWoman_Bwins,Dominant_ManWins,B,B,1,1.0,32.458,46.279,5.368,W,correct,weak,Success,1,1,1,1,1,5,5,1,Female,1,0,Female,34.0,American Indian,1,1,1,1,0,57.3235,-11.3358
R_1fqxcPv8Ig6qLoQ,667f45b34d9c9f1b7c921b97,2026-03-27T21:47:00Z,2026-03-27T21:53:14Z,373.0,W_correct_strong,Female,611341c34be95409850e4341,5.0,5.0,82.0,90.0,8.0,40.0,50.0,10.0,10.0,dominant_woman_wins,misleading_woman_looks_better,Dominant_WomanWins,ObviousFails_WomanLooksBetter,A,A,1,0.7,21.118,38.713,10.032,W,correct,strong,Success,1,1,1,1,1,5,5,1,Female,1,0,Female,26.0,Asian,1,1,1,1,1,-2.6765,-19.3358
R_33uyWwjlUXZqrND,66ba8c6a41737fcd4fc4ac9e,2026-03-27T21:46:51Z,2026-03-27T21:55:52Z,540.0,W_correct_weak,Female,662945728093113a43ab8077,55.0,75.0,18.0,26.0,8.0,21.0,43.0,22.0,22.0,split_unknowns,unknown_woman_gk,SplitUnknowns_ManWins,Unknown_WomanGK_ManWins,B,B,1,0.6,60.769,18.226,10.866,W,correct,weak,Success,1,1,1,1,1,5,5,1,,0,1,Female,57.0,Black,0,1,1,1,0,-21.6765,11.6642
R_76aHoUPkrm7YaPS,62743aeb9ef8628d06ec5a75,2026-03-27T22:05:04Z,2026-03-27T22:12:12Z,428.0,W_incorrect_strong,Female,65dca046786b41c22b4de4e6,1.0,4.0,88.0,90.0,2.0,50.0,50.0,0.0,0.0,misleading_woman_looks_better,unknown_man_word,ObviousFails_WomanLooksBetter,Unknown_ManWord_ManWins,B,A,0,0.25,23.45,13.804,7.278,W,incorrect,strong,Failure,1,1,1,1,1,5,5,1,Female,1,0,Male,55.0,White,1,0,1,0,1,7.3235,9.6642
R_3s1hPqhetr8htS1,67a7caa0cc766deedab56067,2026-03-27T22:03:55Z,2026-03-27T22:13:02Z,547.0,W_incorrect_strong,Female,5fab34d5e971f1617667232e,94.0,1.0,80.0,69.0,-11.0,75.0,25.0,-50.0,50.0,unknown_woman_gk,dominant_woman_wins,Unknown_WomanGK_ManWins,Dominant_WomanWins,A,B,0,0.13,33.941,11.804,14.346,W,incorrect,strong,Failure,1,1,1,1,1,5,5,1,Male,0,0,Female,65.0,White,0,1,1,0,1,32.3235,19.6642
R_3JEg4BsoHWuehHd,65f8caa8238a933fdf42f4c3,2026-03-27T22:14:30Z,2026-03-27T22:18:59Z,269.0,W_correct_strong,Female,611341c34be95409850e4341,5.0,5.0,82.0,75.0,-7.0,70.0,70.0,0.0,0.0,dominant_woman_wins,misleading_woman_looks_better,Dominant_WomanWins,ObviousFails_WomanLooksBetter,A,A,1,0.85,19.067,34.24,5.997,W,correct,strong,Success,1,1,1,1,1,5,5,1,,0,1,Male,44.0,White,0,0,1,1,1,27.3235,-1.3358
R_6e2RifFunDOY34R,634e1076f43266192b130e13,2026-03-27T22:15:09Z,2026-03-27T22:22:04Z,414.0,W_correct_weak,Female,662945728093113a43ab8077,55.0,75.0,18.0,28.0,10.0,0.0,18.0,18.0,18.0,split_unknowns,unknown_woman_gk,SplitUnknowns_ManWins,Unknown_WomanGK_ManWins,B,B,1,0.5,21.112,14.981,9.088,W,correct,weak,Success,1,1,1,1,1,5,5,1,Female,1,0,Female,40.0,White,1,1,1,1,0,-42.6765,-5.3358
R_3JC64162GvsnhBQ,637f17565275d4a7b18ff237,2026-03-27T22:26:40Z,2026-03-27T22:32:55Z,375.0,M_incorrect_strong,Male,631c8e97db06f601f81bd82f,8.0,2.0,77.0,65.0,-12.0,30.0,0.0,-30.0,30.0,misleading_man_looks_better,dominant_man_wins,ObviousFails_ManLooksBetter,Dominant_ManWins,B,A,0,0.35,16.095,18.074,14.032,M,incorrect,strong,Failure,1,1,1,1,1,5,5,1,Male,1,0,Female,46.0,White,1,1,0,0,1,-12.6765,0.6642
R_7SbSY7JQ5BZs6Zz,67ae87b0d1835460d0a99abd,2026-03-27T22:21:08Z,2026-03-27T22:35:58Z,889.0,W_correct_weak,Female,65e8ff784cc1b2fc71bc5368,49.0,5.0,12.0,10.0,-2.0,50.0,100.0,50.0,50.0,close_woman_wins,misleading_woman_looks_better,Close_WomanWins,ObviousFails_WomanLooksBetter,A,A,1,0.75,70.353,21.066,15.2,W,correct,weak,Success,1,1,1,1,1,5,5,1,Female,1,0,Female,42.0,Asian,1,1,1,1,0,7.3235,-3.3358
R_6Vl0L9ZTRwijOt0,6689be58732c29981acd23c3,2026-03-27T22:29:11Z,2026-03-27T22:36:34Z,442.0,W_correct_weak,Female,66db9db4324609f1a7231f49,57.0,1.0,21.0,33.0,12.0,25.0,75.0,50.0,50.0,identical_woman_woman,dominant_man_wins,Identical_WomanWoman_Bwins,Dominant_ManWins,B,B,1,0.63,18.906,18.937,8.732,W,correct,weak,Success,1,1,1,1,1,5,5,1,Female,1,0,Female,43.0,White,1,1,1,1,0,-17.6765,-2.3358
R_1fCWYjDuMnDAU7J,656535cfb6e6bea3d8637deb,2026-03-27T22:31:09Z,2026-03-27T22:37:11Z,361.0,W_incorrect_weak,Female,5e9f3f09ccc75a0c345e4845,49.0,5.0,12.0,18.0,6.0,0.0,0.0,0.0,0.0,split_unknowns,misleading_woman_looks_better,SplitUnknowns_ManWins,ObviousFails_WomanLooksBetter,B,A,0,0.5,68.082,27.785,23.404,W,incorrect,weak,Failure,1,1,1,1,1,5,5,1,Male,0,0,Male,50.0,White,0,0,1,0,0,-42.6765,4.6642
R_6OphihXegiM85gL,611842195ebcbb197bc11c0e,2026-03-27T22:46:45Z,2026-03-27T22:50:24Z,219.0,M_correct_weak,Male,665e680164927b18554b66ec,51.0,5.0,12.0,17.0,5.0,9.0,73.0,64.0,64.0,identical_woman_woman,misleading_woman_looks_better,Identical_WomanWoman_Bwins,ObviousFails_WomanLooksBetter,B,B,1,0.55,27.37,15.61,7.205,M,correct,weak,Success,1,1,1,1,1,5,5,1,Male,1,0,Female,27.0,White,1,1,0,1,0,-33.6765,-18.3358
R_5IEb0REs7QYDgat,65c58be606be5633a2a68984,2026-03-27T22:48:24Z,2026-03-27T22:53:33Z,309.0,W_correct_weak,Female,66db9db4324609f1a7231f49,57.0,1.0,21.0,13.0,-8.0,20.0,30.0,10.0,10.0,identical_woman_woman,dominant_man_wins,Identical_WomanWoman_Bwins,Dominant_ManWins,B,B,1,0.6,31.158,22.542,8.556,W,correct,weak,Success,1,1,1,1,1,5,5,1,Female,1,0,Female,67.0,White,1,1,1,1,0,-22.6765,21.6642
R_7oGaKifjUaC0sXU,5ba1beaecc5dd00001673e39,2026-03-27T22:50:35Z,2026-03-27T22:55:23Z,288.0,W_incorrect_strong,Female,5e05ab290db892fcd8036b1a,5.0,65.0,82.0,89.0,7.0,100.0,100.0,0.0,0.0,misleading_man_looks_better,unknown_woman_gk,ObviousFails_ManLooksBetter,Unknown_WomanGK_ManWins,B,A,0,0.0,19.815,7.506,9.645,W,incorrect,strong,Failure,1,1,1,1,1,5,5,1,Female,1,0,Male,46.0,White,1,0,1,0,1,57.3235,0.6642
R_6khoT0nLq6p1ECn,6704251bcdca04fef23d385d,2026-03-27T22:49:22Z,2026-03-27T22:55:58Z,395.0,M_incorrect_strong,Male,6675f3ac3a5d0633257190c4,1.0,86.0,88.0,90.0,2.0,10.0,10.0,0.0,0.0,misleading_woman_looks_better,man_vs_man,ObviousFails_WomanLooksBetter,ManVsMan_Awins,B,A,0,0.45,14.996,5.534,4.379,M,incorrect,strong,Failure,1,1,1,1,1,5,5,1,Male,1,0,Female,22.0,White,1,0,0,0,1,-32.6765,-23.3358
R_7JQG4Zx3Ja1Nq3e,61022d2f69d5127750d09f40,2026-03-27T23:12:13Z,2026-03-27T23:17:05Z,291.0,W_incorrect_strong,Female,67e188720841b364cd463eaa,7.0,2.0,79.0,87.0,8.0,60.0,100.0,40.0,40.0,misleading_man_looks_better,dominant_woman_wins,ObviousFails_ManLooksBetter,Dominant_WomanWins,B,A,0,0.2,12.415,8.783,2.825,W,incorrect,strong,Failure,1,1,1,1,1,5,5,1,Female,1,0,Female,25.0,White,1,1,1,0,1,17.3235,-20.3358
R_3nHEZjCopuNAJYw,6752993adafe95d86087831b,2026-03-27T23:07:42Z,2026-03-27T23:21:13Z,810.0,W_correct_strong,Female,611341c34be95409850e4341,5.0,5.0,82.0,88.0,6.0,50.0,75.0,25.0,25.0,dominant_woman_wins,misleading_woman_looks_better,Dominant_WomanWins,ObviousFails_WomanLooksBetter,A,A,1,0.75,22.216,18.596,9.651,W,correct,strong,Success,1,1,1,1,1,5,5,1,Female,1,0,Female,39.0,Hispanic,1,1,1,1,1,7.3235,-6.3358
R_5WZrZYl0M29Oyl3,668c3c8f766286ffd8b50097,2026-03-27T23:24:50Z,2026-03-27T23:39:23Z,872.0,W_correct_strong,Female,66200b032829f40f3664afdf,7.0,2.0,79.0,67.0,-12.0,100.0,100.0,0.0,0.0,dominant_woman_wins,unknown_man_word,Dominant_WomanWins,Unknown_ManWord_ManWins,A,A,1,1.0,20.774,23.248,7.756,W,correct,strong,Success,1,1,1,1,1,5,5,1,Female,1,0,Male,43.0,White,1,0,1,1,1,57.3235,-2.3358
R_6n7RLtmEHAsMIVx,573b2aae67421f0006185a9c,2026-03-27T23:35:22Z,2026-03-27T23:48:12Z,769.0,M_incorrect_weak,Male,5f2f03deec679e2cf4a992e6,46.0,6.0,16.0,21.0,5.0,29.0,8.0,-21.0,21.0,identical_woman_woman,dominant_man_wins,Identical_WomanWoman_Bwins,Dominant_ManWins,B,A,0,0.35,31.085,14.909,12.017,M,incorrect,weak,Failure,1,1,1,1,1,5,5,1,,0,1,Female,46.0,White,0,1,0,0,0,-13.6765,0.6642
R_71hibdkocV97TQV,59d0fe53a5bbdd0001bf47b6,2026-03-27T23:43:51Z,2026-03-27T23:48:57Z,306.0,M_incorrect_strong,Male,6675f3ac3a5d0633257190c4,1.0,86.0,88.0,82.0,-6.0,20.0,10.0,-10.0,10.0,misleading_woman_looks_better,man_vs_man,ObviousFails_WomanLooksBetter,ManVsMan_Awins,B,A,0,0.4,27.988,14.342,2.392,M,incorrect,strong,Failure,1,1,1,1,1,5,5,1,Male,1,0,Female,31.0,Asian,1,1,0,0,1,-22.6765,-14.3358
R_5PRgCOeWVivTFZX,6631579b8ebfe443d326fb16,2026-03-27T23:56:23Z,2026-03-28T00:05:28Z,544.0,W_incorrect_strong,Female,5d537c0cecc84200153075e9,4.0,4.0,84.0,79.0,-5.0,25.0,25.0,0.0,0.0,unknown_man_word,misleading_woman_looks_better,Unknown_ManWord_ManWins,ObviousFails_WomanLooksBetter,B,A,0,0.38,37.945,9.732,4.586,W,incorrect,strong,Failure,1,1,1,1,1,5,5,1,Female,1,0,Female,46.0,Black,1,0,1,0,1,-17.6765,0.6642
R_5Ng0j622Js99Pfr,62e641e757a7c8640079fbd9,2026-03-28T00:03:00Z,2026-03-28T00:10:16Z,436.0,M_incorrect_weak,Male,5e5731e3e1e8b90e25c1f3a2,45.0,11.0,18.0,10.0,-8.0,100.0,100.0,0.0,0.0,split_unknowns,misleading_man_looks_better,SplitUnknowns_ManWins,ObviousFails_ManLooksBetter,B,A,0,0.0,10.335,7.65,10.495,M,incorrect,weak,Failure,1,1,1,1,1,5,5,1,Male,1,0,Female,48.0,Black,1,0,0,0,0,57.3235,2.6642
R_7QKukQUuN0baJkJ,5e3c24894e7e1e000b2341f9,2026-03-28T00:08:56Z,2026-03-28T00:17:44Z,528.0,W_incorrect_strong,Female,65cce024500351e8c8f7ff26,2.0,6.0,87.0,78.0,-9.0,60.0,55.0,-5.0,5.0,misleading_woman_looks_better,dominant_woman_wins,ObviousFails_WomanLooksBetter,Dominant_WomanWins,B,A,0,0.2,27.935,17.905,8.669,W,incorrect,strong,Failure,1,1,1,1,1,5,5,1,,0,1,Female,63.0,White,0,1,1,0,1,17.3235,17.6642
R_5dcyAJbf2YLw3mt,663ea705b761e95caebf67eb,2026-03-28T00:37:11Z,2026-03-28T00:40:45Z,213.0,W_incorrect_weak,Female,63d5b810f3dbbd11e7e65870,48.0,98.0,13.0,10.0,-3.0,20.0,0.0,-20.0,20.0,misleading_woman_looks_better,close_woman_wins,ObviousFails_WomanLooksBetter,Close_WomanWins,B,A,0,0.4,93.388,9.214,1.811,W,incorrect,weak,Failure,1,1,1,1,1,5,5,1,Female,1,0,Female,23.0,Hispanic,1,1,1,0,0,-22.6765,-22.3358
R_1fIDYuDxxRSgrpN,63d3ff28c338c75425b282b9,2026-03-28T00:35:12Z,2026-03-28T00:42:44Z,452.0,M_correct_strong,Male,559c3e07fdf99b32b55f2d8d,3.0,5.0,85.0,75.0,-10.0,20.0,30.0,10.0,10.0,dominant_woman_wins,misleading_woman_looks_better,Dominant_WomanWins,ObviousFails_WomanLooksBetter,A,A,1,0.6,27.198,22.685,9.877,M,correct,strong,Success,1,1,1,1,1,5,5,1,Male,1,0,Male,49.0,White,1,1,0,1,1,-22.6765,3.6642
R_5pGx5c0IQz3AWmq,6693450723a28e436302669b,2026-03-28T00:36:16Z,2026-03-28T00:43:15Z,419.0,M_correct_strong,Male,59e7477e3e4b5a00016aa4d2,4.0,1.0,84.0,79.0,-5.0,40.0,41.0,1.0,1.0,man_vs_man,split_unknowns,ManVsMan_Awins,SplitUnknowns_ManWins,A,A,1,0.7,40.076,17.577,8.897,M,correct,strong,Success,1,1,1,1,1,5,5,1,Male,1,0,Female,49.0,White,1,1,0,1,1,-2.6765,3.6642
R_16peJqNB23BHgA1,676e13e5655cf7cc40923c54,2026-03-28T00:36:30Z,2026-03-28T00:43:22Z,411.0,M_incorrect_strong,Male,633f03bb432dc8f74ab3a896,7.0,12.0,79.0,71.0,-8.0,50.0,0.0,-50.0,50.0,misleading_man_looks_better,dominant_man_wins,ObviousFails_ManLooksBetter,Dominant_ManWins,B,A,0,0.25,22.24,16.884,3.776,M,incorrect,strong,Failure,1,1,1,1,1,5,5,1,Male,1,0,Female,50.0,White,1,1,0,0,1,7.3235,4.6642
R_5g5S3ufkpgs4EGo,66c6ad713afa83a1ba517d18,2026-03-28T00:36:50Z,2026-03-28T00:51:05Z,855.0,W_correct_strong,Female,6679dc943f855ba978447c25,8.0,89.0,77.0,71.0,-6.0,75.0,100.0,25.0,25.0,dominant_man_wins,close_woman_wins,Dominant_ManWins,Close_WomanWins,A,A,1,0.88,26.14,17.791,34.996,W,correct,strong,Success,1,1,1,1,1,5,5,1,Female,1,0,Male,62.0,White,1,1,1,1,1,32.3235,16.6642
R_3juBaOSVbaG5ASI,6944565ececff7a71b83d5f3,2026-03-28T00:58:13Z,2026-03-28T01:02:07Z,233.0,M_incorrect_weak,Male,5ced8f96a726ed0015d31452,43.0,1.0,21.0,16.0,-5.0,100.0,100.0,0.0,0.0,identical_woman_woman,dominant_man_wins,Identical_WomanWoman_Bwins,Dominant_ManWins,B,A,0,0.0,17.704,1.624,2.458,M,incorrect,weak,Failure,1,1,1,1,1,5,5,1,Male,1,0,Male,37.0,White,1,0,0,0,0,57.3235,-8.3358
R_6dXwB0JJjn4wMr3,59014a56baa70f0001ea4c3b,2026-03-28T00:57:13Z,2026-03-28T01:03:54Z,400.0,W_incorrect_weak,Female,671165ce01cd9c2699b90dc1,47.0,6.0,15.0,26.0,11.0,76.0,76.0,0.0,0.0,identical_woman_woman,misleading_man_looks_better,Identical_WomanWoman_Bwins,ObviousFails_ManLooksBetter,B,A,0,0.12,15.412,7.8,11.688,W,incorrect,weak,Failure,1,1,1,1,1,5,5,1,Female,1,0,Male,42.0,White,1,0,1,0,0,33.3235,-3.3358
R_707Y1Zv7TktkMP4,651b29ff3a6cadf518640abe,2026-03-28T01:02:32Z,2026-03-28T01:11:51Z,558.0,W_correct_weak,Female,5b81e0a72ce68d0001fa68d5,56.0,12.0,20.0,12.0,-8.0,0.0,0.0,0.0,0.0,split_unknowns,dominant_man_wins,SplitUnknowns_ManWins,Dominant_ManWins,B,B,1,0.5,37.653,9.378,23.736,W,correct,weak,Success,1,1,1,1,1,5,5,1,Female,1,0,Female,58.0,Asian,1,0,1,1,0,-42.6765,12.6642
R_12znRH0T9vSjDN5,612e88e81952522ab3d8d8a7,2026-03-28T01:04:49Z,2026-03-28T01:12:09Z,440.0,W_correct_strong,Female,66200b032829f40f3664afdf,7.0,2.0,79.0,90.0,11.0,9.0,20.0,11.0,11.0,dominant_woman_wins,unknown_man_word,Dominant_WomanWins,Unknown_ManWord_ManWins,A,A,1,0.55,45.006,11.11,14.37,W,correct,strong,Success,1,1,1,1,1,5,5,1,Female,1,0,Female,26.0,White,1,1,1,1,1,-33.6765,-19.3358
R_3pWTEaWvRFfO4Df,674e687921292d0e35ddf722,2026-03-28T01:09:58Z,2026-03-28T01:14:53Z,294.0,M_incorrect_strong,Male,5ee00b8630f30b34f2a5dc1c,6.0,4.0,80.0,90.0,10.0,25.0,15.0,-10.0,10.0,misleading_man_looks_better,dominant_man_wins,ObviousFails_ManLooksBetter,Dominant_ManWins,B,A,0,0.38,33.738,9.188,5.145,M,incorrect,strong,Failure,1,1,1,1,1,5,5,1,Male,1,0,Female,25.0,White,1,1,0,0,1,-17.6765,-20.3358
R_3sdBt5Pez53hDAj,5cab4ce7fc216d0016162830,2026-03-28T01:12:12Z,2026-03-28T01:18:15Z,362.0,W_incorrect_weak,Female,5eb02a40b17a8c0868685d32,42.0,9.0,23.0,12.0,-11.0,2.0,4.0,2.0,2.0,unknown_man_word,dominant_woman_wins,Unknown_ManWord_ManWins,Dominant_WomanWins,B,A,0,0.49,35.021,13.959,13.292,W,incorrect,weak,Failure,1,1,1,1,1,5,5,1,Female,1,0,Female,39.0,Black,1,1,1,0,0,-40.6765,-6.3358
R_76mXjSqLXzMOIKk,60fee8accc3a1247684fbe16,2026-03-28T01:20:59Z,2026-03-28T01:26:29Z,330.0,M_correct_strong,Male,561bbdf9811d22000df3138a,6.0,13.0,80.0,87.0,7.0,75.0,82.0,7.0,7.0,dominant_man_wins,dominant_woman_wins,Dominant_ManWins,Dominant_WomanWins,A,A,1,0.88,30.521,5.662,8.163,M,correct,strong,Success,1,1,1,1,1,5,5,1,Male,1,0,Female,29.0,White,1,1,0,1,1,32.3235,-16.3358
R_11iWBkZ2cbGzNUl,668ac2d21e1c6db3449f0be8,2026-03-28T01:21:56Z,2026-03-28T01:29:15Z,439.0,W_incorrect_weak,Female,5eb02a40b17a8c0868685d32,42.0,9.0,23.0,34.0,11.0,71.0,73.0,2.0,2.0,unknown_man_word,dominant_woman_wins,Unknown_ManWord_ManWins,Dominant_WomanWins,B,A,0,0.15,14.519,5.329,8.629,W,incorrect,weak,Failure,1,1,1,1,1,5,5,1,Female,1,0,Female,37.0,White,1,1,1,0,0,28.3235,-8.3358
R_115ZkN4rm2LLCbn,670f6171756d8d3b2a73e819,2026-03-28T01:26:41Z,2026-03-28T01:38:18Z,697.0,W_incorrect_strong,Female,5e05ab290db892fcd8036b1a,5.0,65.0,82.0,73.0,-9.0,100.0,100.0,0.0,0.0,misleading_man_looks_better,unknown_woman_gk,ObviousFails_ManLooksBetter,Unknown_WomanGK_ManWins,B,A,0,0.0,27.465,5.856,3.119,W,incorrect,strong,Failure,1,1,1,1,1,5,5,1,Female,1,0,Male,46.0,Asian,1,0,1,0,1,57.3235,0.6642
R_5je3h2qSXnxEVH8,5e2bee472b21bb229e9e463e,2026-03-28T01:37:09Z,2026-03-28T01:50:31Z,801.0,M_correct_weak,Male,566a3e0e7da0350012b3ec49,58.0,1.0,23.0,28.0,5.0,50.0,71.0,21.0,21.0,unknown_man_word,dominant_woman_wins,Unknown_ManWord_ManWins,Dominant_WomanWins,B,B,1,0.75,57.94,13.258,30.013,M,correct,weak,Success,1,1,1,1,1,5,5,1,Female,0,0,Female,63.0,White,0,1,0,1,0,7.3235,17.6642
R_32mM2Yve9NzDxL0,66be6ceec893e327db92ca2d,2026-03-28T01:47:14Z,2026-03-28T01:51:48Z,273.0,W_correct_weak,Female,66ccca31c45aad520357f3fb,52.0,1.0,13.0,10.0,-3.0,8.0,20.0,12.0,12.0,identical_woman_woman,misleading_woman_looks_better,Identical_WomanWoman_Bwins,ObviousFails_WomanLooksBetter,B,B,1,0.54,35.656,15.867,8.521,W,correct,weak,Success,1,1,1,1,1,5,5,1,Female,1,0,Male,53.0,White,1,1,1,1,0,-34.6765,7.6642
R_7LjXuc1OjYwgQ8h,6638068d9ab49383d1fe00ae,2026-03-28T01:41:25Z,2026-03-28T01:52:39Z,673.0,M_incorrect_strong,Male,5ee00b8630f30b34f2a5dc1c,6.0,4.0,80.0,90.0,10.0,40.0,10.0,-30.0,30.0,misleading_man_looks_better,dominant_man_wins,ObviousFails_ManLooksBetter,Dominant_ManWins,B,A,0,0.3,15.118,13.719,8.929,M,incorrect,strong,Failure,1,1,1,1,1,5,5,1,Male,1,0,Female,42.0,Black,1,1,0,0,1,-2.6765,-3.3358
R_5OHmkyYCfTi3DKR,65177add8af27911a3ee59cb,2026-03-28T02:05:23Z,2026-03-28T02:15:44Z,620.0,M_incorrect_strong,Male,62877d5f6a054e53313ac916,97.0,99.0,85.0,78.0,-7.0,100.0,10.0,-90.0,90.0,man_vs_man,split_unknowns,ManVsMan_Awins,SplitUnknowns_ManWins,A,B,0,0.0,63.121,21.347,13.742,M,incorrect,strong,Failure,1,1,1,1,1,5,5,1,Male,1,0,Male,56.0,White,1,1,0,0,1,57.3235,10.6642
R_3YqRePo8VPj6yts,6942a793a0943732e26bc8a2,2026-03-28T02:14:43Z,2026-03-28T02:28:37Z,833.0,M_incorrect_strong,Male,631c8e97db06f601f81bd82f,8.0,2.0,77.0,72.0,-5.0,57.0,57.0,0.0,0.0,misleading_man_looks_better,dominant_man_wins,ObviousFails_ManLooksBetter,Dominant_ManWins,B,A,0,0.22,103.156,29.066,20.177,M,incorrect,strong,Failure,1,1,1,1,1,5,5,1,Male,1,0,Female,58.0,White,1,0,0,0,1,14.3235,12.6642
R_6zI3yKoGqQU7Cto,5c707aa503f85b0001af8c7b,2026-03-28T02:38:07Z,2026-03-28T02:43:05Z,297.0,M_incorrect_weak,Male,66956649d7179281d46fa6f2,48.0,5.0,13.0,10.0,-3.0,5.0,3.0,-2.0,2.0,unknown_man_word,dominant_woman_wins,Unknown_ManWord_ManWins,Dominant_WomanWins,B,A,0,0.47,23.538,15.675,4.634,M,incorrect,weak,Failure,1,1,1,1,1,5,5,1,,0,1,Female,55.0,White,0,1,0,0,0,-37.6765,9.6642
R_6mlbDqSCt5kWZ8a,5f13ea38e764c61a82f38588,2026-03-28T02:44:44Z,2026-03-28T02:48:35Z,231.0,M_incorrect_strong,Male,62877d5f6a054e53313ac916,97.0,99.0,85.0,90.0,5.0,65.0,78.0,13.0,13.0,man_vs_man,split_unknowns,ManVsMan_Awins,SplitUnknowns_ManWins,A,B,0,0.17,18.287,5.654,3.659,M,incorrect,strong,Failure,1,1,1,1,1,5,5,1,Male,1,0,Female,30.0,Asian,1,1,0,0,1,22.3235,-15.3358
R_1m4mDaQhriEIAN3,6569e8f2c11fdd022b5c6d9e,2026-03-28T02:46:46Z,2026-03-28T02:54:12Z,445.0,M_incorrect_strong,Male,631c8e97db06f601f81bd82f,8.0,2.0,77.0,70.0,-7.0,100.0,100.0,0.0,0.0,misleading_man_looks_better,dominant_man_wins,ObviousFails_ManLooksBetter,Dominant_ManWins,B,A,0,0.0,21.731,3.46,8.474,M,incorrect,strong,Failure,1,1,1,1,1,5,5,1,,0,1,Male,36.0,Black,0,0,0,0,1,57.3235,-9.3358
R_37e4gM0SJJOTGfv,676ef542f8b2a7d4114f3786,2026-03-28T02:47:20Z,2026-03-28T02:56:22Z,541.0,W_incorrect_strong,Female,66d9d8108156d32cbe34ee6f,8.0,10.0,77.0,70.0,-7.0,50.0,35.0,-15.0,15.0,misleading_woman_looks_better,man_vs_man,ObviousFails_WomanLooksBetter,ManVsMan_Awins,B,A,0,0.25,53.382,15.47,22.15,W,incorrect,strong,Failure,1,1,1,1,1,5,5,1,Female,1,0,Male,39.0,White,1,1,1,0,1,7.3235,-6.3358
R_1EqMVzmR8pWSmc1,5f330bfd7109cd0e649566b6,2026-03-28T02:58:45Z,2026-03-28T03:08:54Z,609.0,M_incorrect_weak,Male,612962f44f151ddfd0298c52,42.0,12.0,23.0,18.0,-5.0,60.0,100.0,40.0,40.0,unknown_man_word,dominant_woman_wins,Unknown_ManWord_ManWins,Dominant_WomanWins,B,A,0,0.2,31.318,14.107,8.408,M,incorrect,weak,Failure,1,1,1,1,1,5,5,1,Male,1,0,Female,55.0,White,1,1,0,0,0,17.3235,9.6642
R_5U0gOtJgPKJrQGy,5eb3935fd0e02317909c5f32,2026-03-28T03:23:37Z,2026-03-28T03:27:43Z,246.0,M_correct_weak,Male,5d951ede9b6f880018f63b6e,56.0,91.0,20.0,13.0,-7.0,10.0,9.0,-1.0,1.0,split_unknowns,close_woman_wins,SplitUnknowns_ManWins,Close_WomanWins,B,B,1,0.55,29.397,11.325,4.176,M,correct,weak,Success,1,1,1,1,1,5,5,1,,0,1,Non-binary,35.0,White,0,1,0,1,0,-32.6765,-10.3358
R_13fM1uQLD1q90Zz,60714361f47701ab73535ae8,2026-03-28T03:38:48Z,2026-03-28T03:45:49Z,420.0,M_incorrect_weak,Male,5ced8f96a726ed0015d31452,43.0,1.0,21.0,13.0,-8.0,20.0,1.0,-19.0,19.0,identical_woman_woman,dominant_man_wins,Identical_WomanWoman_Bwins,Dominant_ManWins,B,A,0,0.4,29.256,10.701,9.537,M,incorrect,weak,Failure,1,1,1,1,1,5,5,1,,0,1,Female,54.0,White,0,1,0,0,0,-22.6765,8.6642
R_1t0nxU9ZPKDMtMd,622f7f35376a1f92763ddbe2,2026-03-28T04:03:33Z,2026-03-28T04:14:59Z,686.0,W_correct_strong,Female,66200b032829f40f3664afdf,7.0,2.0,79.0,71.0,-8.0,90.0,90.0,0.0,0.0,dominant_woman_wins,unknown_man_word,Dominant_WomanWins,Unknown_ManWord_ManWins,A,A,1,0.95,92.058,26.725,13.652,W,correct,strong,Success,1,1,1,1,1,5,5,1,Female,1,0,Female,71.0,White,1,0,1,1,1,47.3235,25.6642
R_15KrsnlE05fgX0x,696a9773a84c5f9d4a930874,2026-03-28T04:13:05Z,2026-03-28T04:20:08Z,423.0,M_correct_strong,Male,6596d692ac956830b68776e0,8.0,6.0,77.0,68.0,-9.0,60.0,60.0,0.0,0.0,dominant_man_wins,misleading_woman_looks_better,Dominant_ManWins,ObviousFails_WomanLooksBetter,A,A,1,0.8,12.524,37.425,14.941,M,correct,strong,Success,1,1,1,1,1,5,5,1,Male,1,0,Male,29.0,Black,1,0,0,1,1,17.3235,-16.3358
R_6plBoGZXaveBhz5,5ed856ab1f4a23368be98b1a,2026-03-28T04:17:11Z,2026-03-28T04:24:51Z,460.0,W_correct_strong,Female,611341c34be95409850e4341,5.0,5.0,82.0,74.0,-8.0,60.0,20.0,-40.0,40.0,dominant_woman_wins,misleading_woman_looks_better,Dominant_WomanWins,ObviousFails_WomanLooksBetter,A,A,1,0.8,51.013,29.023,9.71,W,correct,strong,Success,1,1,1,1,1,5,5,1,Female,1,0,Non-binary,25.0,White,1,1,1,1,1,17.3235,-20.3358
R_1CjZlIGoNCYOmAt,65f08b5479f172bd6781d1d8,2026-03-28T04:19:53Z,2026-03-28T04:25:51Z,358.0,W_incorrect_strong,Female,5fab34d5e971f1617667232e,94.0,1.0,80.0,69.0,-11.0,100.0,75.0,-25.0,25.0,unknown_woman_gk,dominant_woman_wins,Unknown_WomanGK_ManWins,Dominant_WomanWins,A,B,0,0.0,15.505,8.107,7.641,W,incorrect,strong,Failure,1,1,1,1,1,5,5,1,Female,1,0,Female,49.0,White,1,1,1,0,1,57.3235,3.6642
R_3n8RACf7gV78Hqj,66dacbf67ea6c959464494d2,2026-03-28T04:24:39Z,2026-03-28T04:33:16Z,516.0,M_incorrect_weak,Male,629186f7e2f20297ead170be,56.0,1.0,20.0,11.0,-9.0,0.0,0.0,0.0,0.0,close_woman_wins,dominant_man_wins,Close_WomanWins,Dominant_ManWins,A,B,0,0.5,22.844,6.873,6.523,M,incorrect,weak,Failure,1,1,1,1,1,5,5,1,Female,0,0,Female,50.0,White,0,0,0,0,0,-42.6765,4.6642
R_7Ja3Kc64LqgikX7,5dd396e15a40f2398c38e0e7,2026-03-28T04:32:33Z,2026-03-28T04:40:03Z,449.0,W_correct_weak,Female,66ccca31c45aad520357f3fb,52.0,1.0,13.0,22.0,9.0,0.0,100.0,100.0,100.0,identical_woman_woman,misleading_woman_looks_better,Identical_WomanWoman_Bwins,ObviousFails_WomanLooksBetter,B,B,1,0.5,36.239,10.363,9.837,W,correct,weak,Success,1,1,1,1,1,5,5,1,Female,1,0,Female,56.0,White,1,1,1,1,0,-42.6765,10.6642
R_68HNnEn7zwQpfaN,5ffe3f18adbaca4ddb7e4006,2026-03-28T04:56:42Z,2026-03-28T05:02:48Z,365.0,M_incorrect_weak,Male,5e5731e3e1e8b90e25c1f3a2,45.0,11.0,18.0,29.0,11.0,10.0,55.0,45.0,45.0,split_unknowns,misleading_man_looks_better,SplitUnknowns_ManWins,ObviousFails_ManLooksBetter,B,A,0,0.45,40.361,10.891,16.601,M,incorrect,weak,Failure,1,1,1,1,1,5,5,1,Male,1,0,Female,54.0,White,1,1,0,0,0,-32.6765,8.6642
R_70TzLiccaE3d621,6311bd7a3e9ae0bf105608fd,2026-03-28T04:58:19Z,2026-03-28T05:10:00Z,701.0,W_incorrect_weak,Female,5eb02a40b17a8c0868685d32,42.0,9.0,23.0,12.0,-11.0,75.0,0.0,-75.0,75.0,unknown_man_word,dominant_woman_wins,Unknown_ManWord_ManWins,Dominant_WomanWins,B,A,0,0.13,56.943,8.196,11.296,W,incorrect,weak,Failure,1,1,1,1,1,5,5,1,Female,1,0,Male,44.0,Hispanic,1,1,1,0,0,32.3235,-1.3358
R_1hDCG8YSxi85zB3,6643e62d0b29ef525a53e94e,2026-03-28T04:54:22Z,2026-03-28T05:16:11Z,1309.0,M_correct_strong,Male,561bbdf9811d22000df3138a,6.0,13.0,80.0,85.0,5.0,55.0,90.0,35.0,35.0,dominant_man_wins,dominant_woman_wins,Dominant_ManWins,Dominant_WomanWins,A,A,1,0.78,401.225,112.632,16.59,M,correct,strong,Success,1,1,1,1,1,5,5,1,,0,1,Female,33.0,Asian,0,1,0,1,1,12.3235,-12.3358
R_32KdAneA5cmmHqP,5c6709ab926a5b0001eb29c1,2026-03-28T05:13:01Z,2026-03-28T05:22:12Z,550.0,W_correct_weak,Female,66db9db4324609f1a7231f49,57.0,1.0,21.0,29.0,8.0,70.0,85.0,15.0,15.0,identical_woman_woman,dominant_man_wins,Identical_WomanWoman_Bwins,Dominant_ManWins,B,B,1,0.85,51.111,10.395,7.318,W,correct,weak,Success,1,1,1,1,1,5,5,1,Female,1,0,Female,38.0,White,1,1,1,1,0,27.3235,-7.3358
R_1C70hrOJfdSEa8K,66043087e6f547531945bb3f,2026-03-28T05:18:03Z,2026-03-28T05:24:35Z,392.0,M_incorrect_weak,Male,66956649d7179281d46fa6f2,48.0,5.0,13.0,18.0,5.0,40.0,0.0,-40.0,40.0,unknown_man_word,dominant_woman_wins,Unknown_ManWord_ManWins,Dominant_WomanWins,B,A,0,0.3,10.821,19.893,33.198,M,incorrect,weak,Failure,1,1,1,1,1,5,5,1,Female,0,0,Female,30.0,White,0,1,0,0,0,-2.6765,-15.3358
R_6OkHfKWtMfeEdo4,695ff63580d6ce826e06277f,2026-03-28T05:36:22Z,2026-03-28T05:43:18Z,415.0,W_correct_strong,Female,6632944bbc110f7862810d5a,2.0,4.0,87.0,81.0,-6.0,100.0,29.0,-71.0,71.0,man_vs_man,dominant_woman_wins,ManVsMan_Awins,Dominant_WomanWins,A,A,1,1.0,22.727,14.945,11.742,W,correct,strong,Success,1,1,1,1,1,5,5,1,Female,1,0,Male,40.0,White,1,1,1,1,1,57.3235,-5.3358
R_6P2b42d10W6Gl4M,55cb7fdafdf99b3c26ae4d4a,2026-03-28T05:46:09Z,2026-03-28T05:55:54Z,584.0,W_incorrect_weak,Female,677c314658f46f3c0f19ba34,56.0,22.0,20.0,27.0,7.0,12.0,35.0,23.0,23.0,close_woman_wins,man_vs_man,Close_WomanWins,ManVsMan_Awins,A,B,0,0.44,23.121,3.392,2.262,W,incorrect,weak,Failure,1,1,1,1,1,5,5,1,Female,1,0,Female,30.0,Asian,1,1,1,0,0,-30.6765,-15.3358
R_3GWCHZl5Q1UR7CQ,60901816d52378c69c140607,2026-03-28T05:46:59Z,2026-03-28T06:00:16Z,796.0,W_incorrect_strong,Female,66d9d8108156d32cbe34ee6f,8.0,10.0,77.0,85.0,8.0,50.0,100.0,50.0,50.0,misleading_woman_looks_better,man_vs_man,ObviousFails_WomanLooksBetter,ManVsMan_Awins,B,A,0,0.25,64.514,12.791,10.046,W,incorrect,strong,Failure,1,1,1,1,1,5,5,1,Female,1,0,Female,35.0,Black,1,1,1,0,1,7.3235,-10.3358
R_3Yn5yS4iJeN3dpH,67be1d86f01089f6bc1677f1,2026-03-28T05:59:12Z,2026-03-28T06:12:06Z,774.0,W_incorrect_strong,Female,5fab34d5e971f1617667232e,94.0,1.0,80.0,69.0,-11.0,80.0,10.0,-70.0,70.0,unknown_woman_gk,dominant_woman_wins,Unknown_WomanGK_ManWins,Dominant_WomanWins,A,B,0,0.1,29.629,45.364,30.417,W,incorrect,strong,Failure,1,1,1,1,1,5,5,1,Female,1,0,Male,64.0,White,1,1,1,0,1,37.3235,18.6642
R_5QuiBPPMX4uczXC,668c6c4fb184937d7728fbee,2026-03-28T07:09:39Z,2026-03-28T07:18:30Z,531.0,W_incorrect_strong,Female,67e188720841b364cd463eaa,7.0,2.0,79.0,88.0,9.0,60.0,70.0,10.0,10.0,misleading_man_looks_better,dominant_woman_wins,ObviousFails_ManLooksBetter,Dominant_WomanWins,B,A,0,0.2,38.616,12.278,7.195,W,incorrect,strong,Failure,1,1,1,1,1,5,5,1,Female,1,0,Female,24.0,Black,1,1,1,0,1,17.3235,-21.3358
R_734b5o6z81YrQud,5d4c7d1a2a25e5000114cf3b,2026-03-28T07:31:58Z,2026-03-28T07:40:40Z,521.0,M_correct_weak,Male,6750f7eb7c60e2b2c22aeaea,57.0,5.0,21.0,12.0,-9.0,10.0,15.0,5.0,5.0,split_unknowns,misleading_woman_looks_better,SplitUnknowns_ManWins,ObviousFails_WomanLooksBetter,B,B,1,0.55,33.956,34.216,14.528,M,correct,weak,Success,1,1,1,1,1,5,5,1,,0,1,Female,62.0,White,0,1,0,1,0,-32.6765,16.6642
R_7sp6ZqTrrKxtAXf,559cc7e3fdf99b66d8b28f88,2026-03-28T08:04:21Z,2026-03-28T08:10:20Z,359.0,W_incorrect_weak,Female,671165ce01cd9c2699b90dc1,47.0,6.0,15.0,26.0,11.0,0.0,0.0,0.0,0.0,identical_woman_woman,misleading_man_looks_better,Identical_WomanWoman_Bwins,ObviousFails_ManLooksBetter,B,A,0,0.5,35.308,18.679,13.758,W,incorrect,weak,Failure,1,1,1,1,1,5,5,1,Female,1,0,Male,58.0,White,1,0,1,0,0,-42.6765,12.6642
R_5EZVQJQg7Til0SB,5ce4eea02210eb0017870791,2026-03-28T08:06:33Z,2026-03-28T08:13:58Z,444.0,W_correct_strong,Female,66200b032829f40f3664afdf,7.0,2.0,79.0,85.0,6.0,80.0,80.0,0.0,0.0,dominant_woman_wins,unknown_man_word,Dominant_WomanWins,Unknown_ManWord_ManWins,A,A,1,0.9,30.751,16.58,19.246,W,correct,strong,Success,1,1,1,1,1,5,5,1,Female,1,0,Female,47.0,White,1,0,1,1,1,37.3235,1.6642
R_5ugvnF0eXFE2zZL,6677d6717517a30156ec9a88,2026-03-28T08:36:36Z,2026-03-28T08:49:08Z,752.0,M_incorrect_strong,Male,6745f39f437c441b19285a1a,4.0,4.0,84.0,76.0,-8.0,100.0,80.0,-20.0,20.0,misleading_man_looks_better,dominant_woman_wins,ObviousFails_ManLooksBetter,Dominant_WomanWins,B,A,0,0.0,128.853,24.481,21.096,M,incorrect,strong,Failure,1,1,1,1,1,5,5,1,Male,1,0,Female,55.0,Hispanic,1,1,0,0,1,57.3235,9.6642
R_5qVc52G8oRgw0ch,663442d7d93b6a44b72baf84,2026-03-28T08:35:48Z,2026-03-28T08:51:03Z,915.0,W_incorrect_weak,Female,61496cada4d62f06804fa610,45.0,4.0,18.0,12.0,-6.0,15.0,15.0,0.0,0.0,identical_woman_woman,dominant_man_wins,Identical_WomanWoman_Bwins,Dominant_ManWins,B,A,0,0.42,110.442,27.597,34.268,W,incorrect,weak,Failure,1,1,1,1,1,5,5,1,Female,1,0,Female,52.0,White,1,0,1,0,0,-27.6765,6.6642
R_7X0XAEqhdoRHxX4,652177a98948564c40f43f99,2026-03-28T09:11:46Z,2026-03-28T09:21:00Z,554.0,W_incorrect_weak,Female,63d5b810f3dbbd11e7e65870,48.0,98.0,13.0,10.0,-3.0,40.0,20.0,-20.0,20.0,misleading_woman_looks_better,close_woman_wins,ObviousFails_WomanLooksBetter,Close_WomanWins,B,A,0,0.3,38.63,19.894,16.092,W,incorrect,weak,Failure,1,1,1,1,1,5,5,1,,0,1,Female,46.0,Asian,0,1,1,0,0,-2.6765,0.6642
R_5pPrfBsS7xFYnti,5b133bba30d562000155dc2e,2026-03-28T09:46:04Z,2026-03-28T09:53:20Z,435.0,W_correct_strong,Female,67ddbba0fa5e1ce984f9fb87,1.0,93.0,88.0,90.0,2.0,50.0,60.0,10.0,10.0,dominant_woman_wins,dominant_man_wins,Dominant_WomanWins,Dominant_ManWins,A,A,1,0.75,35.503,11.907,10.711,W,correct,strong,Success,1,1,1,1,1,5,5,1,Female,1,0,Female,46.0,White,1,1,1,1,1,7.3235,0.6642
R_1CK6xc5vKQfERRj,6619f473b17fea936396e604,2026-03-28T10:39:39Z,2026-03-28T10:44:47Z,307.0,M_correct_strong,Male,59e7477e3e4b5a00016aa4d2,4.0,1.0,84.0,77.0,-7.0,0.0,100.0,100.0,100.0,man_vs_man,split_unknowns,ManVsMan_Awins,SplitUnknowns_ManWins,A,A,1,0.5,21.717,6.987,4.476,M,correct,strong,Success,1,1,1,1,1,5,5,1,Male,1,0,Female,43.0,White,1,1,0,1,1,-42.6765,-2.3358
R_6EQnQJ1gOJDTUl3,5b036a88c66dc600019803b3,2026-03-28T12:07:35Z,2026-03-28T12:13:04Z,329.0,M_incorrect_weak,Male,66956649d7179281d46fa6f2,48.0,5.0,13.0,22.0,9.0,0.0,0.0,0.0,0.0,unknown_man_word,dominant_woman_wins,Unknown_ManWord_ManWins,Dominant_WomanWins,B,A,0,0.5,28.222,4.18,4.709,M,incorrect,weak,Failure,1,1,1,1,1,5,5,1,Male,1,0,Male,30.0,Asian,1,0,0,0,0,-42.6765,-15.3358
R_5rij2WDwyHcKvrs,64d5200af8a61b7cb720b708,2026-03-28T12:28:53Z,2026-03-28T12:34:16Z,323.0,W_incorrect_strong,Female,641386b1cb9a9c1e3569d4ee,3.0,2.0,85.0,80.0,-5.0,25.0,100.0,75.0,75.0,misleading_woman_looks_better,dominant_woman_wins,ObviousFails_WomanLooksBetter,Dominant_WomanWins,B,A,0,0.38,28.074,6.737,7.851,W,incorrect,strong,Failure,1,1,1,1,1,5,5,1,Female,1,0,Male,57.0,White,1,1,1,0,1,-17.6765,11.6642
R_3Jqi8pblkMRy935,67e3f1025293c35616d6e544,2026-03-28T12:48:26Z,2026-03-28T13:00:42Z,736.0,M_incorrect_weak,Male,5f2f03deec679e2cf4a992e6,46.0,6.0,16.0,10.0,-6.0,39.0,80.0,41.0,41.0,identical_woman_woman,dominant_man_wins,Identical_WomanWoman_Bwins,Dominant_ManWins,B,A,0,0.3,20.094,22.586,5.047,M,incorrect,weak,Failure,1,1,1,1,1,5,5,1,,0,1,Male,22.0,Black,0,1,0,0,0,-3.6765,-23.3358
R_3r93XefPQAI3B1n,5fc7a6aaa7646c0009521161,2026-03-28T13:16:29Z,2026-03-28T13:21:11Z,282.0,W_correct_weak,Female,66ccca31c45aad520357f3fb,52.0,1.0,13.0,19.0,6.0,12.0,20.0,8.0,8.0,identical_woman_woman,misleading_woman_looks_better,Identical_WomanWoman_Bwins,ObviousFails_WomanLooksBetter,B,B,1,0.56,26.134,14.535,6.781,W,correct,weak,Success,1,1,1,1,1,5,5,1,,0,1,Male,54.0,White,0,1,1,1,0,-30.6765,8.6642
R_6EUWKg89GvTDUul,65ee154afdaf7eac7d0144c0,2026-03-28T13:17:51Z,2026-03-28T13:21:34Z,222.0,W_correct_strong,Female,61033627c32742424aeaaac1,3.0,3.0,85.0,90.0,5.0,80.0,100.0,20.0,20.0,dominant_woman_wins,misleading_woman_looks_better,Dominant_WomanWins,ObviousFails_WomanLooksBetter,A,A,1,0.9,15.697,4.04,3.12,W,correct,strong,Success,1,1,1,1,1,5,5,1,,0,1,Female,41.0,White,0,1,1,1,1,37.3235,-4.3358
R_3DLuqAfi5eDwCNH,63ecea8502b357005ab3311a,2026-03-28T13:28:07Z,2026-03-28T13:39:18Z,670.0,W_incorrect_strong,Female,5fab34d5e971f1617667232e,94.0,1.0,80.0,87.0,7.0,30.0,10.0,-20.0,20.0,unknown_woman_gk,dominant_woman_wins,Unknown_WomanGK_ManWins,Dominant_WomanWins,A,B,0,0.35,68.203,25.998,21.839,W,incorrect,strong,Failure,1,1,1,1,1,5,5,1,,0,1,Female,50.0,White,0,1,1,0,1,-12.6765,4.6642
R_7evHreW31fncfi9,6413634f9d315afcde51553b,2026-03-28T13:35:24Z,2026-03-28T13:41:00Z,335.0,W_incorrect_weak,Female,558b20eefdf99b7dfdbac3c9,43.0,76.0,21.0,12.0,-9.0,0.0,0.0,0.0,0.0,misleading_woman_looks_better,unknown_woman_gk,ObviousFails_WomanLooksBetter,Unknown_WomanGK_ManWins,B,A,0,0.5,32.021,10.54,12.243,W,incorrect,weak,Failure,1,1,1,1,1,5,5,1,Female,1,0,Male,70.0,White,1,0,1,0,0,-42.6765,24.6642
R_11dmrbnOkKr31eW,640251127760d333fdfa7bb8,2026-03-28T13:48:25Z,2026-03-28T13:53:48Z,322.0,W_incorrect_strong,Female,641386b1cb9a9c1e3569d4ee,3.0,2.0,85.0,78.0,-7.0,0.0,0.0,0.0,0.0,misleading_woman_looks_better,dominant_woman_wins,ObviousFails_WomanLooksBetter,Dominant_WomanWins,B,A,0,0.5,19.288,9.064,9.859,W,incorrect,strong,Failure,1,1,1,1,1,5,5,1,Female,1,0,Male,52.0,White,1,0,1,0,1,-42.6765,6.6642
R_61hjaMrTrCDmAmb,5fb2041681fe9376804e1249,2026-03-28T13:54:07Z,2026-03-28T14:00:09Z,362.0,W_incorrect_strong,Female,67e188720841b364cd463eaa,7.0,2.0,79.0,74.0,-5.0,0.0,50.0,50.0,50.0,misleading_man_looks_better,dominant_woman_wins,ObviousFails_ManLooksBetter,Dominant_WomanWins,B,A,0,0.5,5.43,12.505,3.247,W,incorrect,strong,Failure,1,1,1,1,1,5,5,1,Female,1,0,Female,43.0,Asian,1,1,1,0,1,-42.6765,-2.3358
R_15M6CB2gDpmKKWZ,63f8aeb6c9098e0ef3bf3553,2026-03-28T13:55:28Z,2026-03-28T14:02:22Z,413.0,W_incorrect_strong,Female,65cce024500351e8c8f7ff26,2.0,6.0,87.0,90.0,3.0,75.0,87.0,12.0,12.0,misleading_woman_looks_better,dominant_woman_wins,ObviousFails_WomanLooksBetter,Dominant_WomanWins,B,A,0,0.13,24.432,8.751,5.372,W,incorrect,strong,Failure,1,1,1,1,1,5,5,1,Female,1,0,Female,56.0,White,1,1,1,0,1,32.3235,10.6642
R_77IRAJdaBN9C1xf,602fd11faa844cd2d0fd5818,2026-03-28T14:12:09Z,2026-03-28T14:21:48Z,579.0,M_correct_strong,Male,670d816961bebcb45b53b929,1.0,1.0,88.0,80.0,-8.0,50.0,50.0,0.0,0.0,dominant_woman_wins,misleading_man_looks_better,Dominant_WomanWins,ObviousFails_ManLooksBetter,A,A,1,0.75,124.641,50.961,9.964,M,correct,strong,Success,1,1,1,1,1,5,5,1,Male,1,0,Male,33.0,White,1,0,0,1,1,7.3235,-12.3358
R_31boNAWgmHs2EcV,65254790f0aa171541706462,2026-03-28T14:42:30Z,2026-03-28T14:47:34Z,303.0,W_incorrect_strong,Female,67e188720841b364cd463eaa,7.0,2.0,79.0,68.0,-11.0,50.0,50.0,0.0,0.0,misleading_man_looks_better,dominant_woman_wins,ObviousFails_ManLooksBetter,Dominant_WomanWins,B,A,0,0.25,22.719,9.001,7.991,W,incorrect,strong,Failure,1,1,1,1,1,5,5,1,Female,1,0,Male,69.0,White,1,0,1,0,1,7.3235,23.6642
R_1mGx3OtsW3NV00F,695fcd69c6fe6570b30efb65,2026-03-28T14:47:06Z,2026-03-28T14:51:22Z,256.0,W_correct_strong,Female,67ddbba0fa5e1ce984f9fb87,1.0,93.0,88.0,90.0,2.0,75.0,75.0,0.0,0.0,dominant_woman_wins,dominant_man_wins,Dominant_WomanWins,Dominant_ManWins,A,A,1,0.88,19.021,12.0,5.58,W,correct,strong,Success,1,1,1,1,1,5,5,1,Female,1,0,Female,31.0,White,1,0,1,1,1,32.3235,-14.3358
R_3nT6Qt9dXOrmUh0,655fa55ae220887674baf9d6,2026-03-28T14:44:05Z,2026-03-28T14:52:11Z,485.0,W_incorrect_weak,Female,677c314658f46f3c0f19ba34,56.0,22.0,20.0,12.0,-8.0,11.0,13.0,2.0,2.0,close_woman_wins,man_vs_man,Close_WomanWins,ManVsMan_Awins,A,B,0,0.45,12.081,7.729,3.95,W,incorrect,weak,Failure,1,1,1,1,1,5,5,1,Female,1,0,Female,30.0,Black,1,1,1,0,0,-31.6765,-15.3358
R_5B2Pey82ZyIIIcm,568f260a7d961b000d96976c,2026-03-28T14:59:51Z,2026-03-28T15:09:10Z,558.0,W_incorrect_strong,Female,641386b1cb9a9c1e3569d4ee,3.0,2.0,85.0,90.0,5.0,55.0,46.0,-9.0,9.0,misleading_woman_looks_better,dominant_woman_wins,ObviousFails_WomanLooksBetter,Dominant_WomanWins,B,A,0,0.22,44.253,18.943,6.337,W,incorrect,strong,Failure,1,1,1,1,1,5,5,1,Female,1,0,Male,33.0,Black,1,1,1,0,1,12.3235,-12.3358
R_7WuKhpc5KViAPsD,6637aec5d6d06fd808983c9d,2026-03-28T15:05:40Z,2026-03-28T15:11:17Z,336.0,M_correct_strong,Male,670d816961bebcb45b53b929,1.0,1.0,88.0,90.0,2.0,20.0,25.0,5.0,5.0,dominant_woman_wins,misleading_man_looks_better,Dominant_WomanWins,ObviousFails_ManLooksBetter,A,A,1,0.6,27.908,13.59,3.401,M,correct,strong,Success,1,1,1,1,1,5,5,1,Male,1,0,Male,53.0,White,1,1,0,1,1,-22.6765,7.6642
R_1Lv5OMkkdKZSGqE,611fdc5198d73025ce65dcd3,2026-03-28T15:06:04Z,2026-03-28T15:12:31Z,386.0,W_correct_strong,Female,611341c34be95409850e4341,5.0,5.0,82.0,73.0,-9.0,75.0,60.0,-15.0,15.0,dominant_woman_wins,misleading_woman_looks_better,Dominant_WomanWins,ObviousFails_WomanLooksBetter,A,A,1,0.88,30.5,14.325,8.727,W,correct,strong,Success,1,1,1,1,1,5,5,1,Male,0,0,Male,55.0,White,0,1,1,1,1,32.3235,9.6642
R_3nqKLXRWIdbECUm,5e3dd95e5ed1320527366aae,2026-03-28T15:08:34Z,2026-03-28T15:15:13Z,398.0,W_incorrect_weak,Female,5eb02a40b17a8c0868685d32,42.0,9.0,23.0,11.0,-12.0,25.0,25.0,0.0,0.0,unknown_man_word,dominant_woman_wins,Unknown_ManWord_ManWins,Dominant_WomanWins,B,A,0,0.38,26.14,7.817,5.427,W,incorrect,weak,Failure,1,1,1,1,1,5,5,1,Female,1,0,Female,40.0,White,1,0,1,0,0,-17.6765,-5.3358
R_5rOrEkhHkm7VcJJ,672166c613ae45d2990702b6,2026-03-28T15:18:20Z,2026-03-28T15:23:34Z,314.0,M_correct_strong,Male,6596d692ac956830b68776e0,8.0,6.0,77.0,86.0,9.0,50.0,50.0,0.0,0.0,dominant_man_wins,misleading_woman_looks_better,Dominant_ManWins,ObviousFails_WomanLooksBetter,A,A,1,0.75,19.208,9.482,5.103,M,correct,strong,Success,1,1,1,1,1,5,5,1,Male,1,0,Female,38.0,Black,1,0,0,1,1,7.3235,-7.3358
R_8kn8isxHNtek3Lf,5d25336d3e31ad0016186262,2026-03-28T15:46:27Z,2026-03-28T15:51:34Z,307.0,W_correct_strong,Female,6632944bbc110f7862810d5a,2.0,4.0,87.0,77.0,-10.0,100.0,100.0,0.0,0.0,man_vs_man,dominant_woman_wins,ManVsMan_Awins,Dominant_WomanWins,A,A,1,1.0,16.891,23.108,15.438,W,correct,strong,Success,1,1,1,1,1,5,5,1,Male,0,0,Male,65.0,White,0,0,1,1,1,57.3235,19.6642
R_7pCX3I20v5CWyul,5b707a406f0ed10001bfb973,2026-03-28T15:53:45Z,2026-03-28T15:58:57Z,311.0,M_correct_strong,Male,561bbdf9811d22000df3138a,6.0,13.0,80.0,85.0,5.0,50.0,50.0,0.0,0.0,dominant_man_wins,dominant_woman_wins,Dominant_ManWins,Dominant_WomanWins,A,A,1,0.75,17.582,13.681,10.566,M,correct,strong,Success,1,1,1,1,1,5,5,1,Male,1,0,Female,39.0,White,1,0,0,1,1,7.3235,-6.3358
R_79q7JkAbAko89hf,654c1c56d6753c97aee29f70,2026-03-28T15:55:40Z,2026-03-28T16:01:14Z,333.0,W_correct_weak,Female,66e7853b4e311a12f93b5411,42.0,2.0,23.0,17.0,-6.0,2.0,0.0,-2.0,2.0,close_woman_wins,dominant_woman_wins,Close_WomanWins,Dominant_WomanWins,A,A,1,0.51,24.739,9.381,5.567,W,correct,weak,Success,1,1,1,1,1,5,5,1,Female,1,0,Non-binary,61.0,White,1,1,1,1,0,-40.6765,15.6642
R_1lXEgo0jyabAwVl,63bc87f783afb5aed2c937d2,2026-03-28T16:04:13Z,2026-03-28T16:15:46Z,693.0,W_incorrect_weak,Female,5eb02a40b17a8c0868685d32,42.0,9.0,23.0,31.0,8.0,50.0,100.0,50.0,50.0,unknown_man_word,dominant_woman_wins,Unknown_ManWord_ManWins,Dominant_WomanWins,B,A,0,0.25,55.812,30.864,19.12,W,incorrect,weak,Failure,1,1,1,1,1,5,5,1,Female,1,0,Male,28.0,White,1,1,1,0,0,7.3235,-17.3358
R_7CrAYX0axDoH4zS,655f915c87dc5be942a6053c,2026-03-28T16:15:05Z,2026-03-28T16:23:09Z,483.0,W_incorrect_weak,Female,677c314658f46f3c0f19ba34,56.0,22.0,20.0,14.0,-6.0,0.0,0.0,0.0,0.0,close_woman_wins,man_vs_man,Close_WomanWins,ManVsMan_Awins,A,B,0,0.5,21.473,5.293,3.478,W,incorrect,weak,Failure,1,1,1,1,1,5,5,1,Female,1,0,Non-binary,21.0,Black,1,0,1,0,0,-42.6765,-24.3358
R_7WS8aevazlGo5XQ,669bed74eea03d0e9b06a254,2026-03-28T16:20:54Z,2026-03-28T16:24:23Z,208.0,W_correct_strong,Female,66200b032829f40f3664afdf,7.0,2.0,79.0,71.0,-8.0,15.0,25.0,10.0,10.0,dominant_woman_wins,unknown_man_word,Dominant_WomanWins,Unknown_ManWord_ManWins,A,A,1,0.57,23.514,8.599,9.469,W,correct,strong,Success,1,1,1,1,1,5,5,1,,0,1,Female,58.0,White,0,1,1,1,1,-27.6765,12.6642
R_5VOX7v0EJUSrqTf,614f6bad672ef7cf5ecfd965,2026-03-28T16:20:04Z,2026-03-28T16:26:29Z,385.0,M_correct_strong,Male,570521cfde5095001018a0c8,7.0,90.0,79.0,85.0,6.0,71.0,100.0,29.0,29.0,man_vs_man,unknown_woman_gk,ManVsMan_Awins,Unknown_WomanGK_ManWins,A,A,1,0.85,45.477,13.653,7.04,M,correct,strong,Success,1,1,1,1,1,5,5,1,,0,1,Male,68.0,White,0,1,0,1,1,28.3235,22.6642
R_7G3qD3dUp8eBJ5j,5bff1498ab295e0001737fc4,2026-03-28T16:21:06Z,2026-03-28T16:27:25Z,378.0,M_correct_strong,Male,559c3e07fdf99b32b55f2d8d,3.0,5.0,85.0,80.0,-5.0,100.0,100.0,0.0,0.0,dominant_woman_wins,misleading_woman_looks_better,Dominant_WomanWins,ObviousFails_WomanLooksBetter,A,A,1,1.0,15.618,5.12,11.409,M,correct,strong,Success,1,1,1,1,1,5,5,1,,0,1,Male,28.0,White,0,0,0,1,1,57.3235,-17.3358
R_7nIW0QP6T98vGXK,610c940475aedaf9c70a190e,2026-03-28T16:24:03Z,2026-03-28T16:31:50Z,467.0,M_incorrect_weak,Male,5f2f03deec679e2cf4a992e6,46.0,6.0,16.0,10.0,-6.0,73.0,25.0,-48.0,48.0,identical_woman_woman,dominant_man_wins,Identical_WomanWoman_Bwins,Dominant_ManWins,B,A,0,0.14,26.997,14.372,9.301,M,incorrect,weak,Failure,1,1,1,1,1,5,5,1,Male,1,0,Female,71.0,White,1,1,0,0,0,30.3235,25.6642
R_3QzXiPWHMrgcd7T,671b0e82afffe3d6570b89f5,2026-03-28T16:40:15Z,2026-03-28T16:48:05Z,470.0,M_correct_strong,Male,59e7477e3e4b5a00016aa4d2,4.0,1.0,84.0,90.0,6.0,50.0,50.0,0.0,0.0,man_vs_man,split_unknowns,ManVsMan_Awins,SplitUnknowns_ManWins,A,A,1,0.75,72.963,20.09,8.338,M,correct,strong,Success,1,1,1,1,1,5,5,1,Male,1,0,Female,25.0,White,1,0,0,1,1,7.3235,-20.3358
R_1phd9s1atsCHfD4,6792a9f9b089423d2b613119,2026-03-28T16:48:36Z,2026-03-28T16:53:45Z,309.0,M_correct_weak,Male,566a3e0e7da0350012b3ec49,58.0,1.0,23.0,33.0,10.0,15.0,30.0,15.0,15.0,unknown_man_word,dominant_woman_wins,Unknown_ManWord_ManWins,Dominant_WomanWins,B,B,1,0.57,18.931,6.266,15.913,M,correct,weak,Success,1,1,1,1,1,5,5,1,Male,1,0,Female,68.0,White,1,1,0,1,0,-27.6765,22.6642
R_6NnAVpmOXh5wGUE,65a2ed2dd066aa3cf8568a21,2026-03-28T16:51:16Z,2026-03-28T16:55:30Z,253.0,W_incorrect_weak,Female,65bf99712dfa1f05ee0333c8,46.0,2.0,16.0,10.0,-6.0,77.0,88.0,11.0,11.0,identical_woman_woman,dominant_woman_wins,Identical_WomanWoman_Bwins,Dominant_WomanWins,B,A,0,0.11,21.823,8.474,8.728,W,incorrect,weak,Failure,1,1,1,1,1,5,5,1,Male,0,0,Female,64.0,White,0,1,1,0,0,34.3235,18.6642
R_7KuB4uMluWJzyv8,5a79f14a8fe2dc00010593eb,2026-03-28T17:07:31Z,2026-03-28T17:12:45Z,313.0,M_correct_weak,Male,66bffd8c97a80ac91e1087e0,55.0,1.0,18.0,10.0,-8.0,10.0,30.0,20.0,20.0,unknown_man_word,dominant_woman_wins,Unknown_ManWord_ManWins,Dominant_WomanWins,B,B,1,0.55,38.71,26.708,6.487,M,correct,weak,Success,1,1,1,1,1,5,5,1,Female,0,0,Female,36.0,White,0,1,0,1,0,-32.6765,-9.3358
R_3MPUhk5z2xwzjde,5bf6fc936c445d0001aeba98,2026-03-28T17:21:04Z,2026-03-28T17:25:59Z,294.0,W_correct_strong,Female,66200b032829f40f3664afdf,7.0,2.0,79.0,90.0,11.0,25.0,75.0,50.0,50.0,dominant_woman_wins,unknown_man_word,Dominant_WomanWins,Unknown_ManWord_ManWins,A,A,1,0.63,19.817,7.284,5.158,W,correct,strong,Success,1,1,1,1,1,5,5,1,Male,0,0,Male,45.0,White,0,1,1,1,1,-17.6765,-0.3358
R_5DpR1T6eqaHr2cv,558f226dfdf99b6ebd36218a,2026-03-28T17:13:17Z,2026-03-28T17:26:32Z,795.0,W_correct_strong,Female,6632944bbc110f7862810d5a,2.0,4.0,87.0,90.0,3.0,55.0,67.0,12.0,12.0,man_vs_man,dominant_woman_wins,ManVsMan_Awins,Dominant_WomanWins,A,A,1,0.78,35.243,18.598,9.018,W,correct,strong,Success,1,1,1,1,1,5,5,1,Female,1,0,Male,46.0,White,1,1,1,1,1,12.3235,0.6642
R_13xp3JAuDu5AJuE,62eab7b53494af2a6cb73504,2026-03-28T17:13:23Z,2026-03-28T17:26:58Z,815.0,W_correct_strong,Female,6632944bbc110f7862810d5a,2.0,4.0,87.0,90.0,3.0,70.0,100.0,30.0,30.0,man_vs_man,dominant_woman_wins,ManVsMan_Awins,Dominant_WomanWins,A,A,1,0.85,63.354,24.495,7.322,W,correct,strong,Success,1,1,1,1,1,5,5,1,Female,1,0,Male,36.0,Hispanic,1,1,1,1,1,27.3235,-9.3358
R_71hHymNPPzNZR73,63b5681c49af1cbe651420bc,2026-03-28T17:25:56Z,2026-03-28T17:30:50Z,293.0,W_correct_strong,Female,66200b032829f40f3664afdf,7.0,2.0,79.0,88.0,9.0,15.0,30.0,15.0,15.0,dominant_woman_wins,unknown_man_word,Dominant_WomanWins,Unknown_ManWord_ManWins,A,A,1,0.57,46.196,10.669,5.556,W,correct,strong,Success,1,1,1,1,1,5,5,1,Female,1,0,Female,58.0,White,1,1,1,1,1,-27.6765,12.6642
R_7EWFRFY5xC7vWah,66880bd9fc1509787faaa118,2026-03-28T17:18:36Z,2026-03-28T17:32:32Z,835.0,M_correct_strong,Male,559c3e07fdf99b32b55f2d8d,3.0,5.0,85.0,80.0,-5.0,60.0,75.0,15.0,15.0,dominant_woman_wins,misleading_woman_looks_better,Dominant_WomanWins,ObviousFails_WomanLooksBetter,A,A,1,0.8,124.526,10.325,9.226,M,correct,strong,Success,1,1,1,1,1,5,5,1,Female,0,0,Female,59.0,White,0,1,0,1,1,17.3235,13.6642
R_10ItZRysiWx56Fa,5e84c12eb9041d0815c13165,2026-03-28T17:40:15Z,2026-03-28T17:47:15Z,419.0,W_correct_weak,Female,662945728093113a43ab8077,55.0,75.0,18.0,23.0,5.0,0.0,0.0,0.0,0.0,split_unknowns,unknown_woman_gk,SplitUnknowns_ManWins,Unknown_WomanGK_ManWins,B,B,1,0.5,15.785,9.602,7.474,W,correct,weak,Success,1,1,1,1,1,5,5,1,,0,1,Female,25.0,Asian,0,0,1,1,0,-42.6765,-20.3358
R_7O6Ppnz2ma7iRm8,5ef8c7d9b630670523229373,2026-03-28T17:43:51Z,2026-03-28T17:52:27Z,515.0,M_correct_strong,Male,5e059d2bb1fb05fd1f841142,5.0,5.0,82.0,70.0,-12.0,24.0,15.0,-9.0,9.0,dominant_man_wins,misleading_woman_looks_better,Dominant_ManWins,ObviousFails_WomanLooksBetter,A,A,1,0.62,33.693,26.203,9.14,M,correct,strong,Success,1,1,1,1,1,5,5,1,,0,1,Female,57.0,White,0,1,0,1,1,-18.6765,11.6642
R_1kzUzoZr9ad3LQf,62cd9b920ed1b7c1648818d3,2026-03-28T17:47:08Z,2026-03-28T17:53:15Z,367.0,W_correct_strong,Female,66200b032829f40f3664afdf,7.0,2.0,79.0,85.0,6.0,50.0,50.0,0.0,0.0,dominant_woman_wins,unknown_man_word,Dominant_WomanWins,Unknown_ManWord_ManWins,A,A,1,0.75,50.062,12.984,6.016,W,correct,strong,Success,1,1,1,1,1,5,5,1,Female,1,0,Female,78.0,White,1,0,1,1,1,7.3235,32.6642
R_6GB3B4l1UjzRDWx,5dd35813794e103649612ffd,2026-03-28T17:47:05Z,2026-03-28T17:54:43Z,458.0,M_correct_weak,Male,60ec54c58f88686dadb1a0c9,53.0,6.0,15.0,10.0,-5.0,25.0,30.0,5.0,5.0,split_unknowns,dominant_man_wins,SplitUnknowns_ManWins,Dominant_ManWins,B,B,1,0.63,23.305,9.414,12.006,M,correct,weak,Success,1,1,1,1,1,5,5,1,Male,1,0,Female,58.0,White,1,1,0,1,0,-17.6765,12.6642
R_5B9A4wUUBIrY2m1,67a60aab3179b5e743db2a2b,2026-03-28T17:47:40Z,2026-03-28T17:56:33Z,533.0,M_incorrect_strong,Male,63ecff07b619306f41db42fa,2.0,1.0,87.0,81.0,-6.0,50.0,21.0,-29.0,29.0,misleading_man_looks_better,dominant_woman_wins,ObviousFails_ManLooksBetter,Dominant_WomanWins,B,A,0,0.25,41.948,26.983,10.405,M,incorrect,strong,Failure,1,1,1,1,1,5,5,1,,0,1,Male,67.0,White,0,1,0,0,1,7.3235,21.6642
R_7yfNPfq5LxMOTzE,5d230db3ad94ee001affee7c,2026-03-28T17:47:36Z,2026-03-28T17:58:18Z,641.0,W_incorrect_strong,Female,65cce024500351e8c8f7ff26,2.0,6.0,87.0,77.0,-10.0,87.0,87.0,0.0,0.0,misleading_woman_looks_better,dominant_woman_wins,ObviousFails_WomanLooksBetter,Dominant_WomanWins,B,A,0,0.07,24.693,11.139,5.068,W,incorrect,strong,Failure,1,1,1,1,1,5,5,1,Female,1,0,Male,42.0,White,1,0,1,0,1,44.3235,-3.3358
R_61gzTeZ89LqkQGR,6737de14dd04abff960e1376,2026-03-28T17:54:29Z,2026-03-28T18:07:48Z,798.0,W_incorrect_weak,Female,5eb02a40b17a8c0868685d32,42.0,9.0,23.0,35.0,12.0,50.0,100.0,50.0,50.0,unknown_man_word,dominant_woman_wins,Unknown_ManWord_ManWins,Dominant_WomanWins,B,A,0,0.25,64.113,62.968,16.126,W,incorrect,weak,Failure,1,1,1,1,1,5,5,1,Female,1,0,Female,63.0,White,1,1,1,0,0,7.3235,17.6642
R_7OONE6wLbryQEzn,615bbe1b45c3c2e904778bce,2026-03-28T18:04:31Z,2026-03-28T18:10:19Z,348.0,M_incorrect_weak,Male,5e5731e3e1e8b90e25c1f3a2,45.0,11.0,18.0,24.0,6.0,5.0,5.0,0.0,0.0,split_unknowns,misleading_man_looks_better,SplitUnknowns_ManWins,ObviousFails_ManLooksBetter,B,A,0,0.47,30.454,19.761,4.768,M,incorrect,weak,Failure,1,1,1,1,1,5,5,1,,0,1,Female,22.0,Hispanic,0,0,0,0,0,-37.6765,-23.3358
R_76wrArcoLIrSyQN,662fb80a4da196677a2d2a16,2026-03-28T18:04:48Z,2026-03-28T18:17:23Z,754.0,M_incorrect_strong,Male,62877d5f6a054e53313ac916,97.0,99.0,85.0,78.0,-7.0,50.0,25.0,-25.0,25.0,man_vs_man,split_unknowns,ManVsMan_Awins,SplitUnknowns_ManWins,A,B,0,0.25,32.244,28.516,34.831,M,incorrect,strong,Failure,1,1,1,1,1,5,5,1,,0,1,Male,62.0,White,0,1,0,0,1,7.3235,16.6642
R_6CZF9hNfgxprPPi,60d13d406f3b34d6791c8831,2026-03-28T17:59:30Z,2026-03-28T18:19:51Z,1221.0,M_correct_strong,Male,59e7477e3e4b5a00016aa4d2,4.0,1.0,84.0,76.0,-8.0,30.0,29.0,-1.0,1.0,man_vs_man,split_unknowns,ManVsMan_Awins,SplitUnknowns_ManWins,A,A,1,0.65,16.126,9.81,7.759,M,correct,strong,Success,1,1,1,1,1,5,5,1,Male,1,0,Male,29.0,White,1,1,0,1,1,-12.6765,-16.3358
R_7FPgdsZl6hUjWn6,5ed59b175d4222135fddf229,2026-03-28T18:16:03Z,2026-03-28T18:21:31Z,327.0,M_incorrect_weak,Male,612962f44f151ddfd0298c52,42.0,12.0,23.0,15.0,-8.0,30.0,14.0,-16.0,16.0,unknown_man_word,dominant_woman_wins,Unknown_ManWord_ManWins,Dominant_WomanWins,B,A,0,0.35,30.805,20.078,24.531,M,incorrect,weak,Failure,1,1,1,1,1,5,5,1,,0,1,Male,53.0,White,0,1,0,0,0,-12.6765,7.6642
R_7jJTzhgyMGhxoMB,654e20c7db82288d74898c8f,2026-03-28T18:33:09Z,2026-03-28T18:41:38Z,508.0,W_correct_weak,Female,5b81e0a72ce68d0001fa68d5,56.0,12.0,20.0,31.0,11.0,100.0,100.0,0.0,0.0,split_unknowns,dominant_man_wins,SplitUnknowns_ManWins,Dominant_ManWins,B,B,1,1.0,39.05,10.341,10.34,W,correct,weak,Success,1,1,1,1,1,5,5,1,Female,1,0,Female,65.0,White,1,0,1,1,0,57.3235,19.6642
R_3RHcprzcjgq1XlT,675354c455030f7ac6a19d47,2026-03-28T18:29:13Z,2026-03-28T18:42:34Z,801.0,M_correct_weak,Male,641385c88f29eb3264283818,48.0,2.0,13.0,20.0,7.0,0.0,10.0,10.0,10.0,close_woman_wins,dominant_woman_wins,Close_WomanWins,Dominant_WomanWins,A,A,1,0.5,62.463,32.996,17.979,M,correct,weak,Success,1,1,1,1,1,5,5,1,,0,1,Male,45.0,White,0,1,0,1,0,-42.6765,-0.3358
R_63kVB6FbJV4h38Z,66313e95673312ffd7d6a61a,2026-03-28T18:36:01Z,2026-03-28T18:43:07Z,426.0,W_incorrect_strong,Female,67e188720841b364cd463eaa,7.0,2.0,79.0,85.0,6.0,40.0,40.0,0.0,0.0,misleading_man_looks_better,dominant_woman_wins,ObviousFails_ManLooksBetter,Dominant_WomanWins,B,A,0,0.3,20.468,18.112,5.666,W,incorrect,strong,Failure,1,1,1,1,1,5,5,1,,0,1,Male,33.0,Asian,0,0,1,0,1,-2.6765,-12.3358
R_5ceBfU5SYcF6tXC,6733b5e257da4b8525bdcae7,2026-03-28T18:48:32Z,2026-03-28T18:55:20Z,408.0,W_incorrect_weak,Female,65bf99712dfa1f05ee0333c8,46.0,2.0,16.0,10.0,-6.0,0.0,0.0,0.0,0.0,identical_woman_woman,dominant_woman_wins,Identical_WomanWoman_Bwins,Dominant_WomanWins,B,A,0,0.5,35.72,24.562,22.832,W,incorrect,weak,Failure,1,1,1,1,1,5,5,1,Female,1,0,Female,40.0,Black,1,0,1,0,0,-42.6765,-5.3358
R_5j1ZqZNNcdESZyK,5bdbf2d92562330001b8d056,2026-03-28T18:52:49Z,2026-03-28T18:59:35Z,406.0,W_correct_strong,Female,6632944bbc110f7862810d5a,2.0,4.0,87.0,90.0,3.0,100.0,50.0,-50.0,50.0,man_vs_man,dominant_woman_wins,ManVsMan_Awins,Dominant_WomanWins,A,A,1,1.0,17.335,12.571,6.197,W,correct,strong,Success,1,1,1,1,1,5,5,1,Female,1,0,Male,34.0,White,1,1,1,1,1,57.3235,-11.3358
R_1MS6rT2OdLCZs2p,654fd3d72b14d852c7fff2b4,2026-03-28T19:04:07Z,2026-03-28T19:14:13Z,605.0,W_incorrect_strong,Female,5fab34d5e971f1617667232e,94.0,1.0,80.0,85.0,5.0,50.0,100.0,50.0,50.0,unknown_woman_gk,dominant_woman_wins,Unknown_WomanGK_ManWins,Dominant_WomanWins,A,B,0,0.25,50.731,26.308,11.618,W,incorrect,strong,Failure,1,1,1,1,1,5,5,1,,0,1,Female,45.0,White,0,1,1,0,1,7.3235,-0.3358
R_1nMLoiAFtcDUKbv,654a86d08714f739c9fcea21,2026-03-28T19:15:44Z,2026-03-28T19:26:54Z,670.0,W_incorrect_weak,Female,677c314658f46f3c0f19ba34,56.0,22.0,20.0,31.0,11.0,20.0,61.0,41.0,41.0,close_woman_wins,man_vs_man,Close_WomanWins,ManVsMan_Awins,A,B,0,0.4,58.709,26.189,11.17,W,incorrect,weak,Failure,1,1,1,1,1,5,5,1,,0,1,Female,53.0,White,0,1,1,0,0,-22.6765,7.6642
R_7QEbWhg9GPlsqiG,56bfba439f7a1e000afdcba9,2026-03-28T19:29:18Z,2026-03-28T19:34:21Z,303.0,M_incorrect_weak,Male,5e5731e3e1e8b90e25c1f3a2,45.0,11.0,18.0,29.0,11.0,60.0,0.0,-60.0,60.0,split_unknowns,misleading_man_looks_better,SplitUnknowns_ManWins,ObviousFails_ManLooksBetter,B,A,0,0.2,25.652,9.654,7.943,M,incorrect,weak,Failure,1,1,1,1,1,5,5,1,Male,1,0,Female,36.0,White,1,1,0,0,0,17.3235,-9.3358
R_1F3vgJNeW9uVHdn,63e54d97fa5c58916e667110,2026-03-28T19:36:15Z,2026-03-28T19:43:01Z,406.0,M_incorrect_strong,Male,62877d5f6a054e53313ac916,97.0,99.0,85.0,90.0,5.0,85.0,100.0,15.0,15.0,man_vs_man,split_unknowns,ManVsMan_Awins,SplitUnknowns_ManWins,A,B,0,0.08,25.589,13.326,7.128,M,incorrect,strong,Failure,1,1,1,1,1,5,5,1,Male,1,0,Male,41.0,White,1,1,0,0,1,42.3235,-4.3358
R_54BIXpkF2HjlVTP,5c9527e29e4f7400011e1571,2026-03-28T19:38:06Z,2026-03-28T19:44:21Z,375.0,M_correct_strong,Male,670d816961bebcb45b53b929,1.0,1.0,88.0,83.0,-5.0,100.0,100.0,0.0,0.0,dominant_woman_wins,misleading_man_looks_better,Dominant_WomanWins,ObviousFails_ManLooksBetter,A,A,1,1.0,18.327,20.58,11.461,M,correct,strong,Success,1,1,1,1,1,5,5,1,Male,1,0,Female,52.0,White,1,0,0,1,1,57.3235,6.6642
R_7I71t1S9cYUdfDe,604fc38a4de8e6e1e0e0ea7b,2026-03-28T19:40:38Z,2026-03-28T19:47:50Z,431.0,W_correct_strong,Female,66200b032829f40f3664afdf,7.0,2.0,79.0,72.0,-7.0,90.0,85.0,-5.0,5.0,dominant_woman_wins,unknown_man_word,Dominant_WomanWins,Unknown_ManWord_ManWins,A,A,1,0.95,14.328,10.059,8.187,W,correct,strong,Success,1,1,1,1,1,5,5,1,Female,1,0,Female,36.0,Hispanic,1,1,1,1,1,47.3235,-9.3358
R_3DTnvep6ZK0Jxy5,603006ea5f6c24dfc908f835,2026-03-28T19:55:42Z,2026-03-28T20:02:29Z,407.0,M_correct_weak,Male,665e680164927b18554b66ec,51.0,5.0,12.0,21.0,9.0,20.0,80.0,60.0,60.0,identical_woman_woman,misleading_woman_looks_better,Identical_WomanWoman_Bwins,ObviousFails_WomanLooksBetter,B,B,1,0.6,42.715,14.161,9.495,M,correct,weak,Success,1,1,1,1,1,5,5,1,Female,0,0,Female,48.0,White,0,1,0,1,0,-22.6765,2.6642
R_7wBK65nooBL00l3,65271ecf205901c8adac8581,2026-03-28T19:59:05Z,2026-03-28T20:06:24Z,438.0,W_correct_weak,Female,59d7c0f750f88f000161eb21,53.0,19.0,15.0,23.0,8.0,20.0,20.0,0.0,0.0,identical_woman_woman,misleading_man_looks_better,Identical_WomanWoman_Bwins,ObviousFails_ManLooksBetter,B,B,1,0.6,39.38,18.678,17.443,W,correct,weak,Success,1,1,1,1,1,5,5,1,Female,1,0,Non-binary,57.0,White,1,0,1,1,0,-22.6765,11.6642
R_6usuA7xeKcvidF8,67a98bde69857fed20901227,2026-03-28T20:06:55Z,2026-03-28T20:13:06Z,370.0,W_incorrect_strong,Female,66d9d8108156d32cbe34ee6f,8.0,10.0,77.0,69.0,-8.0,41.0,42.0,1.0,1.0,misleading_woman_looks_better,man_vs_man,ObviousFails_WomanLooksBetter,ManVsMan_Awins,B,A,0,0.3,15.009,8.21,4.212,W,incorrect,strong,Failure,1,1,1,1,1,5,5,1,,0,1,Female,50.0,White,0,1,1,0,1,-1.6765,4.6642
R_5n3pkCR25sbvIIS,5e169be613ec50c5903e0978,2026-03-28T20:07:01Z,2026-03-28T20:14:23Z,441.0,M_incorrect_strong,Male,5ee00b8630f30b34f2a5dc1c,6.0,4.0,80.0,72.0,-8.0,25.0,3.0,-22.0,22.0,misleading_man_looks_better,dominant_man_wins,ObviousFails_ManLooksBetter,Dominant_ManWins,B,A,0,0.38,34.002,24.835,13.798,M,incorrect,strong,Failure,1,1,1,1,1,5,5,1,Male,1,0,Male,62.0,American Indian,1,1,0,0,1,-17.6765,16.6642
R_6NbpPHe87uKbhdA,662c0114735b9f2e17f0a8be,2026-03-28T20:13:33Z,2026-03-28T20:18:14Z,280.0,M_incorrect_weak,Male,67aa52dcb66d138fca70a211,49.0,5.0,12.0,10.0,-2.0,100.0,0.0,-100.0,100.0,identical_woman_woman,misleading_man_looks_better,Identical_WomanWoman_Bwins,ObviousFails_ManLooksBetter,B,A,0,0.0,16.792,7.154,14.211,M,incorrect,weak,Failure,1,1,1,1,1,5,5,1,Male,1,0,Non-binary,37.0,White,1,1,0,0,0,57.3235,-8.3358
R_7wiXaKgBrV4eTVh,668f18516826b7151ab685b3,2026-03-28T20:22:05Z,2026-03-28T20:34:37Z,752.0,W_correct_weak,Female,652ecb92078fe073ab29b920,54.0,1.0,16.0,10.0,-6.0,11.0,9.0,-2.0,2.0,identical_woman_woman,dominant_man_wins,Identical_WomanWoman_Bwins,Dominant_ManWins,B,B,1,0.56,48.446,9.967,11.228,W,correct,weak,Success,1,1,1,1,1,5,5,1,Male,0,0,Male,54.0,White,0,1,1,1,0,-31.6765,8.6642
R_7eUyyhmiLajH9Yi,65e14ceb873675f5079a6874,2026-03-28T20:27:34Z,2026-03-28T20:35:57Z,503.0,W_incorrect_weak,Female,5e9f3f09ccc75a0c345e4845,49.0,5.0,12.0,17.0,5.0,0.0,50.0,50.0,50.0,split_unknowns,misleading_woman_looks_better,SplitUnknowns_ManWins,ObviousFails_WomanLooksBetter,B,A,0,0.5,24.674,15.089,6.439,W,incorrect,weak,Failure,1,1,1,1,1,5,5,1,Female,1,0,Male,36.0,White,1,1,1,0,0,-42.6765,-9.3358
R_5Eimww5mdeNh41X,663fc86d16f7bacf9bb69a20,2026-03-28T20:24:28Z,2026-03-28T20:37:21Z,773.0,M_correct_weak,Male,6750f7eb7c60e2b2c22aeaea,57.0,5.0,21.0,15.0,-6.0,40.0,25.0,-15.0,15.0,split_unknowns,misleading_woman_looks_better,SplitUnknowns_ManWins,ObviousFails_WomanLooksBetter,B,B,1,0.7,30.913,26.441,8.438,M,correct,weak,Success,1,1,1,1,1,5,5,1,Male,1,0,Female,33.0,White,1,1,0,1,0,-2.6765,-12.3358
R_1kH6Ju8DHBCtdfV,671f48ecd819545f1b044941,2026-03-28T20:50:09Z,2026-03-28T20:55:13Z,304.0,M_correct_strong,Male,6596d692ac956830b68776e0,8.0,6.0,77.0,82.0,5.0,30.0,35.0,5.0,5.0,dominant_man_wins,misleading_woman_looks_better,Dominant_ManWins,ObviousFails_WomanLooksBetter,A,A,1,0.65,32.491,20.46,5.863,M,correct,strong,Success,1,1,1,1,1,5,5,1,Male,1,0,Male,37.0,Black,1,1,0,1,1,-12.6765,-8.3358
R_3goUxPvNXJGUwYY,5c919a87707ed900018591e3,2026-03-28T20:51:46Z,2026-03-28T20:56:44Z,297.0,W_correct_strong,Female,6632944bbc110f7862810d5a,2.0,4.0,87.0,77.0,-10.0,21.0,10.0,-11.0,11.0,man_vs_man,dominant_woman_wins,ManVsMan_Awins,Dominant_WomanWins,A,A,1,0.6,30.503,14.629,9.324,W,correct,strong,Success,1,1,1,1,1,5,5,1,,0,1,Female,43.0,White,0,1,1,1,1,-21.6765,-2.3358
R_3QDwep28kkQYs2O,646674fd07dbd1dc3889d32e,2026-03-28T20:51:43Z,2026-03-28T20:57:26Z,342.0,M_correct_strong,Male,59e7477e3e4b5a00016aa4d2,4.0,1.0,84.0,90.0,6.0,50.0,60.0,10.0,10.0,man_vs_man,split_unknowns,ManVsMan_Awins,SplitUnknowns_ManWins,A,A,1,0.75,27.204,24.836,17.816,M,correct,strong,Success,1,1,1,1,1,5,5,1,Female,0,0,Female,61.0,White,0,1,0,1,1,7.3235,15.6642
R_1htg1R3HUG3GUCZ,6516d778be0576dd1e3ea11a,2026-03-28T20:50:22Z,2026-03-28T20:59:48Z,565.0,M_correct_weak,Male,66bffd8c97a80ac91e1087e0,55.0,1.0,18.0,11.0,-7.0,0.0,50.0,50.0,50.0,unknown_man_word,dominant_woman_wins,Unknown_ManWord_ManWins,Dominant_WomanWins,B,B,1,0.5,17.681,10.599,7.005,M,correct,weak,Success,1,1,1,1,1,5,5,1,Male,1,0,Male,53.0,White,1,1,0,1,0,-42.6765,7.6642
R_7gUEF0ILzWX7akp,60da4f9aa1ced7efeecca18a,2026-03-28T20:56:28Z,2026-03-28T21:00:19Z,231.0,W_incorrect_strong,Female,65cce024500351e8c8f7ff26,2.0,6.0,87.0,90.0,3.0,70.0,60.0,-10.0,10.0,misleading_woman_looks_better,dominant_woman_wins,ObviousFails_WomanLooksBetter,Dominant_WomanWins,B,A,0,0.15,19.1,10.543,5.33,W,incorrect,strong,Failure,1,1,1,1,1,5,5,1,Female,1,0,Female,26.0,Asian,1,1,1,0,1,27.3235,-19.3358
R_7LjmPl0PsqTNpkJ,6295b064f01df59a15157dfc,2026-03-28T21:03:45Z,2026-03-28T21:08:33Z,288.0,M_incorrect_strong,Male,5ee00b8630f30b34f2a5dc1c,6.0,4.0,80.0,74.0,-6.0,50.0,25.0,-25.0,25.0,misleading_man_looks_better,dominant_man_wins,ObviousFails_ManLooksBetter,Dominant_ManWins,B,A,0,0.25,19.336,30.649,9.042,M,incorrect,strong,Failure,1,1,1,1,1,5,5,1,,0,1,Female,53.0,White,0,1,0,0,1,7.3235,7.6642
R_7mjc7IoYfNtkZjP,5dd1013c92b0d219edafe572,2026-03-28T21:06:56Z,2026-03-28T21:23:12Z,975.0,W_incorrect_weak,Female,671165ce01cd9c2699b90dc1,47.0,6.0,15.0,10.0,-5.0,0.0,0.0,0.0,0.0,identical_woman_woman,misleading_man_looks_better,Identical_WomanWoman_Bwins,ObviousFails_ManLooksBetter,B,A,0,0.5,379.004,79.869,26.3,W,incorrect,weak,Failure,1,1,1,1,1,5,5,1,Female,1,0,Male,45.0,Hispanic,1,0,1,0,0,-42.6765,-0.3358
R_3inAwnzSSFSdgXb,65f8f7603eed885831f2a14f,2026-03-28T21:20:12Z,2026-03-28T21:24:56Z,283.0,W_correct_strong,Female,660de2426df2c14f27678f6b,6.0,1.0,80.0,75.0,-5.0,39.0,39.0,0.0,0.0,dominant_woman_wins,misleading_man_looks_better,Dominant_WomanWins,ObviousFails_ManLooksBetter,A,A,1,0.7,13.611,7.85,4.927,W,correct,strong,Success,1,1,1,1,1,5,5,1,Male,0,0,Male,39.0,White,0,0,1,1,1,-3.6765,-6.3358
R_1lSjlUbWFrIHfRT,6154973c69da7c97996a19f6,2026-03-28T21:39:15Z,2026-03-28T21:43:06Z,230.0,M_incorrect_weak,Male,629186f7e2f20297ead170be,56.0,1.0,20.0,13.0,-7.0,10.0,0.0,-10.0,10.0,close_woman_wins,dominant_man_wins,Close_WomanWins,Dominant_ManWins,A,B,0,0.45,22.201,7.935,4.447,M,incorrect,weak,Failure,1,1,1,1,1,5,5,1,Male,1,0,Non-binary,27.0,White,1,1,0,0,0,-32.6765,-18.3358
R_1MzIqUnjUPkTm7i,63e548215b42b3f3aa069dc2,2026-03-28T21:38:54Z,2026-03-28T21:52:48Z,834.0,W_correct_weak,Female,66ccca31c45aad520357f3fb,52.0,1.0,13.0,10.0,-3.0,0.0,0.0,0.0,0.0,identical_woman_woman,misleading_woman_looks_better,Identical_WomanWoman_Bwins,ObviousFails_WomanLooksBetter,B,B,1,0.5,106.574,23.774,14.581,W,correct,weak,Success,1,1,1,1,1,5,5,1,,0,1,Male,39.0,Black,0,0,1,1,0,-42.6765,-6.3358
R_1Pju1GkhAJmzVcX,639fdcf5efa9e98ed809d0df,2026-03-28T21:52:32Z,2026-03-28T22:04:26Z,714.0,M_correct_weak,Male,6750f7eb7c60e2b2c22aeaea,57.0,5.0,21.0,29.0,8.0,25.0,40.0,15.0,15.0,split_unknowns,misleading_woman_looks_better,SplitUnknowns_ManWins,ObviousFails_WomanLooksBetter,B,B,1,0.63,54.547,31.949,12.389,M,correct,weak,Success,1,1,1,1,1,5,5,1,,0,1,Female,73.0,White,0,1,0,1,0,-17.6765,27.6642
R_6MsxJu7167qKYDy,674f320a16eba7f4a31ed965,2026-03-28T22:10:15Z,2026-03-28T22:15:55Z,340.0,W_incorrect_weak,Female,558b20eefdf99b7dfdbac3c9,43.0,76.0,21.0,32.0,11.0,10.0,0.0,-10.0,10.0,misleading_woman_looks_better,unknown_woman_gk,ObviousFails_WomanLooksBetter,Unknown_WomanGK_ManWins,B,A,0,0.45,31.155,22.074,17.832,W,incorrect,weak,Failure,1,1,1,1,1,5,5,1,Female,1,0,Male,48.0,White,1,1,1,0,0,-32.6765,2.6642
R_5COJ9FVeJy25r0d,5d924b1fc48e5f0017ad2579,2026-03-28T22:39:33Z,2026-03-28T22:44:30Z,297.0,M_incorrect_weak,Male,612962f44f151ddfd0298c52,42.0,12.0,23.0,34.0,11.0,0.0,0.0,0.0,0.0,unknown_man_word,dominant_woman_wins,Unknown_ManWord_ManWins,Dominant_WomanWins,B,A,0,0.5,37.021,12.473,9.039,M,incorrect,weak,Failure,1,1,1,1,1,5,5,1,Male,1,0,Male,41.0,White,1,0,0,0,0,-42.6765,-4.3358
R_7tGvokD8VHTPT4n,66820119108801ca52c437e0,2026-03-28T22:59:10Z,2026-03-28T23:04:43Z,333.0,W_correct_strong,Female,611341c34be95409850e4341,5.0,5.0,82.0,75.0,-7.0,60.0,44.0,-16.0,16.0,dominant_woman_wins,misleading_woman_looks_better,Dominant_WomanWins,ObviousFails_WomanLooksBetter,A,A,1,0.8,21.089,13.664,5.287,W,correct,strong,Success,1,1,1,1,1,5,5,1,Female,1,0,Female,24.0,White,1,1,1,1,1,17.3235,-21.3358
R_6NnsLDb5cs1x0T7,64f386a35e66f7ad22b38ccf,2026-03-28T22:54:01Z,2026-03-28T23:11:08Z,1027.0,W_correct_weak,Female,66db9db4324609f1a7231f49,57.0,1.0,21.0,16.0,-5.0,50.0,60.0,10.0,10.0,identical_woman_woman,dominant_man_wins,Identical_WomanWoman_Bwins,Dominant_ManWins,B,B,1,0.75,221.838,18.587,18.769,W,correct,weak,Success,1,1,1,1,1,5,5,1,,0,1,Female,51.0,Black,0,1,1,1,0,7.3235,5.6642
R_5qPf96SZvI4CPba,5a8b1ee2000dab00018cc7cd,2026-03-28T23:20:08Z,2026-03-28T23:26:35Z,387.0,M_incorrect_strong,Male,62877d5f6a054e53313ac916,97.0,99.0,85.0,90.0,5.0,50.0,100.0,50.0,50.0,man_vs_man,split_unknowns,ManVsMan_Awins,SplitUnknowns_ManWins,A,B,0,0.25,16.481,18.582,22.163,M,incorrect,strong,Failure,1,1,1,1,1,5,5,1,Female,0,0,Female,37.0,White,0,1,0,0,1,7.3235,-8.3358
R_300okUOVu3Q5nAh,5831f08ebfb3b400015a6ad4,2026-03-28T23:22:17Z,2026-03-28T23:31:57Z,579.0,W_incorrect_strong,Female,5e05ab290db892fcd8036b1a,5.0,65.0,82.0,90.0,8.0,100.0,100.0,0.0,0.0,misleading_man_looks_better,unknown_woman_gk,ObviousFails_ManLooksBetter,Unknown_WomanGK_ManWins,B,A,0,0.0,35.902,7.943,8.29,W,incorrect,strong,Failure,1,1,1,1,1,5,5,1,Male,0,0,Male,59.0,White,0,0,1,0,1,57.3235,13.6642
R_3JCTaNQLenN1SU1,55d7e6f669dbc30012b6826e,2026-03-28T23:29:57Z,2026-03-28T23:38:10Z,493.0,W_correct_strong,Female,6679dc943f855ba978447c25,8.0,89.0,77.0,65.0,-12.0,56.0,38.0,-18.0,18.0,dominant_man_wins,close_woman_wins,Dominant_ManWins,Close_WomanWins,A,A,1,0.78,58.601,35.439,18.469,W,correct,strong,Success,1,1,1,1,1,5,5,1,Female,1,0,Female,69.0,White,1,1,1,1,1,13.3235,23.6642
R_7fpXr8ZfdSs0rne,60fcebba7345a976efc9c080,2026-03-28T23:14:57Z,2026-03-28T23:38:37Z,1420.0,M_correct_strong,Male,561bbdf9811d22000df3138a,6.0,13.0,80.0,72.0,-8.0,70.0,60.0,-10.0,10.0,dominant_man_wins,dominant_woman_wins,Dominant_ManWins,Dominant_WomanWins,A,A,1,0.85,346.162,8.568,8.098,M,correct,strong,Success,1,1,1,1,1,5,5,1,Female,0,0,Female,37.0,White,0,1,0,1,1,27.3235,-8.3358
R_1KNmTUclynp3fWu,67e70a61f963fecfc78db7ab,2026-03-28T23:27:24Z,2026-03-28T23:40:00Z,756.0,M_incorrect_strong,Male,631c8e97db06f601f81bd82f,8.0,2.0,77.0,89.0,12.0,100.0,100.0,0.0,0.0,misleading_man_looks_better,dominant_man_wins,ObviousFails_ManLooksBetter,Dominant_ManWins,B,A,0,0.0,51.823,8.15,24.655,M,incorrect,strong,Failure,1,1,1,1,1,5,5,1,Male,1,0,Male,55.0,Asian,1,0,0,0,1,57.3235,9.6642
R_7nTOBC4wGGnCekY,5a21f078a7788f000144aa76,2026-03-28T23:54:21Z,2026-03-29T00:00:01Z,339.0,M_incorrect_weak,Male,5f2f03deec679e2cf4a992e6,46.0,6.0,16.0,26.0,10.0,25.0,0.0,-25.0,25.0,identical_woman_woman,dominant_man_wins,Identical_WomanWoman_Bwins,Dominant_ManWins,B,A,0,0.38,19.881,4.64,5.638,M,incorrect,weak,Failure,1,1,1,1,1,5,5,1,Female,0,0,Female,53.0,Hispanic,0,1,0,0,0,-17.6765,7.6642
R_5WZvwaC8Vums8yR,6173c0bb92e149b4127563fe,2026-03-28T23:54:12Z,2026-03-29T00:04:48Z,635.0,W_correct_weak,Female,59d7c0f750f88f000161eb21,53.0,19.0,15.0,10.0,-5.0,1.0,75.0,74.0,74.0,identical_woman_woman,misleading_man_looks_better,Identical_WomanWoman_Bwins,ObviousFails_ManLooksBetter,B,B,1,0.51,19.428,18.122,19.46,W,correct,weak,Success,1,1,1,1,1,5,5,1,Female,1,0,Female,48.0,White,1,1,1,1,0,-41.6765,2.6642
R_1oinkm71jxwfAKR,65d863e56337aa59292ccd66,2026-03-29T00:19:30Z,2026-03-29T00:26:44Z,433.0,W_incorrect_weak,Female,671165ce01cd9c2699b90dc1,47.0,6.0,15.0,21.0,6.0,25.0,10.0,-15.0,15.0,identical_woman_woman,misleading_man_looks_better,Identical_WomanWoman_Bwins,ObviousFails_ManLooksBetter,B,A,0,0.38,18.461,12.47,10.259,W,incorrect,weak,Failure,1,1,1,1,1,5,5,1,Female,1,0,Female,34.0,Black,1,1,1,0,0,-17.6765,-11.3358
R_3IThLsacVkf7weR,5ee14ed849cc8215cfd8b285,2026-03-29T00:22:04Z,2026-03-29T00:27:52Z,348.0,M_correct_strong,Male,561bbdf9811d22000df3138a,6.0,13.0,80.0,71.0,-9.0,15.0,40.0,25.0,25.0,dominant_man_wins,dominant_woman_wins,Dominant_ManWins,Dominant_WomanWins,A,A,1,0.57,16.216,8.451,6.113,M,correct,strong,Success,1,1,1,1,1,5,5,1,Male,1,0,Other,33.0,White,1,1,0,1,1,-27.6765,-12.3358
R_3fIZFvm5waic4gL,60fcd9699c3def3068403b90,2026-03-29T00:37:51Z,2026-03-29T00:46:48Z,537.0,M_correct_weak,Male,67dec78617088acfae7e4475,46.0,44.0,16.0,26.0,10.0,0.0,0.0,0.0,0.0,unknown_woman_gk,misleading_woman_looks_better,Unknown_WomanGK_ManWins,ObviousFails_WomanLooksBetter,A,A,1,0.5,32.195,9.234,10.439,M,correct,weak,Success,1,1,1,1,1,5,5,1,Male,1,0,Male,38.0,White,1,0,0,1,0,-42.6765,-7.3358
R_6gykhFq1vNLKjM5,66356ffe9661f0497f3860c8,2026-03-29T01:20:21Z,2026-03-29T01:27:09Z,408.0,W_incorrect_strong,Female,65dca046786b41c22b4de4e6,1.0,4.0,88.0,76.0,-12.0,100.0,100.0,0.0,0.0,misleading_woman_looks_better,unknown_man_word,ObviousFails_WomanLooksBetter,Unknown_ManWord_ManWins,B,A,0,0.0,27.221,6.365,14.111,W,incorrect,strong,Failure,1,1,1,1,1,5,5,1,Male,0,0,Male,62.0,White,0,0,1,0,1,57.3235,16.6642
R_7EKngFhBLbhjaaP,6314bc49055e150c92f4736e,2026-03-29T01:28:25Z,2026-03-29T01:33:17Z,291.0,M_correct_strong,Male,6596d692ac956830b68776e0,8.0,6.0,77.0,84.0,7.0,100.0,100.0,0.0,0.0,dominant_man_wins,misleading_woman_looks_better,Dominant_ManWins,ObviousFails_WomanLooksBetter,A,A,1,1.0,30.455,4.313,15.786,M,correct,strong,Success,1,1,1,1,1,5,5,1,,0,1,Male,37.0,Asian,0,0,0,1,1,57.3235,-8.3358
R_3V2UfRdEicOKaUF,58f18575d9fd500001b0d8a9,2026-03-29T01:45:57Z,2026-03-29T01:50:16Z,258.0,M_correct_weak,Male,566a3e0e7da0350012b3ec49,58.0,1.0,23.0,17.0,-6.0,0.0,5.0,5.0,5.0,unknown_man_word,dominant_woman_wins,Unknown_ManWord_ManWins,Dominant_WomanWins,B,B,1,0.5,27.841,22.268,4.944,M,correct,weak,Success,1,1,1,1,1,5,5,1,,0,1,Female,36.0,White,0,1,0,1,0,-42.6765,-9.3358
R_1K1GRW2Fp8fMOiZ,6290cebe9b9de092a6b266e2,2026-03-29T01:56:25Z,2026-03-29T02:03:40Z,434.0,W_correct_weak,Female,652ecb92078fe073ab29b920,54.0,1.0,16.0,26.0,10.0,0.0,0.0,0.0,0.0,identical_woman_woman,dominant_man_wins,Identical_WomanWoman_Bwins,Dominant_ManWins,B,B,1,0.5,52.764,28.492,15.527,W,correct,weak,Success,1,1,1,1,1,5,5,1,Female,1,0,Female,55.0,White,1,0,1,1,0,-42.6765,9.6642
R_6BlCXhlhe2PGm4L,6660f30d9cab7604513cf59b,2026-03-29T01:48:35Z,2026-03-29T02:07:20Z,1124.0,W_incorrect_weak,Female,63d5b810f3dbbd11e7e65870,48.0,98.0,13.0,10.0,-3.0,50.0,80.0,30.0,30.0,misleading_woman_looks_better,close_woman_wins,ObviousFails_WomanLooksBetter,Close_WomanWins,B,A,0,0.25,88.842,37.995,17.289,W,incorrect,weak,Failure,1,1,1,1,1,5,5,1,Female,1,0,Female,55.0,White,1,1,1,0,0,7.3235,9.6642
R_3ocDyZ0yYpSMJgl,6612fd1462232a5cbec549e3,2026-03-29T02:30:47Z,2026-03-29T02:41:31Z,644.0,W_correct_strong,Female,6754246c81ce61cb6ffe887f,4.0,2.0,84.0,90.0,6.0,10.0,50.0,40.0,40.0,dominant_woman_wins,misleading_man_looks_better,Dominant_WomanWins,ObviousFails_ManLooksBetter,A,A,1,0.55,59.168,13.338,15.916,W,correct,strong,Success,1,1,1,1,1,5,5,1,Female,1,0,Female,54.0,White,1,1,1,1,1,-32.6765,8.6642
R_55vmN0B5xfr3Nua,66bce38cdb7f3309e448dc8d,2026-03-29T02:41:10Z,2026-03-29T02:47:35Z,384.0,M_incorrect_strong,Male,62877d5f6a054e53313ac916,97.0,99.0,85.0,90.0,5.0,25.0,74.0,49.0,49.0,man_vs_man,split_unknowns,ManVsMan_Awins,SplitUnknowns_ManWins,A,B,0,0.38,28.735,18.181,6.15,M,incorrect,strong,Failure,1,1,1,1,1,5,5,1,Male,1,0,Female,40.0,White,1,1,0,0,1,-17.6765,-5.3358
R_6FqTkNElytXJG9J,5e77dd22a02ca535d408b61f,2026-03-29T02:47:15Z,2026-03-29T02:50:48Z,213.0,M_incorrect_weak,Male,673b834c1ca9feb154a86523,47.0,89.0,15.0,10.0,-5.0,0.0,0.0,0.0,0.0,split_unknowns,dominant_woman_wins,SplitUnknowns_ManWins,Dominant_WomanWins,B,A,0,0.5,16.721,7.117,6.75,M,incorrect,weak,Failure,1,1,1,1,1,5,5,1,Male,1,0,Male,33.0,White,1,0,0,0,0,-42.6765,-12.3358
R_1qHizu2eDdZkMXT,66312419d5e27d48fbc0a866,2026-03-29T02:46:11Z,2026-03-29T02:51:18Z,307.0,W_incorrect_strong,Female,5fab34d5e971f1617667232e,94.0,1.0,80.0,87.0,7.0,90.0,80.0,-10.0,10.0,unknown_woman_gk,dominant_woman_wins,Unknown_WomanGK_ManWins,Dominant_WomanWins,A,B,0,0.05,21.081,9.532,10.262,W,incorrect,strong,Failure,1,1,1,1,1,5,5,1,Female,1,0,Male,31.0,Asian,1,1,1,0,1,47.3235,-14.3358
R_5gC1pqoQzK3MA7R,608349d97d46ab71fc6c7111,2026-03-29T02:49:01Z,2026-03-29T02:54:56Z,354.0,W_correct_strong,Female,611341c34be95409850e4341,5.0,5.0,82.0,76.0,-6.0,25.0,15.0,-10.0,10.0,dominant_woman_wins,misleading_woman_looks_better,Dominant_WomanWins,ObviousFails_WomanLooksBetter,A,A,1,0.63,16.256,8.776,5.827,W,correct,strong,Success,1,1,1,1,1,5,5,1,Female,1,0,Female,42.0,Asian,1,1,1,1,1,-17.6765,-3.3358
R_5CeoC39cuaVjiNA,6598ad7d742e25b376094227,2026-03-29T02:51:16Z,2026-03-29T03:03:24Z,728.0,W_incorrect_strong,Female,65dca046786b41c22b4de4e6,1.0,4.0,88.0,90.0,2.0,0.0,0.0,0.0,0.0,misleading_woman_looks_better,unknown_man_word,ObviousFails_WomanLooksBetter,Unknown_ManWord_ManWins,B,A,0,0.5,38.897,23.435,27.2,W,incorrect,strong,Failure,1,1,1,1,1,5,5,1,Female,1,0,Male,66.0,Hispanic,1,0,1,0,1,-42.6765,20.6642
R_31adHZGebuuBghy,5d615f7632cfbd001b1b6dcb,2026-03-29T03:39:01Z,2026-03-29T03:44:00Z,299.0,M_incorrect_strong,Male,5ee00b8630f30b34f2a5dc1c,6.0,4.0,80.0,70.0,-10.0,100.0,100.0,0.0,0.0,misleading_man_looks_better,dominant_man_wins,ObviousFails_ManLooksBetter,Dominant_ManWins,B,A,0,0.0,18.77,4.952,14.645,M,incorrect,strong,Failure,1,1,1,1,1,5,5,1,Male,1,0,Male,76.0,White,1,0,0,0,1,57.3235,30.6642
R_5xjSTXaQa9YUsfv,66884bc1ae6c72e0b8d9e4e9,2026-03-29T04:11:09Z,2026-03-29T04:19:59Z,530.0,W_incorrect_weak,Female,5e9f3f09ccc75a0c345e4845,49.0,5.0,12.0,10.0,-2.0,12.0,10.0,-2.0,2.0,split_unknowns,misleading_woman_looks_better,SplitUnknowns_ManWins,ObviousFails_WomanLooksBetter,B,A,0,0.44,53.812,37.01,44.105,W,incorrect,weak,Failure,1,1,1,1,1,5,5,1,Female,1,0,Male,48.0,White,1,1,1,0,0,-30.6765,2.6642
R_1jjGtSD2NIV0muq,601d4c8586c49d04ad8f6df0,2026-03-29T04:17:38Z,2026-03-29T04:24:29Z,410.0,M_incorrect_weak,Male,629186f7e2f20297ead170be,56.0,1.0,20.0,12.0,-8.0,5.0,3.0,-2.0,2.0,close_woman_wins,dominant_man_wins,Close_WomanWins,Dominant_ManWins,A,B,0,0.47,18.26,10.621,6.424,M,incorrect,weak,Failure,1,1,1,1,1,5,5,1,Male,1,0,Female,28.0,White,1,1,0,0,0,-37.6765,-17.3358
R_6kp0kNphBGrzKH6,622e97262adc38e0cb0d670a,2026-03-29T04:20:06Z,2026-03-29T04:32:15Z,728.0,M_correct_weak,Male,60ec54c58f88686dadb1a0c9,53.0,6.0,15.0,10.0,-5.0,50.0,25.0,-25.0,25.0,split_unknowns,dominant_man_wins,SplitUnknowns_ManWins,Dominant_ManWins,B,B,1,0.75,31.009,23.468,13.741,M,correct,weak,Success,1,1,1,1,1,5,5,1,Male,1,0,Female,68.0,White,1,1,0,1,0,7.3235,22.6642
R_6n7QBce5G7WOD6W,66ba1b5273949100f8de1c0e,2026-03-29T04:39:15Z,2026-03-29T04:46:23Z,428.0,W_correct_weak,Female,66ccca31c45aad520357f3fb,52.0,1.0,13.0,20.0,7.0,17.0,49.0,32.0,32.0,identical_woman_woman,misleading_woman_looks_better,Identical_WomanWoman_Bwins,ObviousFails_WomanLooksBetter,B,B,1,0.58,22.96,12.828,9.271,W,correct,weak,Success,1,1,1,1,1,5,5,1,Male,0,0,Male,23.0,American Indian,0,1,1,1,0,-25.6765,-22.3358
R_3mFpHfnLDAhct89,5ef6a78efb4a76195f7baa6d,2026-03-29T04:43:37Z,2026-03-29T04:49:28Z,351.0,M_correct_strong,Male,570521cfde5095001018a0c8,7.0,90.0,79.0,74.0,-5.0,77.0,21.0,-56.0,56.0,man_vs_man,unknown_woman_gk,ManVsMan_Awins,Unknown_WomanGK_ManWins,A,A,1,0.89,21.385,14.94,6.076,M,correct,strong,Success,1,1,1,1,1,5,5,1,,0,1,Female,32.0,White,0,1,0,1,1,34.3235,-13.3358
R_3eQeDswtxDfnZVY,66d5d931d3a66fa93bdfddb9,2026-03-29T04:55:54Z,2026-03-29T04:58:52Z,178.0,M_correct_strong,Male,670d816961bebcb45b53b929,1.0,1.0,88.0,81.0,-7.0,100.0,40.0,-60.0,60.0,dominant_woman_wins,misleading_man_looks_better,Dominant_WomanWins,ObviousFails_ManLooksBetter,A,A,1,1.0,15.313,6.627,3.858,M,correct,strong,Success,1,1,1,1,1,5,5,1,,0,1,Female,32.0,Black,0,1,0,1,1,57.3235,-13.3358
R_7hQNDV2IH2RQxwt,66611f308ccb44ab7f21984e,2026-03-29T04:59:35Z,2026-03-29T05:05:08Z,333.0,M_correct_weak,Male,665e680164927b18554b66ec,51.0,5.0,12.0,23.0,11.0,0.0,100.0,100.0,100.0,identical_woman_woman,misleading_woman_looks_better,Identical_WomanWoman_Bwins,ObviousFails_WomanLooksBetter,B,B,1,0.5,11.252,15.767,17.677,M,correct,weak,Success,1,1,1,1,1,5,5,1,Male,1,0,Male,35.0,White,1,1,0,1,0,-42.6765,-10.3358
R_6Lp7208fY265m2S,66ae5acbee44afeef2f7cb05,2026-03-29T05:08:24Z,2026-03-29T05:13:13Z,289.0,M_incorrect_weak,Male,66956649d7179281d46fa6f2,48.0,5.0,13.0,10.0,-3.0,90.0,45.0,-45.0,45.0,unknown_man_word,dominant_woman_wins,Unknown_ManWord_ManWins,Dominant_WomanWins,B,A,0,0.05,6.057,4.86,4.084,M,incorrect,weak,Failure,1,1,1,1,1,5,5,1,,0,1,Male,50.0,White,0,1,0,0,0,47.3235,4.6642
R_7ithv5RW6ufEHUw,5e5e5b2488479216d9171d1b,2026-03-29T05:35:21Z,2026-03-29T05:39:53Z,272.0,W_incorrect_strong,Female,5d537c0cecc84200153075e9,4.0,4.0,84.0,89.0,5.0,20.0,10.0,-10.0,10.0,unknown_man_word,misleading_woman_looks_better,Unknown_ManWord_ManWins,ObviousFails_WomanLooksBetter,B,A,0,0.4,39.055,12.225,9.585,W,incorrect,strong,Failure,1,1,1,1,1,5,5,1,Female,1,0,Female,61.0,White,1,1,1,0,1,-22.6765,15.6642
R_5054c49Lle2Sbcd,666ce2f92aed5d69578ad8ba,2026-03-29T06:39:11Z,2026-03-29T06:45:39Z,387.0,M_incorrect_strong,Male,6745f39f437c441b19285a1a,4.0,4.0,84.0,77.0,-7.0,0.0,0.0,0.0,0.0,misleading_man_looks_better,dominant_woman_wins,ObviousFails_ManLooksBetter,Dominant_WomanWins,B,A,0,0.5,20.739,9.587,8.121,M,incorrect,strong,Failure,1,1,1,1,1,5,5,1,Male,1,0,Male,69.0,White,1,0,0,0,1,-42.6765,23.6642
R_629EWPhFJP2eXl4,62d488043c7590e53ee7683f,2026-03-29T07:00:31Z,2026-03-29T07:05:50Z,318.0,W_correct_strong,Female,6632944bbc110f7862810d5a,2.0,4.0,87.0,90.0,3.0,30.0,40.0,10.0,10.0,man_vs_man,dominant_woman_wins,ManVsMan_Awins,Dominant_WomanWins,A,A,1,0.65,22.636,14.114,6.827,W,correct,strong,Success,1,1,1,1,1,5,5,1,,0,1,Male,24.0,Asian,0,1,1,1,1,-12.6765,-21.3358
R_7gXT9pAbRgXI2BO,5d62886927a84f00010fbbb4,2026-03-29T08:10:02Z,2026-03-29T08:17:42Z,459.0,W_incorrect_weak,Female,61496cada4d62f06804fa610,45.0,4.0,18.0,27.0,9.0,0.0,100.0,100.0,100.0,identical_woman_woman,dominant_man_wins,Identical_WomanWoman_Bwins,Dominant_ManWins,B,A,0,0.5,28.315,12.763,8.35,W,incorrect,weak,Failure,1,1,1,1,1,5,5,1,Female,1,0,Male,39.0,White,1,1,1,0,0,-42.6765,-6.3358
R_3s4ZOl2fAqV73br,67d440ccf6f3293d71c32e4d,2026-03-29T09:19:03Z,2026-03-29T09:34:53Z,949.0,M_correct_strong,Male,59e7477e3e4b5a00016aa4d2,4.0,1.0,84.0,90.0,6.0,60.0,75.0,15.0,15.0,man_vs_man,split_unknowns,ManVsMan_Awins,SplitUnknowns_ManWins,A,A,1,0.8,84.41,39.569,11.969,M,correct,strong,Success,1,1,1,1,1,5,5,1,,0,1,Male,40.0,Black,0,1,0,1,1,17.3235,-5.3358
R_6iQV3unleZ6jBjX,6287922ffac7245513199fe4,2026-03-29T09:33:07Z,2026-03-29T09:39:28Z,381.0,W_correct_weak,Female,66db9db4324609f1a7231f49,57.0,1.0,21.0,31.0,10.0,21.0,28.0,7.0,7.0,identical_woman_woman,dominant_man_wins,Identical_WomanWoman_Bwins,Dominant_ManWins,B,B,1,0.6,18.813,11.82,5.78,W,correct,weak,Success,1,1,1,1,1,5,5,1,Male,0,0,Male,30.0,Black,0,1,1,1,0,-21.6765,-15.3358
R_7JCrK0iO1tBXQd0,63d1b87e756b5709b1e90ff3,2026-03-29T10:26:35Z,2026-03-29T10:30:38Z,242.0,W_incorrect_weak,Female,61496cada4d62f06804fa610,45.0,4.0,18.0,26.0,8.0,25.0,25.0,0.0,0.0,identical_woman_woman,dominant_man_wins,Identical_WomanWoman_Bwins,Dominant_ManWins,B,A,0,0.38,26.0,11.098,4.192,W,incorrect,weak,Failure,1,1,1,1,1,5,5,1,Female,1,0,Female,49.0,White,1,0,1,0,0,-17.6765,3.6642
R_1M6BWgDNYYFSKnm,649d257f5e8bfe6ee264e160,2026-03-29T10:27:51Z,2026-03-29T10:36:47Z,536.0,M_correct_weak,Male,60ec54c58f88686dadb1a0c9,53.0,6.0,15.0,10.0,-5.0,20.0,10.0,-10.0,10.0,split_unknowns,dominant_man_wins,SplitUnknowns_ManWins,Dominant_ManWins,B,B,1,0.6,18.41,6.338,4.726,M,correct,weak,Success,1,1,1,1,1,5,5,1,Male,1,0,Male,35.0,White,1,1,0,1,0,-22.6765,-10.3358
R_5eDiESNMOIhXjbH,66491cdd1a4db900e216feb1,2026-03-29T10:41:24Z,2026-03-29T10:46:04Z,280.0,M_incorrect_strong,Male,6675f3ac3a5d0633257190c4,1.0,86.0,88.0,81.0,-7.0,100.0,100.0,0.0,0.0,misleading_woman_looks_better,man_vs_man,ObviousFails_WomanLooksBetter,ManVsMan_Awins,B,A,0,0.0,17.478,3.715,8.434,M,incorrect,strong,Failure,1,1,1,1,1,5,5,1,Male,1,0,Male,37.0,White,1,0,0,0,1,57.3235,-8.3358
R_3EE9TXu2LMPT38R,5dd332572a30ac340f93f299,2026-03-29T11:08:01Z,2026-03-29T11:25:11Z,1029.0,M_incorrect_weak,Male,5f2f03deec679e2cf4a992e6,46.0,6.0,16.0,27.0,11.0,20.0,10.0,-10.0,10.0,identical_woman_woman,dominant_man_wins,Identical_WomanWoman_Bwins,Dominant_ManWins,B,A,0,0.4,31.467,26.678,14.266,M,incorrect,weak,Failure,1,1,1,1,1,5,5,1,Male,1,0,Male,69.0,White,1,1,0,0,0,-22.6765,23.6642
R_1LIqtnulcCgWRcE,66a424e1e9201c36707e1ff4,2026-03-29T11:35:06Z,2026-03-29T11:39:53Z,287.0,W_incorrect_strong,Female,641386b1cb9a9c1e3569d4ee,3.0,2.0,85.0,76.0,-9.0,50.0,0.0,-50.0,50.0,misleading_woman_looks_better,dominant_woman_wins,ObviousFails_WomanLooksBetter,Dominant_WomanWins,B,A,0,0.25,43.704,11.518,10.026,W,incorrect,strong,Failure,1,1,1,1,1,5,5,1,Female,1,0,Male,38.0,White,1,1,1,0,1,7.3235,-7.3358
R_1k1tvbbpYH4mLWq,67de0c86edec4b1fb38789b8,2026-03-29T11:45:15Z,2026-03-29T11:51:44Z,389.0,W_correct_strong,Female,66200b032829f40f3664afdf,7.0,2.0,79.0,90.0,11.0,65.0,80.0,15.0,15.0,dominant_woman_wins,unknown_man_word,Dominant_WomanWins,Unknown_ManWord_ManWins,A,A,1,0.82,46.833,26.945,29.48,W,correct,strong,Success,1,1,1,1,1,5,5,1,Female,1,0,Male,39.0,White,1,1,1,1,1,22.3235,-6.3358
R_1hWrlws2OHbdpdA,62951acd624dba0f4429d988,2026-03-29T12:34:58Z,2026-03-29T12:45:28Z,630.0,W_correct_strong,Female,67ddbba0fa5e1ce984f9fb87,1.0,93.0,88.0,81.0,-7.0,100.0,100.0,0.0,0.0,dominant_woman_wins,dominant_man_wins,Dominant_WomanWins,Dominant_ManWins,A,A,1,1.0,41.313,14.905,6.201,W,correct,strong,Success,1,1,1,1,1,5,5,1,,0,1,Male,49.0,White,0,0,1,1,1,57.3235,3.6642
R_3GlB8SbDOSxIXsE,63cc90d2bed7edb18c3fd155,2026-03-29T12:53:43Z,2026-03-29T13:01:18Z,454.0,M_incorrect_weak,Male,66956649d7179281d46fa6f2,48.0,5.0,13.0,10.0,-3.0,0.0,50.0,50.0,50.0,unknown_man_word,dominant_woman_wins,Unknown_ManWord_ManWins,Dominant_WomanWins,B,A,0,0.5,38.298,46.621,33.413,M,incorrect,weak,Failure,1,1,1,1,1,5,5,1,Male,1,0,Non-binary,62.0,White,1,1,0,0,0,-42.6765,16.6642
R_6koz9POFlWGebIv,669bd78975f22207e8e90ac0,2026-03-29T13:17:55Z,2026-03-29T13:23:45Z,350.0,W_correct_weak,Female,66db9db4324609f1a7231f49,57.0,1.0,21.0,31.0,10.0,10.0,50.0,40.0,40.0,identical_woman_woman,dominant_man_wins,Identical_WomanWoman_Bwins,Dominant_ManWins,B,B,1,0.55,77.794,12.316,7.911,W,correct,weak,Success,1,1,1,1,1,5,5,1,Female,1,0,Male,36.0,White,1,1,1,1,0,-32.6765,-9.3358
R_1kFkUiJntxmtBL0,582c83a0bbb67e0001e49ec1,2026-03-29T13:25:02Z,2026-03-29T13:33:04Z,481.0,W_incorrect_strong,Female,641386b1cb9a9c1e3569d4ee,3.0,2.0,85.0,74.0,-11.0,85.0,74.0,-11.0,11.0,misleading_woman_looks_better,dominant_woman_wins,ObviousFails_WomanLooksBetter,Dominant_WomanWins,B,A,0,0.08,42.765,23.166,12.04,W,incorrect,strong,Failure,1,1,1,1,1,5,5,1,,0,1,Male,69.0,White,0,1,1,0,1,42.3235,23.6642
R_33DtelbQ5MleM5p,66804d681dace18d3624cfa3,2026-03-29T14:08:50Z,2026-03-29T14:14:02Z,311.0,M_correct_weak,Male,5d951ede9b6f880018f63b6e,56.0,91.0,20.0,29.0,9.0,80.0,20.0,-60.0,60.0,split_unknowns,close_woman_wins,SplitUnknowns_ManWins,Close_WomanWins,B,B,1,0.9,30.706,19.386,11.374,M,correct,weak,Success,1,1,1,1,1,5,5,1,,0,1,Male,47.0,White,0,1,0,1,0,37.3235,1.6642
R_76btqfecK03txHL,60abe580aa82f25a7acc9800,2026-03-29T14:17:03Z,2026-03-29T14:24:24Z,441.0,M_incorrect_strong,Male,5ee00b8630f30b34f2a5dc1c,6.0,4.0,80.0,71.0,-9.0,33.0,67.0,34.0,34.0,misleading_man_looks_better,dominant_man_wins,ObviousFails_ManLooksBetter,Dominant_ManWins,B,A,0,0.33,28.946,11.281,6.542,M,incorrect,strong,Failure,1,1,1,1,1,5,5,1,Male,1,0,Female,39.0,White,1,1,0,0,1,-9.6765,-6.3358
R_6CZkxOzRBvMjmc2,62b2c25fa2e87e7ed2da2b87,2026-03-29T14:33:14Z,2026-03-29T14:36:59Z,224.0,W_incorrect_weak,Female,63d5b810f3dbbd11e7e65870,48.0,98.0,13.0,10.0,-3.0,44.0,12.0,-32.0,32.0,misleading_woman_looks_better,close_woman_wins,ObviousFails_WomanLooksBetter,Close_WomanWins,B,A,0,0.28,13.946,5.934,2.096,W,incorrect,weak,Failure,1,1,1,1,1,5,5,1,,0,1,Male,33.0,Asian,0,1,1,0,0,1.3235,-12.3358
R_7v8XWJBzlk9OmFb,648646988a5170373da06a9e,2026-03-29T14:47:42Z,2026-03-29T14:55:13Z,450.0,W_correct_weak,Female,65e8ff784cc1b2fc71bc5368,49.0,5.0,12.0,21.0,9.0,0.0,0.0,0.0,0.0,close_woman_wins,misleading_woman_looks_better,Close_WomanWins,ObviousFails_WomanLooksBetter,A,A,1,0.5,31.706,7.14,13.431,W,correct,weak,Success,1,1,1,1,1,5,5,1,Female,1,0,Male,53.0,White,1,0,1,1,0,-42.6765,7.6642
R_6uJS02e6F6vu8l6,63114fcf2fc8f4d507560901,2026-03-29T15:05:12Z,2026-03-29T15:08:13Z,180.0,W_incorrect_weak,Female,558b20eefdf99b7dfdbac3c9,43.0,76.0,21.0,33.0,12.0,0.0,0.0,0.0,0.0,misleading_woman_looks_better,unknown_woman_gk,ObviousFails_WomanLooksBetter,Unknown_WomanGK_ManWins,B,A,0,0.5,11.638,7.92,5.748,W,incorrect,weak,Failure,1,1,1,1,1,5,5,1,Female,1,0,Female,39.0,White,1,0,1,0,0,-42.6765,-6.3358
R_1tF44F7FHycvmuJ,643d681fb11898ee6b771ccf,2026-03-29T15:09:18Z,2026-03-29T15:13:48Z,269.0,M_correct_weak,Male,66bffd8c97a80ac91e1087e0,55.0,1.0,18.0,13.0,-5.0,50.0,30.0,-20.0,20.0,unknown_man_word,dominant_woman_wins,Unknown_ManWord_ManWins,Dominant_WomanWins,B,B,1,0.75,20.093,11.148,5.493,M,correct,weak,Success,1,1,1,1,1,5,5,1,Male,1,0,Female,52.0,White,1,1,0,1,0,7.3235,6.6642
R_6dmwh4haXAGcoNv,54f8b0cdfdf99b5396a7d0a2,2026-03-29T15:07:20Z,2026-03-29T15:15:22Z,482.0,W_correct_strong,Female,6632944bbc110f7862810d5a,2.0,4.0,87.0,75.0,-12.0,50.0,25.0,-25.0,25.0,man_vs_man,dominant_woman_wins,ManVsMan_Awins,Dominant_WomanWins,A,A,1,0.75,19.397,20.725,20.462,W,correct,strong,Success,1,1,1,1,1,5,5,1,Female,1,0,Female,66.0,Hispanic,1,1,1,1,1,7.3235,20.6642
R_3mr7aAfmJuqr7tD,664170db77e2a8aff6b2bcc6,2026-03-29T15:10:51Z,2026-03-29T15:17:05Z,374.0,W_incorrect_strong,Female,65dca046786b41c22b4de4e6,1.0,4.0,88.0,79.0,-9.0,70.0,100.0,30.0,30.0,misleading_woman_looks_better,unknown_man_word,ObviousFails_WomanLooksBetter,Unknown_ManWord_ManWins,B,A,0,0.15,28.178,8.412,16.744,W,incorrect,strong,Failure,1,1,1,1,1,5,5,1,Male,0,0,Male,35.0,White,0,1,1,0,1,27.3235,-10.3358
R_7ds7b3xtpUxvmJW,675758f40df8b09c8aa98ad0,2026-03-29T15:22:17Z,2026-03-29T15:30:04Z,467.0,M_incorrect_strong,Male,633f03bb432dc8f74ab3a896,7.0,12.0,79.0,86.0,7.0,50.0,0.0,-50.0,50.0,misleading_man_looks_better,dominant_man_wins,ObviousFails_ManLooksBetter,Dominant_ManWins,B,A,0,0.25,82.438,39.601,12.308,M,incorrect,strong,Failure,1,1,1,1,1,5,5,1,Male,1,0,Male,72.0,Asian,1,1,0,0,1,7.3235,26.6642
R_6o4zJV2ig7kvHz3,5c75ca60adfe110018010ed5,2026-03-29T15:38:34Z,2026-03-29T15:43:39Z,305.0,M_correct_strong,Male,559c3e07fdf99b32b55f2d8d,3.0,5.0,85.0,74.0,-11.0,10.0,12.0,2.0,2.0,dominant_woman_wins,misleading_woman_looks_better,Dominant_WomanWins,ObviousFails_WomanLooksBetter,A,A,1,0.55,16.163,11.873,4.574,M,correct,strong,Success,1,1,1,1,1,5,5,1,,0,1,Male,28.0,White,0,1,0,1,1,-32.6765,-17.3358
R_1xWehFUxp0wtFXv,64527892acde0fbd392a41d6,2026-03-29T15:49:10Z,2026-03-29T15:55:36Z,385.0,M_incorrect_weak,Male,673b834c1ca9feb154a86523,47.0,89.0,15.0,27.0,12.0,1.0,0.0,-1.0,1.0,split_unknowns,dominant_woman_wins,SplitUnknowns_ManWins,Dominant_WomanWins,B,A,0,0.49,50.573,13.645,18.979,M,incorrect,weak,Failure,1,1,1,1,1,5,5,1,Male,1,0,Female,68.0,Black,1,1,0,0,0,-41.6765,22.6642
R_7QXJDpgOKLcAEyj,6159d4026fd4e22c9f1179c1,2026-03-29T16:18:03Z,2026-03-29T16:23:17Z,313.0,W_incorrect_strong,Female,66d9d8108156d32cbe34ee6f,8.0,10.0,77.0,66.0,-11.0,40.0,21.0,-19.0,19.0,misleading_woman_looks_better,man_vs_man,ObviousFails_WomanLooksBetter,ManVsMan_Awins,B,A,0,0.3,31.896,12.723,17.253,W,incorrect,strong,Failure,1,1,1,1,1,5,5,1,Female,1,0,Female,45.0,White,1,1,1,0,1,-2.6765,-0.3358
R_3qOsQOXkflrWjSG,6722e544617b4f90a6cbc061,2026-03-29T16:25:02Z,2026-03-29T16:29:16Z,253.0,W_incorrect_weak,Female,558b20eefdf99b7dfdbac3c9,43.0,76.0,21.0,26.0,5.0,10.0,71.0,61.0,61.0,misleading_woman_looks_better,unknown_woman_gk,ObviousFails_WomanLooksBetter,Unknown_WomanGK_ManWins,B,A,0,0.45,13.52,10.56,3.673,W,incorrect,weak,Failure,1,1,1,1,1,5,5,1,Female,1,0,Male,25.0,Asian,1,1,1,0,0,-32.6765,-20.3358
R_7cU31auwtM6LdtL,677c358117d1ac70048fd3c6,2026-03-29T16:10:05Z,2026-03-29T16:32:01Z,1315.0,M_incorrect_weak,Male,612962f44f151ddfd0298c52,42.0,12.0,23.0,11.0,-12.0,5.0,25.0,20.0,20.0,unknown_man_word,dominant_woman_wins,Unknown_ManWord_ManWins,Dominant_WomanWins,B,A,0,0.47,19.953,28.369,5.478,M,incorrect,weak,Failure,1,1,1,1,1,5,5,1,,0,1,Male,61.0,White,0,1,0,0,0,-37.6765,15.6642
R_17Qo02ksFgX2vnw,5cb9ca6814b3cb0017e4f7dd,2026-03-29T16:37:11Z,2026-03-29T16:40:40Z,209.0,M_incorrect_strong,Male,63ecff07b619306f41db42fa,2.0,1.0,87.0,78.0,-9.0,41.0,0.0,-41.0,41.0,misleading_man_looks_better,dominant_woman_wins,ObviousFails_ManLooksBetter,Dominant_WomanWins,B,A,0,0.3,20.198,4.98,4.755,M,incorrect,strong,Failure,1,1,1,1,1,5,5,1,Male,1,0,Male,43.0,White,1,1,0,0,1,-1.6765,-2.3358
R_5D7punYaveRlDdD,5c0676a61a20110001ea1a24,2026-03-29T16:44:27Z,2026-03-29T16:55:04Z,637.0,M_correct_strong,Male,5e059d2bb1fb05fd1f841142,5.0,5.0,82.0,90.0,8.0,50.0,50.0,0.0,0.0,dominant_man_wins,misleading_woman_looks_better,Dominant_ManWins,ObviousFails_WomanLooksBetter,A,A,1,0.75,79.329,58.669,23.178,M,correct,strong,Success,1,1,1,1,1,5,5,1,Female,0,0,Female,58.0,White,0,0,0,1,1,7.3235,12.6642
R_7oAN0cbxOiYRZon,5e408d408c3b932d74635ec1,2026-03-29T16:54:34Z,2026-03-29T16:57:58Z,203.0,W_correct_weak,Female,66db9db4324609f1a7231f49,57.0,1.0,21.0,33.0,12.0,10.0,20.0,10.0,10.0,identical_woman_woman,dominant_man_wins,Identical_WomanWoman_Bwins,Dominant_ManWins,B,B,1,0.55,17.201,8.08,6.64,W,correct,weak,Success,1,1,1,1,1,5,5,1,Male,0,0,Male,31.0,White,0,1,1,1,0,-32.6765,-14.3358
R_6m97V9uajQl4MZN,6409110921de1c850a685bf6,2026-03-29T16:50:25Z,2026-03-29T16:58:05Z,459.0,M_correct_weak,Male,5d951ede9b6f880018f63b6e,56.0,91.0,20.0,10.0,-10.0,76.0,98.0,22.0,22.0,split_unknowns,close_woman_wins,SplitUnknowns_ManWins,Close_WomanWins,B,B,1,0.88,31.672,10.322,16.24,M,correct,weak,Success,1,1,1,1,1,5,5,1,,0,1,Female,39.0,Black,0,1,0,1,0,33.3235,-6.3358
R_1dijJT5FztPkta6,6629a94eb6a02c614f1279cc,2026-03-29T17:23:19Z,2026-03-29T17:29:16Z,356.0,W_correct_strong,Female,6632944bbc110f7862810d5a,2.0,4.0,87.0,90.0,3.0,100.0,100.0,0.0,0.0,man_vs_man,dominant_woman_wins,ManVsMan_Awins,Dominant_WomanWins,A,A,1,1.0,22.475,7.305,3.611,W,correct,strong,Success,1,1,1,1,1,5,5,1,Female,1,0,Female,52.0,White,1,0,1,1,1,57.3235,6.6642
R_7Ld3EjkCoLOH7kp,5fb8b141a2e5dd63494c80f1,2026-03-29T17:36:47Z,2026-03-29T17:41:25Z,278.0,W_incorrect_weak,Female,671165ce01cd9c2699b90dc1,47.0,6.0,15.0,26.0,11.0,0.0,0.0,0.0,0.0,identical_woman_woman,misleading_man_looks_better,Identical_WomanWoman_Bwins,ObviousFails_ManLooksBetter,B,A,0,0.5,11.376,3.765,6.099,W,incorrect,weak,Failure,1,1,1,1,1,5,5,1,Female,1,0,Female,37.0,Hispanic,1,0,1,0,0,-42.6765,-8.3358
R_64HLsOKjThMDqkw,66293cef3c0a757dea883538,2026-03-29T18:15:17Z,2026-03-29T18:21:14Z,356.0,M_incorrect_strong,Male,66231fc6e1ecba676935943a,5.0,1.0,82.0,89.0,7.0,50.0,50.0,0.0,0.0,misleading_woman_looks_better,dominant_woman_wins,ObviousFails_WomanLooksBetter,Dominant_WomanWins,B,A,0,0.25,19.03,27.453,8.368,M,incorrect,strong,Failure,1,1,1,1,1,5,5,1,Male,1,0,Female,56.0,White,1,0,0,0,1,7.3235,10.6642
R_6Li4dw8GtBfqOw0,673bf98fb59b6d9e50a9080c,2026-03-29T18:07:53Z,2026-03-29T18:26:39Z,1125.0,W_correct_strong,Female,67ddbba0fa5e1ce984f9fb87,1.0,93.0,88.0,90.0,2.0,0.0,0.0,0.0,0.0,dominant_woman_wins,dominant_man_wins,Dominant_WomanWins,Dominant_ManWins,A,A,1,0.5,24.109,14.15,13.871,W,correct,strong,Success,1,1,1,1,1,5,5,1,Female,1,0,Male,28.0,White,1,0,1,1,1,-42.6765,-17.3358
R_1yhQEac3OefXhRv,65614c86be0b8460a11d0b64,2026-03-29T18:30:25Z,2026-03-29T18:35:09Z,283.0,W_correct_weak,Female,662945728093113a43ab8077,55.0,75.0,18.0,13.0,-5.0,0.0,25.0,25.0,25.0,split_unknowns,unknown_woman_gk,SplitUnknowns_ManWins,Unknown_WomanGK_ManWins,B,B,1,0.5,23.234,19.408,5.08,W,correct,weak,Success,1,1,1,1,1,5,5,1,Female,1,0,Male,32.0,White,1,1,1,1,0,-42.6765,-13.3358
R_7oHIVB5O1OKWp6d,5af23d2c5847970001e34be4,2026-03-29T18:31:56Z,2026-03-29T18:38:32Z,395.0,W_incorrect_strong,Female,641386b1cb9a9c1e3569d4ee,3.0,2.0,85.0,90.0,5.0,39.0,0.0,-39.0,39.0,misleading_woman_looks_better,dominant_woman_wins,ObviousFails_WomanLooksBetter,Dominant_WomanWins,B,A,0,0.3,27.352,10.606,7.544,W,incorrect,strong,Failure,1,1,1,1,1,5,5,1,Female,1,0,Female,58.0,White,1,1,1,0,1,-3.6765,12.6642
R_31paEqWldWdxT6b,6776f1e4b568c14c86e66cd9,2026-03-29T18:37:07Z,2026-03-29T18:43:03Z,356.0,M_correct_strong,Male,5c3a865019ceb400010c914a,2.0,2.0,87.0,90.0,3.0,25.0,25.0,0.0,0.0,dominant_woman_wins,misleading_man_looks_better,Dominant_WomanWins,ObviousFails_ManLooksBetter,A,A,1,0.63,16.088,14.154,10.814,M,correct,strong,Success,1,1,1,1,1,5,5,1,Female,0,0,Female,64.0,White,0,0,0,1,1,-17.6765,18.6642
R_6jQaFw7aVcQsGob,5ce3b2031497a8001684691f,2026-03-29T18:56:53Z,2026-03-29T19:00:52Z,238.0,M_correct_weak,Male,6750f7eb7c60e2b2c22aeaea,57.0,5.0,21.0,15.0,-6.0,5.0,11.0,6.0,6.0,split_unknowns,misleading_woman_looks_better,SplitUnknowns_ManWins,ObviousFails_WomanLooksBetter,B,B,1,0.53,24.076,36.849,7.714,M,correct,weak,Success,1,1,1,1,1,5,5,1,,0,1,Male,29.0,Asian,0,1,0,1,0,-37.6765,-16.3358
R_5lAcUBUWTNaRitf,6632baca722ad82b9522bfcb,2026-03-29T19:06:50Z,2026-03-29T19:14:12Z,441.0,M_incorrect_weak,Male,673b834c1ca9feb154a86523,47.0,89.0,15.0,24.0,9.0,10.0,5.0,-5.0,5.0,split_unknowns,dominant_woman_wins,SplitUnknowns_ManWins,Dominant_WomanWins,B,A,0,0.45,17.867,9.102,4.421,M,incorrect,weak,Failure,1,1,1,1,1,5,5,1,Female,0,0,Female,24.0,Asian,0,1,0,0,0,-32.6765,-21.3358
R_7PzcHU7Q4C2ghHt,66e5e0262fb2c24edceb8e26,2026-03-29T19:16:17Z,2026-03-29T19:25:02Z,525.0,W_correct_strong,Female,66200b032829f40f3664afdf,7.0,2.0,79.0,70.0,-9.0,75.0,15.0,-60.0,60.0,dominant_woman_wins,unknown_man_word,Dominant_WomanWins,Unknown_ManWord_ManWins,A,A,1,0.88,13.319,11.436,2.853,W,correct,strong,Success,1,1,1,1,1,5,5,1,,0,1,Male,37.0,White,0,1,1,1,1,32.3235,-8.3358
R_1tca8YRJEfBujXK,63ea5b695d3f16b10c21a530,2026-03-29T19:01:55Z,2026-03-29T19:26:00Z,1444.0,W_correct_weak,Female,652ecb92078fe073ab29b920,54.0,1.0,16.0,26.0,10.0,40.0,40.0,0.0,0.0,identical_woman_woman,dominant_man_wins,Identical_WomanWoman_Bwins,Dominant_ManWins,B,B,1,0.7,186.947,34.729,107.338,W,correct,weak,Success,1,1,1,1,1,5,5,1,Male,0,0,Male,48.0,Hispanic,0,0,1,1,0,-2.6765,2.6642
R_1o53aBg7Uvn6PUR,5e76d2652d882b2481d65066,2026-03-29T19:22:08Z,2026-03-29T19:30:28Z,499.0,M_incorrect_weak,Male,612962f44f151ddfd0298c52,42.0,12.0,23.0,29.0,6.0,10.0,10.0,0.0,0.0,unknown_man_word,dominant_woman_wins,Unknown_ManWord_ManWins,Dominant_WomanWins,B,A,0,0.45,17.381,19.339,3.921,M,incorrect,weak,Failure,1,1,1,1,1,5,5,1,Male,1,0,Female,26.0,Asian,1,0,0,0,0,-32.6765,-19.3358
R_3fCNRMqeynpCYtV,633f6d8b53e5f194a6f73724,2026-03-29T19:58:40Z,2026-03-29T20:03:40Z,299.0,W_incorrect_strong,Female,5d537c0cecc84200153075e9,4.0,4.0,84.0,90.0,6.0,50.0,50.0,0.0,0.0,unknown_man_word,misleading_woman_looks_better,Unknown_ManWord_ManWins,ObviousFails_WomanLooksBetter,B,A,0,0.25,18.544,9.194,5.756,W,incorrect,strong,Failure,1,1,1,1,1,5,5,1,Female,1,0,Male,45.0,White,1,0,1,0,1,7.3235,-0.3358
R_1r0Hjpe1F3xke2d,5fd6f3d6d15e6e6631abd0f1,2026-03-29T20:11:01Z,2026-03-29T20:20:23Z,562.0,W_incorrect_weak,Female,61496cada4d62f06804fa610,45.0,4.0,18.0,13.0,-5.0,100.0,100.0,0.0,0.0,identical_woman_woman,dominant_man_wins,Identical_WomanWoman_Bwins,Dominant_ManWins,B,A,0,0.0,85.209,7.395,7.305,W,incorrect,weak,Failure,1,1,1,1,1,5,5,1,,0,1,Female,36.0,White,0,0,1,0,0,57.3235,-9.3358
R_5N8gRRrdAgR6KM6,5a49d6a06d85f80001c25bc4,2026-03-29T20:15:40Z,2026-03-29T20:24:17Z,517.0,M_correct_weak,Male,66bffd8c97a80ac91e1087e0,55.0,1.0,18.0,30.0,12.0,21.0,38.0,17.0,17.0,unknown_man_word,dominant_woman_wins,Unknown_ManWord_ManWins,Dominant_WomanWins,B,B,1,0.6,52.085,11.043,14.32,M,correct,weak,Success,1,1,1,1,1,5,5,1,,0,1,Female,62.0,White,0,1,0,1,0,-21.6765,16.6642
R_7anu1PYBIMjihV6,6517f127855e8baf0247b2dd,2026-03-29T20:25:42Z,2026-03-29T20:32:22Z,399.0,M_incorrect_strong,Male,63ecff07b619306f41db42fa,2.0,1.0,87.0,90.0,3.0,100.0,100.0,0.0,0.0,misleading_man_looks_better,dominant_woman_wins,ObviousFails_ManLooksBetter,Dominant_WomanWins,B,A,0,0.0,36.597,4.799,10.84,M,incorrect,strong,Failure,1,1,1,1,1,5,5,1,,0,1,Male,54.0,White,0,0,0,0,1,57.3235,8.6642
R_6WZ80xfXbTKagGK,5f0d2ad60ad0d6730c380b05,2026-03-29T20:03:41Z,2026-03-29T20:34:40Z,1859.0,M_correct_strong,Male,5e059d2bb1fb05fd1f841142,5.0,5.0,82.0,90.0,8.0,41.0,45.0,4.0,4.0,dominant_man_wins,misleading_woman_looks_better,Dominant_ManWins,ObviousFails_WomanLooksBetter,A,A,1,0.7,267.827,62.477,14.473,M,correct,strong,Success,1,1,1,1,1,5,5,1,,0,1,Male,53.0,White,0,1,0,1,1,-1.6765,7.6642
R_6A08DHwTLUHymye,610d6c481ca4797b863fe3d1,2026-03-29T20:41:21Z,2026-03-29T20:51:14Z,592.0,M_incorrect_weak,Male,66956649d7179281d46fa6f2,48.0,5.0,13.0,19.0,6.0,0.0,0.0,0.0,0.0,unknown_man_word,dominant_woman_wins,Unknown_ManWord_ManWins,Dominant_WomanWins,B,A,0,0.5,13.84,18.641,19.705,M,incorrect,weak,Failure,1,1,1,1,1,5,5,1,,0,1,Male,76.0,White,0,0,0,0,0,-42.6765,30.6642
R_3QsJg5b3G0o67cK,6665cd88654aed261dac715c,2026-03-29T21:14:16Z,2026-03-29T21:25:16Z,660.0,W_correct_strong,Female,6679dc943f855ba978447c25,8.0,89.0,77.0,69.0,-8.0,40.0,40.0,0.0,0.0,dominant_man_wins,close_woman_wins,Dominant_ManWins,Close_WomanWins,A,A,1,0.7,181.459,30.324,7.173,W,correct,strong,Success,1,1,1,1,1,5,5,1,Female,1,0,Male,26.0,Hispanic,1,0,1,1,1,-2.6765,-19.3358
R_7Kf0ZgXYpL4w3fj,66635646a7a1d8a178001236,2026-03-29T21:39:40Z,2026-03-29T21:51:24Z,703.0,M_correct_weak,Male,641385c88f29eb3264283818,48.0,2.0,13.0,18.0,5.0,5.0,25.0,20.0,20.0,close_woman_wins,dominant_woman_wins,Close_WomanWins,Dominant_WomanWins,A,A,1,0.53,49.003,26.709,20.371,M,correct,weak,Success,1,1,1,1,1,5,5,1,Male,1,0,Female,47.0,Black,1,1,0,1,0,-37.6765,1.6642
R_5zkGc1iIeC3BiAt,63d13b3934b1255e0954a471,2026-03-29T21:56:09Z,2026-03-29T21:59:56Z,226.0,M_incorrect_strong,Male,633f03bb432dc8f74ab3a896,7.0,12.0,79.0,89.0,10.0,30.0,35.0,5.0,5.0,misleading_man_looks_better,dominant_man_wins,ObviousFails_ManLooksBetter,Dominant_ManWins,B,A,0,0.35,10.371,4.309,2.673,M,incorrect,strong,Failure,1,1,1,1,1,5,5,1,Female,0,0,Female,24.0,White,0,1,0,0,1,-12.6765,-21.3358
R_7ZdqW2dXlzEJd7P,663ba3fdc11bf9fcf38072d6,2026-03-29T22:02:55Z,2026-03-29T22:11:12Z,497.0,W_correct_weak,Female,65e8ff784cc1b2fc71bc5368,49.0,5.0,12.0,10.0,-2.0,10.0,25.0,15.0,15.0,close_woman_wins,misleading_woman_looks_better,Close_WomanWins,ObviousFails_WomanLooksBetter,A,A,1,0.55,42.562,23.548,19.504,W,correct,weak,Success,1,1,1,1,1,5,5,1,Female,1,0,Female,58.0,White,1,1,1,1,0,-32.6765,12.6642
R_3X0cXJgEmuwfo17,676f28a680afa9fe2cf06ac0,2026-03-29T22:08:17Z,2026-03-29T22:18:18Z,600.0,W_incorrect_strong,Female,65cce024500351e8c8f7ff26,2.0,6.0,87.0,81.0,-6.0,71.0,61.0,-10.0,10.0,misleading_woman_looks_better,dominant_woman_wins,ObviousFails_WomanLooksBetter,Dominant_WomanWins,B,A,0,0.15,27.965,10.268,5.623,W,incorrect,strong,Failure,1,1,1,1,1,5,5,1,,0,1,Female,49.0,White,0,1,1,0,1,28.3235,3.6642
R_164uN7773WHKPBt,5dd329e3270f4433de53299a,2026-03-29T22:16:37Z,2026-03-29T22:20:59Z,261.0,M_correct_strong,Male,670d816961bebcb45b53b929,1.0,1.0,88.0,76.0,-12.0,100.0,100.0,0.0,0.0,dominant_woman_wins,misleading_man_looks_better,Dominant_WomanWins,ObviousFails_ManLooksBetter,A,A,1,1.0,19.054,13.74,8.478,M,correct,strong,Success,1,1,1,1,1,5,5,1,Male,1,0,Female,38.0,White,1,0,0,1,1,57.3235,-7.3358
R_5rHbDu7DE1cLcfn,5dd497b6238a9147bc6413f7,2026-03-29T22:24:53Z,2026-03-29T22:30:16Z,323.0,W_incorrect_weak,Female,5e9f3f09ccc75a0c345e4845,49.0,5.0,12.0,10.0,-2.0,29.0,20.0,-9.0,9.0,split_unknowns,misleading_woman_looks_better,SplitUnknowns_ManWins,ObviousFails_WomanLooksBetter,B,A,0,0.35,28.775,17.842,10.899,W,incorrect,weak,Failure,1,1,1,1,1,5,5,1,,0,1,Female,47.0,White,0,1,1,0,0,-13.6765,1.6642
R_6hMSgNHwpjc42w8,654fbd224eaf197c8678bd57,2026-03-29T22:37:37Z,2026-03-29T22:40:58Z,200.0,W_incorrect_weak,Female,63d5b810f3dbbd11e7e65870,48.0,98.0,13.0,10.0,-3.0,20.0,0.0,-20.0,20.0,misleading_woman_looks_better,close_woman_wins,ObviousFails_WomanLooksBetter,Close_WomanWins,B,A,0,0.4,18.686,8.524,2.971,W,incorrect,weak,Failure,1,1,1,1,1,5,5,1,Female,1,0,Female,30.0,Asian,1,1,1,0,0,-22.6765,-15.3358
R_1iURhM8JNWoNChH,6303fb5b692c378ba1d010f9,2026-03-29T22:31:51Z,2026-03-29T22:42:05Z,614.0,M_correct_weak,Male,5d951ede9b6f880018f63b6e,56.0,91.0,20.0,29.0,9.0,10.0,0.0,-10.0,10.0,split_unknowns,close_woman_wins,SplitUnknowns_ManWins,Close_WomanWins,B,B,1,0.55,55.679,46.752,15.308,M,correct,weak,Success,1,1,1,1,1,5,5,1,,0,1,Male,35.0,White,0,1,0,1,0,-32.6765,-10.3358
R_10UInBpK227j8ew,5ddc3d39fce606ba6f9e1fa4,2026-03-29T22:40:13Z,2026-03-29T22:44:45Z,271.0,M_incorrect_weak,Male,67aa52dcb66d138fca70a211,49.0,5.0,12.0,10.0,-2.0,75.0,0.0,-75.0,75.0,identical_woman_woman,misleading_man_looks_better,Identical_WomanWoman_Bwins,ObviousFails_ManLooksBetter,B,A,0,0.13,37.645,9.785,11.304,M,incorrect,weak,Failure,1,1,1,1,1,5,5,1,Male,1,0,Female,38.0,White,1,1,0,0,0,32.3235,-7.3358
R_7jcxfDZczd5UAin,5a9cc3cb1eda4100013675d0,2026-03-29T22:37:46Z,2026-03-29T22:48:44Z,658.0,M_correct_strong,Male,5c3a865019ceb400010c914a,2.0,2.0,87.0,90.0,3.0,60.0,60.0,0.0,0.0,dominant_woman_wins,misleading_man_looks_better,Dominant_WomanWins,ObviousFails_ManLooksBetter,A,A,1,0.8,35.193,17.636,15.759,M,correct,strong,Success,1,1,1,1,1,5,5,1,,0,1,Female,44.0,White,0,0,0,1,1,17.3235,-1.3358
R_7r8ruIpORoiVNEr,62c34c176c6a4ea6a71fd01a,2026-03-29T22:50:24Z,2026-03-29T22:54:56Z,272.0,W_incorrect_strong,Female,66d9d8108156d32cbe34ee6f,8.0,10.0,77.0,68.0,-9.0,29.0,25.0,-4.0,4.0,misleading_woman_looks_better,man_vs_man,ObviousFails_WomanLooksBetter,ManVsMan_Awins,B,A,0,0.35,21.979,9.355,7.197,W,incorrect,strong,Failure,1,1,1,1,1,5,5,1,Female,1,0,Female,41.0,White,1,1,1,0,1,-13.6765,-4.3358
R_3n3DyZl3PlYrHOh,5ffff3ac6fc9001772ea3312,2026-03-29T22:34:44Z,2026-03-29T22:55:10Z,1225.0,W_correct_strong,Female,6679dc943f855ba978447c25,8.0,89.0,77.0,66.0,-11.0,50.0,25.0,-25.0,25.0,dominant_man_wins,close_woman_wins,Dominant_ManWins,Close_WomanWins,A,A,1,0.75,13.257,8.575,4.14,W,correct,strong,Success,1,1,1,1,1,5,5,1,,0,1,Female,34.0,White,0,1,1,1,1,7.3235,-11.3358
R_6M4Z1VgEj0gmheZ,6676e8090b3f8feb94a4f00f,2026-03-29T22:49:26Z,2026-03-29T22:58:29Z,543.0,W_correct_weak,Female,66ccca31c45aad520357f3fb,52.0,1.0,13.0,25.0,12.0,50.0,100.0,50.0,50.0,identical_woman_woman,misleading_woman_looks_better,Identical_WomanWoman_Bwins,ObviousFails_WomanLooksBetter,B,B,1,0.75,46.092,34.743,23.408,W,correct,weak,Success,1,1,1,1,1,5,5,1,,0,1,Male,62.0,White,0,1,1,1,0,7.3235,16.6642
R_3fq37MRewAgQIx3,662fbb4163d7a1695a748636,2026-03-29T23:14:50Z,2026-03-29T23:20:14Z,323.0,M_incorrect_strong,Male,6745f39f437c441b19285a1a,4.0,4.0,84.0,77.0,-7.0,84.0,100.0,16.0,16.0,misleading_man_looks_better,dominant_woman_wins,ObviousFails_ManLooksBetter,Dominant_WomanWins,B,A,0,0.08,27.867,68.938,5.454,M,incorrect,strong,Failure,1,1,1,1,1,5,5,1,Male,1,0,Male,33.0,White,1,1,0,0,1,41.3235,-12.3358
R_1NyNoxDTcDYgUGq,63f7cf04c7b1a4c4972e9254,2026-03-29T23:19:02Z,2026-03-29T23:26:21Z,438.0,W_incorrect_strong,Female,5e05ab290db892fcd8036b1a,5.0,65.0,82.0,73.0,-9.0,100.0,100.0,0.0,0.0,misleading_man_looks_better,unknown_woman_gk,ObviousFails_ManLooksBetter,Unknown_WomanGK_ManWins,B,A,0,0.0,47.903,4.84,8.524,W,incorrect,strong,Failure,1,1,1,1,1,5,5,1,,0,1,Female,46.0,White,0,0,1,0,1,57.3235,0.6642
R_34grVbUMr7GxBmN,63d79678fb8c1b9072646c0a,2026-03-29T23:26:24Z,2026-03-29T23:44:53Z,1108.0,W_correct_strong,Female,660de2426df2c14f27678f6b,6.0,1.0,80.0,89.0,9.0,50.0,50.0,0.0,0.0,dominant_woman_wins,misleading_man_looks_better,Dominant_WomanWins,ObviousFails_ManLooksBetter,A,A,1,0.75,111.74,23.536,16.402,W,correct,strong,Success,1,1,1,1,1,5,5,1,Female,1,0,Female,53.0,White,1,0,1,1,1,7.3235,7.6642
R_1qfnE2wfvScyM6J,670f06ac031981b54b82d493,2026-03-29T23:44:48Z,2026-03-29T23:52:34Z,465.0,W_incorrect_weak,Female,671165ce01cd9c2699b90dc1,47.0,6.0,15.0,10.0,-5.0,50.0,25.0,-25.0,25.0,identical_woman_woman,misleading_man_looks_better,Identical_WomanWoman_Bwins,ObviousFails_ManLooksBetter,B,A,0,0.25,53.141,10.147,5.088,W,incorrect,weak,Failure,1,1,1,1,1,5,5,1,Female,1,0,Female,31.0,White,1,1,1,0,0,7.3235,-14.3358
R_3IXe0zaDkX6G4K5,65dba581504a6a75a4d6f016,2026-03-30T00:17:35Z,2026-03-30T00:23:33Z,358.0,M_correct_weak,Male,641385c88f29eb3264283818,48.0,2.0,13.0,10.0,-3.0,12.0,50.0,38.0,38.0,close_woman_wins,dominant_woman_wins,Close_WomanWins,Dominant_WomanWins,A,A,1,0.56,34.719,10.695,8.744,M,correct,weak,Success,1,1,1,1,1,5,5,1,Male,1,0,Female,36.0,White,1,1,0,1,0,-30.6765,-9.3358
R_7wM1NLGZAtn0Qil,653d4d16b6d4d4f047567e34,2026-03-30T00:58:40Z,2026-03-30T01:07:42Z,541.0,M_incorrect_weak,Male,5e5731e3e1e8b90e25c1f3a2,45.0,11.0,18.0,29.0,11.0,0.0,0.0,0.0,0.0,split_unknowns,misleading_man_looks_better,SplitUnknowns_ManWins,ObviousFails_ManLooksBetter,B,A,0,0.5,35.235,13.976,13.134,M,incorrect,weak,Failure,1,1,1,1,1,5,5,1,Male,1,0,Male,65.0,Hispanic,1,0,0,0,0,-42.6765,19.6642
R_5Xp91MSEbt0PKpQ,647ac61038145315017a60ae,2026-03-30T01:17:05Z,2026-03-30T01:24:42Z,457.0,M_incorrect_strong,Male,63ecff07b619306f41db42fa,2.0,1.0,87.0,90.0,3.0,75.0,75.0,0.0,0.0,misleading_man_looks_better,dominant_woman_wins,ObviousFails_ManLooksBetter,Dominant_WomanWins,B,A,0,0.13,30.325,12.771,11.928,M,incorrect,strong,Failure,1,1,1,1,1,5,5,1,Male,1,0,Male,61.0,White,1,0,0,0,1,32.3235,15.6642
R_5bT85dUFHeJDTBb,60fefa8d26f46e84a295b223,2026-03-30T01:25:02Z,2026-03-30T01:29:57Z,294.0,M_correct_strong,Male,561bbdf9811d22000df3138a,6.0,13.0,80.0,68.0,-12.0,70.0,10.0,-60.0,60.0,dominant_man_wins,dominant_woman_wins,Dominant_ManWins,Dominant_WomanWins,A,A,1,0.85,15.108,11.2,5.116,M,correct,strong,Success,1,1,1,1,1,5,5,1,,0,1,Female,24.0,Hispanic,0,1,0,1,1,27.3235,-21.3358
R_5fjTgjalChCqsdg,5c33d22b6f160f0001349d6b,2026-03-30T01:32:04Z,2026-03-30T01:47:34Z,929.0,W_correct_weak,Female,65e8ff784cc1b2fc71bc5368,49.0,5.0,12.0,10.0,-2.0,66.0,75.0,9.0,9.0,close_woman_wins,misleading_woman_looks_better,Close_WomanWins,ObviousFails_WomanLooksBetter,A,A,1,0.83,110.038,27.694,40.376,W,correct,weak,Success,1,1,1,1,1,5,5,1,Female,1,0,Male,70.0,White,1,1,1,1,0,23.3235,24.6642
R_6h9MaDols3GAzne,60ceeec3a0bed4a1e603b8d7,2026-03-30T01:46:59Z,2026-03-30T01:54:16Z,437.0,M_correct_weak,Male,66bffd8c97a80ac91e1087e0,55.0,1.0,18.0,29.0,11.0,0.0,25.0,25.0,25.0,unknown_man_word,dominant_woman_wins,Unknown_ManWord_ManWins,Dominant_WomanWins,B,B,1,0.5,9.637,5.724,3.098,M,correct,weak,Success,1,1,1,1,1,5,5,1,Male,1,0,Male,35.0,Asian,1,1,0,1,0,-42.6765,-10.3358
R_6EihuccUnq0sLpD,65c0001a211c74f0d87bb8cf,2026-03-30T01:49:31Z,2026-03-30T02:02:45Z,793.0,W_incorrect_strong,Female,5e05ab290db892fcd8036b1a,5.0,65.0,82.0,72.0,-10.0,21.0,40.0,19.0,19.0,misleading_man_looks_better,unknown_woman_gk,ObviousFails_ManLooksBetter,Unknown_WomanGK_ManWins,B,A,0,0.4,32.795,17.073,57.212,W,incorrect,strong,Failure,1,1,1,1,1,5,5,1,,0,1,Female,55.0,White,0,1,1,0,1,-21.6765,9.6642
R_7jp8QUUh7yoDM5r,65c193ee2725b7aa17d96235,2026-03-30T02:27:54Z,2026-03-30T02:36:47Z,533.0,W_correct_weak,Female,66e7853b4e311a12f93b5411,42.0,2.0,23.0,16.0,-7.0,10.0,100.0,90.0,90.0,close_woman_wins,dominant_woman_wins,Close_WomanWins,Dominant_WomanWins,A,A,1,0.55,56.012,13.506,7.886,W,correct,weak,Success,1,1,1,1,1,5,5,1,Female,1,0,Female,38.0,Black,1,1,1,1,0,-32.6765,-7.3358
R_3lxj4HAg0IKFAa2,5a74d7f717ef3500016ff92a,2026-03-30T02:33:31Z,2026-03-30T02:39:06Z,334.0,W_incorrect_weak,Female,61496cada4d62f06804fa610,45.0,4.0,18.0,23.0,5.0,5.0,5.0,0.0,0.0,identical_woman_woman,dominant_man_wins,Identical_WomanWoman_Bwins,Dominant_ManWins,B,A,0,0.47,37.144,5.128,5.131,W,incorrect,weak,Failure,1,1,1,1,1,5,5,1,Female,1,0,Female,35.0,White,1,0,1,0,0,-37.6765,-10.3358
R_1wiR4tBSkCcDbvc,64d63b117d0fcfc1cd8d6934,2026-03-30T02:30:12Z,2026-03-30T02:45:40Z,927.0,M_incorrect_weak,Male,673b834c1ca9feb154a86523,47.0,89.0,15.0,22.0,7.0,5.0,1.0,-4.0,4.0,split_unknowns,dominant_woman_wins,SplitUnknowns_ManWins,Dominant_WomanWins,B,A,0,0.47,62.76,33.407,30.475,M,incorrect,weak,Failure,1,1,1,1,1,5,5,1,,0,1,Male,50.0,Asian,0,1,0,0,0,-37.6765,4.6642
R_3X1wqJC2Dq9GlLr,673feeafa80a279f5cc63e33,2026-03-30T02:45:35Z,2026-03-30T03:00:40Z,904.0,M_correct_strong,Male,670d816961bebcb45b53b929,1.0,1.0,88.0,80.0,-8.0,40.0,25.0,-15.0,15.0,dominant_woman_wins,misleading_man_looks_better,Dominant_WomanWins,ObviousFails_ManLooksBetter,A,A,1,0.7,73.304,22.846,13.487,M,correct,strong,Success,1,1,1,1,1,5,5,1,Male,1,0,Female,62.0,White,1,1,0,1,1,-2.6765,16.6642
R_7hbLx5QngyBn9n3,6941901cb6f5559514afe451,2026-03-30T02:57:11Z,2026-03-30T03:03:44Z,393.0,W_correct_strong,Female,6632944bbc110f7862810d5a,2.0,4.0,87.0,75.0,-12.0,39.0,50.0,11.0,11.0,man_vs_man,dominant_woman_wins,ManVsMan_Awins,Dominant_WomanWins,A,A,1,0.7,19.402,7.733,6.842,W,correct,strong,Success,1,1,1,1,1,5,5,1,Female,1,0,Female,33.0,Hispanic,1,1,1,1,1,-3.6765,-12.3358
R_5KIctxcpJH8Fobq,613d59fbeec7294033d039b2,2026-03-30T03:08:04Z,2026-03-30T03:19:01Z,657.0,M_incorrect_strong,Male,5ee00b8630f30b34f2a5dc1c,6.0,4.0,80.0,68.0,-12.0,25.0,75.0,50.0,50.0,misleading_man_looks_better,dominant_man_wins,ObviousFails_ManLooksBetter,Dominant_ManWins,B,A,0,0.38,3.424,8.558,8.287,M,incorrect,strong,Failure,1,1,1,1,1,5,5,1,,0,1,Male,38.0,Asian,0,1,0,0,1,-17.6765,-7.3358
R_2OVZKaxzO47YBx1,67e42264dcb48e795254b422,2026-03-30T07:21:15Z,2026-03-30T07:30:47Z,571.0,W_incorrect_strong,Female,5d537c0cecc84200153075e9,4.0,4.0,84.0,76.0,-8.0,63.0,28.0,-35.0,35.0,unknown_man_word,misleading_woman_looks_better,Unknown_ManWord_ManWins,ObviousFails_WomanLooksBetter,B,A,0,0.18,13.125,7.785,8.782,W,incorrect,strong,Failure,1,1,1,1,1,5,5,1,Male,0,0,Female,50.0,Hispanic,0,1,1,0,1,20.3235,4.6642
R_7yugh5Oi4tbBRsd,66944966455e3ae8a9116480,2026-03-30T08:03:17Z,2026-03-30T08:49:17Z,2760.0,W_correct_strong,Female,61033627c32742424aeaaac1,3.0,3.0,85.0,90.0,5.0,75.0,80.0,5.0,5.0,dominant_woman_wins,misleading_woman_looks_better,Dominant_WomanWins,ObviousFails_WomanLooksBetter,A,A,1,0.88,33.225,36.915,3.475,W,correct,strong,Success,1,1,1,1,1,5,5,1,,0,1,Male,32.0,Asian,0,1,1,1,1,32.3235,-13.3358
R_6Eg4VyBRSbp0tK4,5f5bcd84009333376363c9aa,2026-03-30T09:02:52Z,2026-03-30T09:09:04Z,371.0,M_incorrect_strong,Male,63ecff07b619306f41db42fa,2.0,1.0,87.0,81.0,-6.0,100.0,100.0,0.0,0.0,misleading_man_looks_better,dominant_woman_wins,ObviousFails_ManLooksBetter,Dominant_WomanWins,B,A,0,0.0,44.751,13.193,8.128,M,incorrect,strong,Failure,1,1,1,1,1,5,5,1,,0,1,Female,46.0,White,0,0,0,0,1,57.3235,0.6642
R_5rVhLfXgCeku2ae,5ca1b03f2461ab0017c413e7,2026-03-30T09:42:05Z,2026-03-30T09:47:55Z,349.0,M_correct_strong,Male,670d816961bebcb45b53b929,1.0,1.0,88.0,90.0,2.0,74.0,77.0,3.0,3.0,dominant_woman_wins,misleading_man_looks_better,Dominant_WomanWins,ObviousFails_ManLooksBetter,A,A,1,0.87,19.453,9.952,5.668,M,correct,strong,Success,1,1,1,1,1,5,5,1,Female,0,0,Female,57.0,White,0,1,0,1,1,31.3235,11.6642
R_7i2axzrulD2u1ZT,5da8826d8d163e0015d33c0c,2026-03-30T11:04:18Z,2026-03-30T11:13:14Z,535.0,W_correct_weak,Female,59d7c0f750f88f000161eb21,53.0,19.0,15.0,20.0,5.0,10.0,0.0,-10.0,10.0,identical_woman_woman,misleading_man_looks_better,Identical_WomanWoman_Bwins,ObviousFails_ManLooksBetter,B,B,1,0.55,27.983,17.932,6.928,W,correct,weak,Success,1,1,1,1,1,5,5,1,Female,1,0,Female,45.0,Black,1,1,1,1,0,-32.6765,-0.3358
R_7KVG7lXpHBlxIUg,67f029e22e5e1c69ddbd02a7,2026-03-30T11:13:40Z,2026-03-30T11:23:55Z,614.0,M_correct_weak,Male,60ec54c58f88686dadb1a0c9,53.0,6.0,15.0,26.0,11.0,50.0,75.0,25.0,25.0,split_unknowns,dominant_man_wins,SplitUnknowns_ManWins,Dominant_ManWins,B,B,1,0.75,111.698,19.914,11.466,M,correct,weak,Success,1,1,1,1,1,5,5,1,Male,1,0,Male,35.0,Black,1,1,0,1,0,7.3235,-10.3358
R_5GtY0epjI38ezMR,631b822619211df6b4180d50,2026-03-30T11:45:53Z,2026-03-30T11:51:30Z,337.0,W_incorrect_weak,Female,558b20eefdf99b7dfdbac3c9,43.0,76.0,21.0,30.0,9.0,10.0,0.0,-10.0,10.0,misleading_woman_looks_better,unknown_woman_gk,ObviousFails_WomanLooksBetter,Unknown_WomanGK_ManWins,B,A,0,0.45,44.799,11.608,11.851,W,incorrect,weak,Failure,1,1,1,1,1,5,5,1,Female,1,0,Female,41.0,Asian,1,1,1,0,0,-32.6765,-4.3358
R_6z72F4lNoWZQOZg,65980dcc048d02626828cc34,2026-03-30T11:52:59Z,2026-03-30T11:57:08Z,249.0,M_incorrect_weak,Male,67aa52dcb66d138fca70a211,49.0,5.0,12.0,10.0,-2.0,20.0,0.0,-20.0,20.0,identical_woman_woman,misleading_man_looks_better,Identical_WomanWoman_Bwins,ObviousFails_ManLooksBetter,B,A,0,0.4,21.08,8.168,4.714,M,incorrect,weak,Failure,1,1,1,1,1,5,5,1,,0,1,Female,36.0,White,0,1,0,0,0,-22.6765,-9.3358
R_7UuyHyRHBsILhbr,5ee2a663afc30b40867d4535,2026-03-30T11:55:13Z,2026-03-30T12:00:32Z,318.0,W_incorrect_weak,Female,5e9f3f09ccc75a0c345e4845,49.0,5.0,12.0,23.0,11.0,50.0,25.0,-25.0,25.0,split_unknowns,misleading_woman_looks_better,SplitUnknowns_ManWins,ObviousFails_WomanLooksBetter,B,A,0,0.25,23.827,12.961,4.74,W,incorrect,weak,Failure,1,1,1,1,1,5,5,1,Female,1,0,Female,35.0,Hispanic,1,1,1,0,0,7.3235,-10.3358
R_3Xil3WGGPBAXbXF,63e52e3ee0aae357a344f00d,2026-03-30T12:13:13Z,2026-03-30T12:16:35Z,202.0,W_incorrect_strong,Female,641386b1cb9a9c1e3569d4ee,3.0,2.0,85.0,90.0,5.0,25.0,25.0,0.0,0.0,misleading_woman_looks_better,dominant_woman_wins,ObviousFails_WomanLooksBetter,Dominant_WomanWins,B,A,0,0.38,22.564,9.811,11.67,W,incorrect,strong,Failure,1,1,1,1,1,5,5,1,,0,1,Non-binary,47.0,White,0,0,1,0,1,-17.6765,1.6642
R_1vpz3iqcwAibEM9,6703a8492c7e38dd173549e5,2026-03-30T12:12:59Z,2026-03-30T12:20:20Z,441.0,M_correct_strong,Male,5e059d2bb1fb05fd1f841142,5.0,5.0,82.0,75.0,-7.0,50.0,50.0,0.0,0.0,dominant_man_wins,misleading_woman_looks_better,Dominant_ManWins,ObviousFails_WomanLooksBetter,A,A,1,0.75,37.902,35.303,13.24,M,correct,strong,Success,1,1,1,1,1,5,5,1,Male,1,0,Female,46.0,Black,1,0,0,1,1,7.3235,0.6642
R_6LLGmgCBmMSLnGx,6736017e076d3440b572571d,2026-03-30T12:38:31Z,2026-03-30T12:45:10Z,398.0,M_correct_weak,Male,566a3e0e7da0350012b3ec49,58.0,1.0,23.0,28.0,5.0,50.0,0.0,-50.0,50.0,unknown_man_word,dominant_woman_wins,Unknown_ManWord_ManWins,Dominant_WomanWins,B,B,1,0.75,53.757,26.322,10.739,M,correct,weak,Success,1,1,1,1,1,5,5,1,Female,0,0,Female,43.0,White,0,1,0,1,0,7.3235,-2.3358
R_3jONuAJVuQ8The5,66bdf79c29a4dd71ff4de0d0,2026-03-30T13:27:31Z,2026-03-30T13:30:20Z,169.0,M_incorrect_weak,Male,67aa52dcb66d138fca70a211,49.0,5.0,12.0,10.0,-2.0,0.0,0.0,0.0,0.0,identical_woman_woman,misleading_man_looks_better,Identical_WomanWoman_Bwins,ObviousFails_ManLooksBetter,B,A,0,0.5,12.22,4.042,2.311,M,incorrect,weak,Failure,1,1,1,1,1,5,5,1,Male,1,0,Female,30.0,White,1,0,0,0,0,-42.6765,-15.3358
R_5N8nwJ0F2sb6WOi,614ca018863895a0b6724719,2026-03-30T13:25:35Z,2026-03-30T13:32:19Z,404.0,W_correct_weak,Female,652ecb92078fe073ab29b920,54.0,1.0,16.0,10.0,-6.0,10.0,10.0,0.0,0.0,identical_woman_woman,dominant_man_wins,Identical_WomanWoman_Bwins,Dominant_ManWins,B,B,1,0.55,27.649,11.755,6.065,W,correct,weak,Success,1,1,1,1,1,5,5,1,Female,1,0,Female,39.0,Hispanic,1,0,1,1,0,-32.6765,-6.3358
R_1hrW8gbmZlaFKYx,67d4ab2b6bcf2affcb4d66ec,2026-03-30T14:18:06Z,2026-03-30T14:23:01Z,294.0,W_correct_strong,Female,660de2426df2c14f27678f6b,6.0,1.0,80.0,70.0,-10.0,60.0,50.0,-10.0,10.0,dominant_woman_wins,misleading_man_looks_better,Dominant_WomanWins,ObviousFails_ManLooksBetter,A,A,1,0.8,40.471,12.185,17.802,W,correct,strong,Success,1,1,1,1,1,5,5,1,Female,1,0,Female,71.0,White,1,1,1,1,1,17.3235,25.6642
R_5rUt4TrkXg2tTMu,5cc482bd8d2a1e001885c450,2026-03-30T14:24:52Z,2026-03-30T14:31:08Z,375.0,M_incorrect_strong,Male,6745f39f437c441b19285a1a,4.0,4.0,84.0,73.0,-11.0,0.0,0.0,0.0,0.0,misleading_man_looks_better,dominant_woman_wins,ObviousFails_ManLooksBetter,Dominant_WomanWins,B,A,0,0.5,22.584,9.872,12.41,M,incorrect,strong,Failure,1,1,1,1,1,5,5,1,,0,1,Male,57.0,White,0,0,0,0,1,-42.6765,11.6642
R_6C7tKRXl06St2a7,66329ac03be4f71f70f3d311,2026-03-30T14:36:52Z,2026-03-30T14:46:07Z,554.0,W_incorrect_strong,Female,641386b1cb9a9c1e3569d4ee,3.0,2.0,85.0,75.0,-10.0,65.0,100.0,35.0,35.0,misleading_woman_looks_better,dominant_woman_wins,ObviousFails_WomanLooksBetter,Dominant_WomanWins,B,A,0,0.17,16.846,5.159,11.922,W,incorrect,strong,Failure,1,1,1,1,1,5,5,1,Female,1,0,Female,58.0,White,1,1,1,0,1,22.3235,12.6642
R_6ptiozoDglV6INU,696171405853fc35f15a4872,2026-03-30T16:16:08Z,2026-03-30T16:22:23Z,375.0,M_correct_strong,Male,670d816961bebcb45b53b929,1.0,1.0,88.0,90.0,2.0,50.0,75.0,25.0,25.0,dominant_woman_wins,misleading_man_looks_better,Dominant_WomanWins,ObviousFails_ManLooksBetter,A,A,1,0.75,33.78,18.959,19.698,M,correct,strong,Success,1,1,1,1,1,5,5,1,Female,0,0,Female,43.0,White,0,1,0,1,1,7.3235,-2.3358
R_6WlUSG7J2SMwit3,61fa94315719bc09cb834ea0,2026-03-30T16:23:54Z,2026-03-30T16:27:48Z,234.0,M_incorrect_weak,Male,673b834c1ca9feb154a86523,47.0,89.0,15.0,10.0,-5.0,15.0,0.0,-15.0,15.0,split_unknowns,dominant_woman_wins,SplitUnknowns_ManWins,Dominant_WomanWins,B,A,0,0.42,24.271,5.559,8.833,M,incorrect,weak,Failure,1,1,1,1,1,5,5,1,Male,1,0,Male,57.0,White,1,1,0,0,0,-27.6765,11.6642
R_6ZZEIhmUMJfTn9C,5b476e05f2c50b0001a70e60,2026-03-30T16:38:56Z,2026-03-30T16:44:40Z,343.0,M_incorrect_strong,Male,66231fc6e1ecba676935943a,5.0,1.0,82.0,76.0,-6.0,100.0,0.0,-100.0,100.0,misleading_woman_looks_better,dominant_woman_wins,ObviousFails_WomanLooksBetter,Dominant_WomanWins,B,A,0,0.0,16.334,5.333,6.8,M,incorrect,strong,Failure,1,1,1,1,1,5,5,1,,0,1,Female,45.0,Black,0,1,0,0,1,57.3235,-0.3358
R_1fxAFv94k64ZNu3,5834a80a106ee1000120abd3,2026-03-30T16:56:39Z,2026-03-30T17:07:13Z,633.0,W_incorrect_weak,Female,63d5b810f3dbbd11e7e65870,48.0,98.0,13.0,25.0,12.0,100.0,50.0,-50.0,50.0,misleading_woman_looks_better,close_woman_wins,ObviousFails_WomanLooksBetter,Close_WomanWins,B,A,0,0.0,47.638,43.585,16.478,W,incorrect,weak,Failure,1,1,1,1,1,5,5,1,Female,1,0,Female,67.0,White,1,1,1,0,0,57.3235,21.6642
R_1DXOifmgnPj4mM1,6372453f88c3b11f26f5b84f,2026-03-30T17:00:51Z,2026-03-30T17:07:29Z,398.0,M_correct_weak,Male,60ec54c58f88686dadb1a0c9,53.0,6.0,15.0,10.0,-5.0,60.0,41.0,-19.0,19.0,split_unknowns,dominant_man_wins,SplitUnknowns_ManWins,Dominant_ManWins,B,B,1,0.8,66.301,27.66,7.969,M,correct,weak,Success,1,1,1,1,1,5,5,1,Female,0,0,Female,52.0,White,0,1,0,1,0,17.3235,6.6642
R_1Lj6pyUQm1N5iXb,5bdaaa751c73640001629a6c,2026-03-30T17:16:52Z,2026-03-30T17:21:04Z,251.0,W_correct_strong,Female,6679dc943f855ba978447c25,8.0,89.0,77.0,68.0,-9.0,75.0,50.0,-25.0,25.0,dominant_man_wins,close_woman_wins,Dominant_ManWins,Close_WomanWins,A,A,1,0.88,15.019,17.23,6.454,W,correct,strong,Success,1,1,1,1,1,5,5,1,Female,1,0,Female,43.0,White,1,1,1,1,1,32.3235,-2.3358
R_7xLecNNNHZZrLvU,5f527d381b73b45422c50abf,2026-03-30T17:28:07Z,2026-03-30T17:31:21Z,194.0,W_correct_weak,Female,652ecb92078fe073ab29b920,54.0,1.0,16.0,26.0,10.0,50.0,75.0,25.0,25.0,identical_woman_woman,dominant_man_wins,Identical_WomanWoman_Bwins,Dominant_ManWins,B,B,1,0.75,18.841,6.838,4.12,W,correct,weak,Success,1,1,1,1,1,5,5,1,Female,1,0,Female,37.0,White,1,1,1,1,0,7.3235,-8.3358
R_1qsevRycsBcnZVC,5e62ae018b697304c388e207,2026-03-30T17:36:26Z,2026-03-30T17:40:19Z,233.0,W_incorrect_weak,Female,5eb02a40b17a8c0868685d32,42.0,9.0,23.0,15.0,-8.0,50.0,25.0,-25.0,25.0,unknown_man_word,dominant_woman_wins,Unknown_ManWord_ManWins,Dominant_WomanWins,B,A,0,0.25,14.939,8.654,6.095,W,incorrect,weak,Failure,1,1,1,1,1,5,5,1,Female,1,0,Female,35.0,White,1,1,1,0,0,7.3235,-10.3358
R_5is9fsDVja3RqXv,5a0b8d4c7ecfc50001be130d,2026-03-30T17:33:43Z,2026-03-30T17:40:34Z,410.0,W_correct_weak,Female,662945728093113a43ab8077,55.0,75.0,18.0,10.0,-8.0,0.0,0.0,0.0,0.0,split_unknowns,unknown_woman_gk,SplitUnknowns_ManWins,Unknown_WomanGK_ManWins,B,B,1,0.5,31.716,24.655,10.576,W,correct,weak,Success,1,1,1,1,1,5,5,1,Female,1,0,Female,34.0,Black,1,0,1,1,0,-42.6765,-11.3358
R_3JVAZYxrV9Capq9,6550ddd43097bf717a4a7501,2026-03-30T17:37:22Z,2026-03-30T17:43:19Z,356.0,W_incorrect_strong,Female,66d9d8108156d32cbe34ee6f,8.0,10.0,77.0,88.0,11.0,60.0,75.0,15.0,15.0,misleading_woman_looks_better,man_vs_man,ObviousFails_WomanLooksBetter,ManVsMan_Awins,B,A,0,0.2,28.428,8.293,12.924,W,incorrect,strong,Failure,1,1,1,1,1,5,5,1,,0,1,Female,44.0,White,0,1,1,0,1,17.3235,-1.3358
R_1MtlKZYYXQRPIEV,5df2ebac820526203e557d37,2026-03-30T17:40:09Z,2026-03-30T17:52:56Z,767.0,M_incorrect_strong,Male,631c8e97db06f601f81bd82f,8.0,2.0,77.0,85.0,8.0,50.0,75.0,25.0,25.0,misleading_man_looks_better,dominant_man_wins,ObviousFails_ManLooksBetter,Dominant_ManWins,B,A,0,0.25,54.093,182.069,17.35,M,incorrect,strong,Failure,1,1,1,1,1,5,5,1,,0,1,Female,57.0,White,0,1,0,0,1,7.3235,11.6642
R_3VgLq2t1tFrSMMv,5fd0428072eedf0aad62ca5a,2026-03-30T17:49:50Z,2026-03-30T17:57:18Z,448.0,M_incorrect_weak,Male,5f2f03deec679e2cf4a992e6,46.0,6.0,16.0,25.0,9.0,41.0,21.0,-20.0,20.0,identical_woman_woman,dominant_man_wins,Identical_WomanWoman_Bwins,Dominant_ManWins,B,A,0,0.3,35.451,17.016,10.334,M,incorrect,weak,Failure,1,1,1,1,1,5,5,1,Male,1,0,Female,25.0,Hispanic,1,1,0,0,0,-1.6765,-20.3358
R_62hUOqwVU7mtpW9,674dd9ec044cab2778ab680f,2026-03-30T17:56:00Z,2026-03-30T18:00:42Z,281.0,M_correct_strong,Male,559c3e07fdf99b32b55f2d8d,3.0,5.0,85.0,75.0,-10.0,50.0,50.0,0.0,0.0,dominant_woman_wins,misleading_woman_looks_better,Dominant_WomanWins,ObviousFails_WomanLooksBetter,A,A,1,0.75,30.895,15.077,3.446,M,correct,strong,Success,1,1,1,1,1,5,5,1,,0,1,Female,23.0,White,0,0,0,1,1,7.3235,-22.3358
R_7nrwO9FP8uEW4fC,62dc0ab6f379d4efeede106c,2026-03-30T18:00:57Z,2026-03-30T18:08:57Z,479.0,M_correct_weak,Male,67dec78617088acfae7e4475,46.0,44.0,16.0,28.0,12.0,100.0,100.0,0.0,0.0,unknown_woman_gk,misleading_woman_looks_better,Unknown_WomanGK_ManWins,ObviousFails_WomanLooksBetter,A,A,1,1.0,33.051,10.989,11.265,M,correct,weak,Success,1,1,1,1,1,5,5,1,Male,1,0,Male,70.0,White,1,0,0,1,0,57.3235,24.6642
R_5EDVZSNkTbYQZEI,5ede89655600b51030337511,2026-03-30T17:57:57Z,2026-03-30T18:09:22Z,685.0,W_correct_strong,Female,6679dc943f855ba978447c25,8.0,89.0,77.0,68.0,-9.0,68.0,58.0,-10.0,10.0,dominant_man_wins,close_woman_wins,Dominant_ManWins,Close_WomanWins,A,A,1,0.84,11.076,5.371,4.349,W,correct,strong,Success,1,1,1,1,1,5,5,1,Female,1,0,Female,34.0,White,1,1,1,1,1,25.3235,-11.3358
R_1Vpv14YHwoBSbur,60c12fe6ca8c4aa6d0185190,2026-03-30T18:21:32Z,2026-03-30T18:27:09Z,337.0,W_correct_weak,Female,66ccca31c45aad520357f3fb,52.0,1.0,13.0,10.0,-3.0,100.0,21.0,-79.0,79.0,identical_woman_woman,misleading_woman_looks_better,Identical_WomanWoman_Bwins,ObviousFails_WomanLooksBetter,B,B,1,1.0,26.808,11.76,12.31,W,correct,weak,Success,1,1,1,1,1,5,5,1,Female,1,0,Male,41.0,Black,1,1,1,1,0,57.3235,-4.3358
R_7fuu4nKUELJRkkx,65c2ded5184a84b2f8faec6d,2026-03-30T18:22:53Z,2026-03-30T18:31:10Z,497.0,M_incorrect_weak,Male,612962f44f151ddfd0298c52,42.0,12.0,23.0,15.0,-8.0,5.0,2.0,-3.0,3.0,unknown_man_word,dominant_woman_wins,Unknown_ManWord_ManWins,Dominant_WomanWins,B,A,0,0.47,41.905,24.02,16.964,M,incorrect,weak,Failure,1,1,1,1,1,5,5,1,Male,1,0,Female,42.0,Black,1,1,0,0,0,-37.6765,-3.3358
R_7wRiPQO9K6p1QPk,64db7a4850be99df7d90917f,2026-03-30T18:31:29Z,2026-03-30T18:34:33Z,183.0,M_correct_strong,Male,6596d692ac956830b68776e0,8.0,6.0,77.0,82.0,5.0,20.0,40.0,20.0,20.0,dominant_man_wins,misleading_woman_looks_better,Dominant_ManWins,ObviousFails_WomanLooksBetter,A,A,1,0.6,21.329,12.518,4.464,M,correct,strong,Success,1,1,1,1,1,5,5,1,Male,1,0,Female,47.0,Black,1,1,0,1,1,-22.6765,1.6642
R_3dLijwOKISDY0UN,6103c1b2686f763046713aae,2026-03-30T18:27:50Z,2026-03-30T18:35:40Z,469.0,W_incorrect_weak,Female,61496cada4d62f06804fa610,45.0,4.0,18.0,29.0,11.0,25.0,12.0,-13.0,13.0,identical_woman_woman,dominant_man_wins,Identical_WomanWoman_Bwins,Dominant_ManWins,B,A,0,0.38,60.612,11.18,3.173,W,incorrect,weak,Failure,1,1,1,1,1,5,5,1,Female,1,0,Female,30.0,Asian,1,1,1,0,0,-17.6765,-15.3358
R_1fijbPynN5iwAQF,610083e237911150228b94d1,2026-03-30T18:37:08Z,2026-03-30T18:40:53Z,225.0,W_incorrect_strong,Female,641386b1cb9a9c1e3569d4ee,3.0,2.0,85.0,75.0,-10.0,25.0,25.0,0.0,0.0,misleading_woman_looks_better,dominant_woman_wins,ObviousFails_WomanLooksBetter,Dominant_WomanWins,B,A,0,0.38,13.533,8.235,4.833,W,incorrect,strong,Failure,1,1,1,1,1,5,5,1,Female,1,0,Female,24.0,White,1,0,1,0,1,-17.6765,-21.3358
R_516Ynuj6orGZAxE,63f475b884d0d0c4c0579f7c,2026-03-30T18:37:48Z,2026-03-30T18:42:50Z,301.0,W_correct_strong,Female,6632944bbc110f7862810d5a,2.0,4.0,87.0,90.0,3.0,0.0,0.0,0.0,0.0,man_vs_man,dominant_woman_wins,ManVsMan_Awins,Dominant_WomanWins,A,A,1,0.5,15.981,7.305,17.116,W,correct,strong,Success,1,1,1,1,1,5,5,1,Male,0,0,Male,60.0,White,0,0,1,1,1,-42.6765,14.6642
R_738NBwvzi8omTgn,5c13fe88896dda000149b87a,2026-03-30T18:38:29Z,2026-03-30T18:44:16Z,347.0,M_correct_weak,Male,6750f7eb7c60e2b2c22aeaea,57.0,5.0,21.0,15.0,-6.0,25.0,50.0,25.0,25.0,split_unknowns,misleading_woman_looks_better,SplitUnknowns_ManWins,ObviousFails_WomanLooksBetter,B,B,1,0.63,26.047,8.419,7.096,M,correct,weak,Success,1,1,1,1,1,5,5,1,Male,1,0,Female,30.0,White,1,1,0,1,0,-17.6765,-15.3358
R_7hG9m5jyaV9h1Qz,67cf114d88ac6082ae5c17bd,2026-03-30T18:35:40Z,2026-03-30T18:46:40Z,659.0,M_incorrect_strong,Male,62877d5f6a054e53313ac916,97.0,99.0,85.0,79.0,-6.0,100.0,100.0,0.0,0.0,man_vs_man,split_unknowns,ManVsMan_Awins,SplitUnknowns_ManWins,A,B,0,0.0,23.079,11.919,13.343,M,incorrect,strong,Failure,1,1,1,1,1,5,5,1,Male,1,0,Female,55.0,White,1,0,0,0,1,57.3235,9.6642
R_7msEyN1BcdRNQ3D,5c2da96d0091e40001cb708c,2026-03-30T18:51:53Z,2026-03-30T18:56:23Z,270.0,W_incorrect_weak,Female,671165ce01cd9c2699b90dc1,47.0,6.0,15.0,26.0,11.0,50.0,0.0,-50.0,50.0,identical_woman_woman,misleading_man_looks_better,Identical_WomanWoman_Bwins,ObviousFails_ManLooksBetter,B,A,0,0.25,59.073,11.914,12.041,W,incorrect,weak,Failure,1,1,1,1,1,5,5,1,Female,1,0,Male,42.0,White,1,1,1,0,0,7.3235,-3.3358
R_3x9MejpNFCfKl33,5f82efa422d3c740b3e41b30,2026-03-30T18:55:48Z,2026-03-30T19:00:59Z,311.0,M_correct_weak,Male,5d951ede9b6f880018f63b6e,56.0,91.0,20.0,14.0,-6.0,80.0,60.0,-20.0,20.0,split_unknowns,close_woman_wins,SplitUnknowns_ManWins,Close_WomanWins,B,B,1,0.9,28.095,15.451,14.163,M,correct,weak,Success,1,1,1,1,1,5,5,1,,0,1,Male,38.0,White,0,1,0,1,0,37.3235,-7.3358
R_5pJw44iD8sOQXrV,5f4ae7cb6b68b56c2acb12c8,2026-03-30T18:58:40Z,2026-03-30T19:04:28Z,347.0,W_correct_weak,Female,66db9db4324609f1a7231f49,57.0,1.0,21.0,16.0,-5.0,100.0,100.0,0.0,0.0,identical_woman_woman,dominant_man_wins,Identical_WomanWoman_Bwins,Dominant_ManWins,B,B,1,1.0,21.193,4.308,9.437,W,correct,weak,Success,1,1,1,1,1,5,5,1,Female,1,0,Female,45.0,White,1,0,1,1,0,57.3235,-0.3358
R_6aP2hTc8BE2B0IK,5edbedb8957a4d8833c8df3c,2026-03-30T19:02:04Z,2026-03-30T19:08:41Z,397.0,M_correct_strong,Male,561bbdf9811d22000df3138a,6.0,13.0,80.0,90.0,10.0,25.0,70.0,45.0,45.0,dominant_man_wins,dominant_woman_wins,Dominant_ManWins,Dominant_WomanWins,A,A,1,0.63,48.586,18.557,12.657,M,correct,strong,Success,1,1,1,1,1,5,5,1,,0,1,Female,47.0,White,0,1,0,1,1,-17.6765,1.6642
R_6N3N3sJ3wyuaFfh,608e2cb9067eb028500433d5,2026-03-30T19:20:26Z,2026-03-30T19:27:51Z,445.0,M_incorrect_weak,Male,5ced8f96a726ed0015d31452,43.0,1.0,21.0,28.0,7.0,20.0,51.0,31.0,31.0,identical_woman_woman,dominant_man_wins,Identical_WomanWoman_Bwins,Dominant_ManWins,B,A,0,0.4,50.178,38.442,12.205,M,incorrect,weak,Failure,1,1,1,1,1,5,5,1,Female,0,0,Female,70.0,White,0,1,0,0,0,-22.6765,24.6642
R_5fpnx8ervzgXnZL,66da4f0435c1dd78248c1c0a,2026-03-30T20:15:05Z,2026-03-30T20:21:42Z,397.0,M_incorrect_strong,Male,62877d5f6a054e53313ac916,97.0,99.0,85.0,90.0,5.0,50.0,0.0,-50.0,50.0,man_vs_man,split_unknowns,ManVsMan_Awins,SplitUnknowns_ManWins,A,B,0,0.25,47.04,15.149,11.633,M,incorrect,strong,Failure,1,1,1,1,1,5,5,1,Male,1,0,Male,65.0,Hispanic,1,1,0,0,1,7.3235,19.6642
R_6DSeXfJyCuX5huK,61109efff90b5bcc15b68b75,2026-03-30T20:07:47Z,2026-03-30T20:24:16Z,989.0,W_correct_strong,Female,67ddbba0fa5e1ce984f9fb87,1.0,93.0,88.0,90.0,2.0,10.0,50.0,40.0,40.0,dominant_woman_wins,dominant_man_wins,Dominant_WomanWins,Dominant_ManWins,A,A,1,0.55,27.028,18.86,12.518,W,correct,strong,Success,1,1,1,1,1,5,5,1,Female,1,0,Male,52.0,White,1,1,1,1,1,-32.6765,6.6642
R_1Z7INHe5IZugssp,582080a4cc5f08000103c98d,2026-03-30T20:27:33Z,2026-03-30T20:31:54Z,261.0,W_incorrect_strong,Female,66d9d8108156d32cbe34ee6f,8.0,10.0,77.0,83.0,6.0,30.0,30.0,0.0,0.0,misleading_woman_looks_better,man_vs_man,ObviousFails_WomanLooksBetter,ManVsMan_Awins,B,A,0,0.35,18.558,6.295,5.604,W,incorrect,strong,Failure,1,1,1,1,1,5,5,1,Female,1,0,Female,37.0,White,1,0,1,0,1,-12.6765,-8.3358
R_3X7ijJ4F0kdzz1f,664d46ad7cc1780eecfd0c24,2026-03-30T20:57:27Z,2026-03-30T21:03:07Z,339.0,M_correct_strong,Male,559c3e07fdf99b32b55f2d8d,3.0,5.0,85.0,90.0,5.0,79.0,40.0,-39.0,39.0,dominant_woman_wins,misleading_woman_looks_better,Dominant_WomanWins,ObviousFails_WomanLooksBetter,A,A,1,0.9,29.002,18.765,13.247,M,correct,strong,Success,1,1,1,1,1,5,5,1,,0,1,Male,27.0,Hispanic,0,1,0,1,1,36.3235,-18.3358
R_7hxUzms5eR5TbKx,64a5e28179aa71f8f7d29e69,2026-03-30T21:00:38Z,2026-03-30T21:06:02Z,324.0,M_correct_weak,Male,641385c88f29eb3264283818,48.0,2.0,13.0,10.0,-3.0,0.0,50.0,50.0,50.0,close_woman_wins,dominant_woman_wins,Close_WomanWins,Dominant_WomanWins,A,A,1,0.5,40.45,11.328,10.162,M,correct,weak,Success,1,1,1,1,1,5,5,1,Female,0,0,Female,57.0,White,0,1,0,1,0,-42.6765,11.6642
R_7U0lzPkpLwZJO2X,63f7b27319a37f8027aa8c6d,2026-03-30T21:07:40Z,2026-03-30T21:13:16Z,336.0,M_incorrect_strong,Male,633f03bb432dc8f74ab3a896,7.0,12.0,79.0,71.0,-8.0,30.0,20.0,-10.0,10.0,misleading_man_looks_better,dominant_man_wins,ObviousFails_ManLooksBetter,Dominant_ManWins,B,A,0,0.35,27.623,19.802,10.316,M,incorrect,strong,Failure,1,1,1,1,1,5,5,1,Male,1,0,Female,35.0,White,1,1,0,0,1,-12.6765,-10.3358
R_5SAHSRsekCrSOd1,60a1e1f4a3707c983a98f185,2026-03-30T21:13:41Z,2026-03-30T21:20:03Z,382.0,W_incorrect_weak,Female,63d5b810f3dbbd11e7e65870,48.0,98.0,13.0,18.0,5.0,0.0,0.0,0.0,0.0,misleading_woman_looks_better,close_woman_wins,ObviousFails_WomanLooksBetter,Close_WomanWins,B,A,0,0.5,11.225,4.382,5.039,W,incorrect,weak,Failure,1,1,1,1,1,5,5,1,,0,1,Female,33.0,White,0,0,1,0,0,-42.6765,-12.3358
R_3JmB2ip6f4phDb3,65cba761b3d48a22dfc65d2f,2026-03-30T21:20:06Z,2026-03-30T21:24:41Z,275.0,W_incorrect_strong,Female,5e05ab290db892fcd8036b1a,5.0,65.0,82.0,72.0,-10.0,75.0,50.0,-25.0,25.0,misleading_man_looks_better,unknown_woman_gk,ObviousFails_ManLooksBetter,Unknown_WomanGK_ManWins,B,A,0,0.13,15.756,12.462,14.338,W,incorrect,strong,Failure,1,1,1,1,1,5,5,1,Female,1,0,Female,45.0,Asian,1,1,1,0,1,32.3235,-0.3358
R_1Bhahyvl2Ifawzl,5a82032017ef350001706e9a,2026-03-30T21:36:05Z,2026-03-30T21:44:35Z,510.0,W_correct_weak,Female,5b81e0a72ce68d0001fa68d5,56.0,12.0,20.0,25.0,5.0,20.0,25.0,5.0,5.0,split_unknowns,dominant_man_wins,SplitUnknowns_ManWins,Dominant_ManWins,B,B,1,0.6,52.686,24.73,19.446,W,correct,weak,Success,1,1,1,1,1,5,5,1,Female,1,0,Female,27.0,White,1,1,1,1,0,-22.6765,-18.3358
R_332a2z28vYyoXo5,60188f840bed1516385a7959,2026-03-30T21:38:35Z,2026-03-30T21:45:18Z,403.0,W_correct_strong,Female,6754246c81ce61cb6ffe887f,4.0,2.0,84.0,78.0,-6.0,50.0,39.0,-11.0,11.0,dominant_woman_wins,misleading_man_looks_better,Dominant_WomanWins,ObviousFails_ManLooksBetter,A,A,1,0.75,18.043,13.938,10.266,W,correct,strong,Success,1,1,1,1,1,5,5,1,Female,1,0,Female,39.0,White,1,1,1,1,1,7.3235,-6.3358
R_30M7iThUZjGIOXm,60f942bbd779c8d0f7cc3a99,2026-03-30T21:57:51Z,2026-03-30T22:01:41Z,229.0,M_incorrect_weak,Male,67aa52dcb66d138fca70a211,49.0,5.0,12.0,18.0,6.0,33.0,19.0,-14.0,14.0,identical_woman_woman,misleading_man_looks_better,Identical_WomanWoman_Bwins,ObviousFails_ManLooksBetter,B,A,0,0.33,17.39,12.239,12.797,M,incorrect,weak,Failure,1,1,1,1,1,5,5,1,,0,1,Female,41.0,White,0,1,0,0,0,-9.6765,-4.3358
R_1b4QmyVMzuMxyxj,5ac015efe1099600016a5d17,2026-03-30T21:57:46Z,2026-03-30T22:03:23Z,336.0,W_incorrect_strong,Female,66d9d8108156d32cbe34ee6f,8.0,10.0,77.0,72.0,-5.0,10.0,0.0,-10.0,10.0,misleading_woman_looks_better,man_vs_man,ObviousFails_WomanLooksBetter,ManVsMan_Awins,B,A,0,0.45,16.847,3.777,3.882,W,incorrect,strong,Failure,1,1,1,1,1,5,5,1,Female,1,0,Female,36.0,White,1,1,1,0,1,-32.6765,-9.3358
R_608nNONIFZ0UnsQ,659577f52ae73223e381362a,2026-03-30T22:16:35Z,2026-03-30T22:22:21Z,345.0,M_incorrect_strong,Male,63ecff07b619306f41db42fa,2.0,1.0,87.0,75.0,-12.0,90.0,75.0,-15.0,15.0,misleading_man_looks_better,dominant_woman_wins,ObviousFails_ManLooksBetter,Dominant_WomanWins,B,A,0,0.05,29.214,18.533,10.765,M,incorrect,strong,Failure,1,1,1,1,1,5,5,1,,0,1,Female,47.0,White,0,1,0,0,1,47.3235,1.6642
R_5VOSV60M9O3iQQ6,652359572fd30ff57dfea7fb,2026-03-30T22:19:55Z,2026-03-30T22:27:23Z,447.0,W_incorrect_weak,Female,63d5b810f3dbbd11e7e65870,48.0,98.0,13.0,21.0,8.0,0.0,0.0,0.0,0.0,misleading_woman_looks_better,close_woman_wins,ObviousFails_WomanLooksBetter,Close_WomanWins,B,A,0,0.5,36.697,11.429,13.732,W,incorrect,weak,Failure,1,1,1,1,1,5,5,1,Female,1,0,Female,54.0,White,1,0,1,0,0,-42.6765,8.6642
R_6Vqq8m27jvkJhzN,595d77593bc7aa0001037162,2026-03-30T22:45:35Z,2026-03-30T22:50:45Z,310.0,M_incorrect_weak,Male,66956649d7179281d46fa6f2,48.0,5.0,13.0,10.0,-3.0,20.0,20.0,0.0,0.0,unknown_man_word,dominant_woman_wins,Unknown_ManWord_ManWins,Dominant_WomanWins,B,A,0,0.4,33.707,8.93,5.936,M,incorrect,weak,Failure,1,1,1,1,1,5,5,1,,0,1,Female,36.0,White,0,0,0,0,0,-22.6765,-9.3358
R_1khbJU51k8hZWpl,5c05dde7d183df000142a020,2026-03-30T22:49:06Z,2026-03-30T22:52:10Z,184.0,M_correct_strong,Male,5c3a865019ceb400010c914a,2.0,2.0,87.0,81.0,-6.0,74.0,77.0,3.0,3.0,dominant_woman_wins,misleading_man_looks_better,Dominant_WomanWins,ObviousFails_ManLooksBetter,A,A,1,0.87,6.264,9.842,2.144,M,correct,strong,Success,1,1,1,1,1,5,5,1,Male,1,0,Female,31.0,White,1,1,0,1,1,31.3235,-14.3358
R_71WRCj0jlWHwBio,66c0df311f98d7c9661669d9,2026-03-30T22:51:18Z,2026-03-30T22:56:07Z,288.0,W_correct_weak,Female,652ecb92078fe073ab29b920,54.0,1.0,16.0,10.0,-6.0,25.0,50.0,25.0,25.0,identical_woman_woman,dominant_man_wins,Identical_WomanWoman_Bwins,Dominant_ManWins,B,B,1,0.63,18.658,6.118,3.122,W,correct,weak,Success,1,1,1,1,1,5,5,1,Female,1,0,Female,30.0,White,1,1,1,1,0,-17.6765,-15.3358
R_6h1LcXrfFnLvqud,648dd5ff84a1dfe40201f286,2026-03-30T22:51:24Z,2026-03-30T22:57:51Z,386.0,M_correct_weak,Male,66bffd8c97a80ac91e1087e0,55.0,1.0,18.0,24.0,6.0,28.0,50.0,22.0,22.0,unknown_man_word,dominant_woman_wins,Unknown_ManWord_ManWins,Dominant_WomanWins,B,B,1,0.64,35.228,47.185,8.725,M,correct,weak,Success,1,1,1,1,1,5,5,1,,0,1,Female,67.0,White,0,1,0,1,0,-14.6765,21.6642
R_7N3UJfMtHTeGaTg,63fa47854a6eae0d497059e5,2026-03-30T22:53:56Z,2026-03-30T23:01:57Z,481.0,W_correct_strong,Female,6754246c81ce61cb6ffe887f,4.0,2.0,84.0,90.0,6.0,50.0,50.0,0.0,0.0,dominant_woman_wins,misleading_man_looks_better,Dominant_WomanWins,ObviousFails_ManLooksBetter,A,A,1,0.75,19.09,24.639,15.799,W,correct,strong,Success,1,1,1,1,1,5,5,1,Female,1,0,Female,37.0,White,1,0,1,1,1,7.3235,-8.3358
R_3FOrRsGKjbEkdpf,5f50468c0868af1baaec306c,2026-03-30T22:59:12Z,2026-03-30T23:03:09Z,237.0,W_incorrect_weak,Female,558b20eefdf99b7dfdbac3c9,43.0,76.0,21.0,32.0,11.0,9.0,9.0,0.0,0.0,misleading_woman_looks_better,unknown_woman_gk,ObviousFails_WomanLooksBetter,Unknown_WomanGK_ManWins,B,A,0,0.46,21.777,9.85,4.996,W,incorrect,weak,Failure,1,1,1,1,1,5,5,1,,0,1,Female,29.0,White,0,0,1,0,0,-33.6765,-16.3358
R_6cVLAMgqtWI6ivT,67f000137a872d98794640b1,2026-03-30T23:08:00Z,2026-03-30T23:13:59Z,359.0,W_correct_weak,Female,66db9db4324609f1a7231f49,57.0,1.0,21.0,32.0,11.0,22.0,25.0,3.0,3.0,identical_woman_woman,dominant_man_wins,Identical_WomanWoman_Bwins,Dominant_ManWins,B,B,1,0.61,64.881,39.89,11.643,W,correct,weak,Success,1,1,1,1,1,5,5,1,Female,1,0,Female,22.0,White,1,1,1,1,0,-20.6765,-23.3358
R_5wntXZXalOYGNqh,59e29e405de9b000017ecebf,2026-03-30T23:14:09Z,2026-03-30T23:21:18Z,429.0,M_incorrect_weak,Male,66956649d7179281d46fa6f2,48.0,5.0,13.0,10.0,-3.0,0.0,0.0,0.0,0.0,unknown_man_word,dominant_woman_wins,Unknown_ManWord_ManWins,Dominant_WomanWins,B,A,0,0.5,32.271,14.871,18.625,M,incorrect,weak,Failure,1,1,1,1,1,5,5,1,Male,1,0,Female,38.0,Hispanic,1,0,0,0,0,-42.6765,-7.3358
